ISO-10303-21;
HEADER;
/* Generated by software containing ST-Developer
 * from STEP Tools, Inc. (www.steptools.com) 
 */
/* OPTION: using custom renumber hook */

FILE_DESCRIPTION(
/* description */ ('STEP AP242',
'CAx-IF Rec.Pracs.---Representation and Presentation of Product Manufa
cturing Information (PMI)---4.0---2014-10-13',
'CAx-IF Rec.Pracs.---3D Tessellated Geometry---0.4---2014-09-14','2;1'),

/* implementation_level */ '2;1');

FILE_NAME(
/* name */ '68bae94649b7f06a169df9b5',
/* time_stamp */ '2025-09-05T13:44:39Z',
/* author */ (''),
/* organization */ (''),
/* preprocessor_version */ 'ST-DEVELOPER v20',
/* originating_system */ 'ONSHAPE BY PTC INC, 1.203',
/* authorisation */ '  ');

FILE_SCHEMA (('AP242_MANAGED_MODEL_BASED_3D_ENGINEERING_MIM_LF { 1 0 10303 442 1 1 4 }'));
ENDSEC;

DATA;
#10=DRAUGHTING_PRE_DEFINED_COLOUR('black');
#11=CIRCLE('',#5116,0.005);
#12=CIRCLE('',#5251,0.003);
#13=CIRCLE('',#5252,0.003);
#14=CIRCLE('',#5255,0.003);
#15=CIRCLE('',#5256,0.003);
#16=CIRCLE('',#5258,0.005);
#17=CIRCLE('',#5259,0.005);
#18=CIRCLE('',#5287,0.00313);
#19=CIRCLE('',#5294,0.00487);
#20=CIRCLE('',#5423,0.00313);
#21=CIRCLE('',#5424,0.00313);
#22=CIRCLE('',#5427,0.00313);
#23=CIRCLE('',#5429,0.00487);
#24=CIRCLE('',#5430,0.00487);
#25=CIRCLE('',#5460,0.0017);
#26=CIRCLE('',#5461,0.0017);
#27=CIRCLE('',#5463,0.003);
#28=CIRCLE('',#5464,0.003);
#29=CIRCLE('',#5469,0.0163335284392741);
#30=CIRCLE('',#5470,0.0163335284392741);
#31=CIRCLE('',#5475,0.0163335284392741);
#32=CIRCLE('',#5476,0.0163335284392741);
#33=CIRCLE('',#5483,0.003);
#34=CIRCLE('',#5484,0.003);
#35=CIRCLE('',#5486,0.0017);
#36=CIRCLE('',#5487,0.0017);
#37=CYLINDRICAL_SURFACE('',#5115,0.005);
#38=CYLINDRICAL_SURFACE('',#5250,0.003);
#39=CYLINDRICAL_SURFACE('',#5254,0.003);
#40=CYLINDRICAL_SURFACE('',#5260,0.005);
#41=CYLINDRICAL_SURFACE('',#5261,0.005);
#42=CYLINDRICAL_SURFACE('',#5262,0.006);
#43=CYLINDRICAL_SURFACE('',#5263,0.006);
#44=CYLINDRICAL_SURFACE('',#5264,0.006);
#45=CYLINDRICAL_SURFACE('',#5265,0.006);
#46=CYLINDRICAL_SURFACE('',#5266,0.006);
#47=CYLINDRICAL_SURFACE('',#5267,0.006);
#48=CYLINDRICAL_SURFACE('',#5268,0.006);
#49=CYLINDRICAL_SURFACE('',#5269,0.006);
#50=CYLINDRICAL_SURFACE('',#5270,0.006);
#51=CYLINDRICAL_SURFACE('',#5271,0.006);
#52=CYLINDRICAL_SURFACE('',#5272,0.006);
#53=CYLINDRICAL_SURFACE('',#5273,0.006);
#54=CYLINDRICAL_SURFACE('',#5274,0.006);
#55=CYLINDRICAL_SURFACE('',#5275,0.006);
#56=CYLINDRICAL_SURFACE('',#5276,0.006);
#57=CYLINDRICAL_SURFACE('',#5277,0.006);
#58=CYLINDRICAL_SURFACE('',#5278,0.006);
#59=CYLINDRICAL_SURFACE('',#5279,0.006);
#60=CYLINDRICAL_SURFACE('',#5280,0.006);
#61=CYLINDRICAL_SURFACE('',#5281,0.006);
#62=CYLINDRICAL_SURFACE('',#5282,0.006);
#63=CYLINDRICAL_SURFACE('',#5283,0.006);
#64=CYLINDRICAL_SURFACE('',#5284,0.006);
#65=CYLINDRICAL_SURFACE('',#5285,0.006);
#66=CYLINDRICAL_SURFACE('',#5293,0.00487);
#67=CYLINDRICAL_SURFACE('',#5422,0.00313);
#68=CYLINDRICAL_SURFACE('',#5426,0.00313);
#69=CYLINDRICAL_SURFACE('',#5431,0.00487);
#70=CYLINDRICAL_SURFACE('',#5432,0.00487);
#71=CYLINDRICAL_SURFACE('',#5434,0.00587);
#72=CYLINDRICAL_SURFACE('',#5435,0.00587);
#73=CYLINDRICAL_SURFACE('',#5436,0.00587);
#74=CYLINDRICAL_SURFACE('',#5437,0.00587);
#75=CYLINDRICAL_SURFACE('',#5438,0.00587);
#76=CYLINDRICAL_SURFACE('',#5439,0.00587);
#77=CYLINDRICAL_SURFACE('',#5440,0.00587);
#78=CYLINDRICAL_SURFACE('',#5441,0.00587);
#79=CYLINDRICAL_SURFACE('',#5442,0.00587);
#80=CYLINDRICAL_SURFACE('',#5443,0.00587);
#81=CYLINDRICAL_SURFACE('',#5444,0.00587);
#82=CYLINDRICAL_SURFACE('',#5445,0.00587);
#83=CYLINDRICAL_SURFACE('',#5446,0.00587);
#84=CYLINDRICAL_SURFACE('',#5447,0.00587);
#85=CYLINDRICAL_SURFACE('',#5448,0.00587);
#86=CYLINDRICAL_SURFACE('',#5449,0.00587);
#87=CYLINDRICAL_SURFACE('',#5450,0.00587);
#88=CYLINDRICAL_SURFACE('',#5451,0.00587);
#89=CYLINDRICAL_SURFACE('',#5452,0.00587);
#90=CYLINDRICAL_SURFACE('',#5453,0.00587);
#91=CYLINDRICAL_SURFACE('',#5454,0.00587);
#92=CYLINDRICAL_SURFACE('',#5455,0.00587);
#93=CYLINDRICAL_SURFACE('',#5456,0.00587);
#94=CYLINDRICAL_SURFACE('',#5457,0.00587);
#95=CYLINDRICAL_SURFACE('',#5459,0.0017);
#96=CYLINDRICAL_SURFACE('',#5462,0.003);
#97=CYLINDRICAL_SURFACE('',#5468,0.0163335284392741);
#98=CYLINDRICAL_SURFACE('',#5474,0.0163335284392741);
#99=CYLINDRICAL_SURFACE('',#5482,0.003);
#100=CYLINDRICAL_SURFACE('',#5485,0.0017);
#101=OVER_RIDING_STYLED_ITEM('',(#4425),#4166,#4419);
#102=OVER_RIDING_STYLED_ITEM('',(#4426),#4167,#4419);
#103=OVER_RIDING_STYLED_ITEM('',(#4427),#4168,#4419);
#104=OVER_RIDING_STYLED_ITEM('',(#4428),#4169,#4419);
#105=OVER_RIDING_STYLED_ITEM('',(#4429),#4170,#4419);
#106=OVER_RIDING_STYLED_ITEM('',(#4430),#4171,#4419);
#107=OVER_RIDING_STYLED_ITEM('',(#4431),#4172,#4419);
#108=OVER_RIDING_STYLED_ITEM('',(#4432),#4173,#4419);
#109=OVER_RIDING_STYLED_ITEM('',(#4433),#4174,#4419);
#110=OVER_RIDING_STYLED_ITEM('',(#4434),#4175,#4419);
#111=OVER_RIDING_STYLED_ITEM('',(#4435),#4176,#4419);
#112=OVER_RIDING_STYLED_ITEM('',(#4436),#4177,#4419);
#113=OVER_RIDING_STYLED_ITEM('',(#4437),#4178,#4419);
#114=OVER_RIDING_STYLED_ITEM('',(#4438),#4179,#4419);
#115=OVER_RIDING_STYLED_ITEM('',(#4439),#4180,#4419);
#116=OVER_RIDING_STYLED_ITEM('',(#4440),#4181,#4419);
#117=OVER_RIDING_STYLED_ITEM('',(#4441),#4182,#4419);
#118=OVER_RIDING_STYLED_ITEM('',(#4442),#4183,#4419);
#119=OVER_RIDING_STYLED_ITEM('',(#4443),#4184,#4419);
#120=OVER_RIDING_STYLED_ITEM('',(#4444),#4185,#4419);
#121=OVER_RIDING_STYLED_ITEM('',(#4445),#4186,#4419);
#122=OVER_RIDING_STYLED_ITEM('',(#4446),#4187,#4419);
#123=OVER_RIDING_STYLED_ITEM('',(#4447),#4188,#4419);
#124=OVER_RIDING_STYLED_ITEM('',(#4448),#4189,#4419);
#125=OVER_RIDING_STYLED_ITEM('',(#4449),#4190,#4419);
#126=OVER_RIDING_STYLED_ITEM('',(#4450),#4191,#4419);
#127=OVER_RIDING_STYLED_ITEM('',(#4451),#4192,#4419);
#128=OVER_RIDING_STYLED_ITEM('',(#4452),#4193,#4419);
#129=OVER_RIDING_STYLED_ITEM('',(#4453),#4194,#4419);
#130=OVER_RIDING_STYLED_ITEM('',(#4454),#4195,#4419);
#131=OVER_RIDING_STYLED_ITEM('',(#4455),#4196,#4419);
#132=OVER_RIDING_STYLED_ITEM('',(#4456),#4197,#4419);
#133=OVER_RIDING_STYLED_ITEM('',(#4457),#4198,#4419);
#134=OVER_RIDING_STYLED_ITEM('',(#4458),#4199,#4419);
#135=OVER_RIDING_STYLED_ITEM('',(#4459),#4200,#4419);
#136=OVER_RIDING_STYLED_ITEM('',(#4460),#4201,#4419);
#137=OVER_RIDING_STYLED_ITEM('',(#4461),#4202,#4419);
#138=OVER_RIDING_STYLED_ITEM('',(#4462),#4203,#4419);
#139=OVER_RIDING_STYLED_ITEM('',(#4463),#4204,#4419);
#140=OVER_RIDING_STYLED_ITEM('',(#4464),#4205,#4419);
#141=OVER_RIDING_STYLED_ITEM('',(#4465),#4206,#4419);
#142=OVER_RIDING_STYLED_ITEM('',(#4466),#4207,#4419);
#143=OVER_RIDING_STYLED_ITEM('',(#4467),#4208,#4419);
#144=OVER_RIDING_STYLED_ITEM('',(#4468),#4209,#4419);
#145=OVER_RIDING_STYLED_ITEM('',(#4469),#4210,#4419);
#146=OVER_RIDING_STYLED_ITEM('',(#4470),#4211,#4419);
#147=OVER_RIDING_STYLED_ITEM('',(#4471),#4212,#4419);
#148=OVER_RIDING_STYLED_ITEM('',(#4472),#4213,#4419);
#149=OVER_RIDING_STYLED_ITEM('',(#4473),#4214,#4419);
#150=OVER_RIDING_STYLED_ITEM('',(#4474),#4215,#4419);
#151=OVER_RIDING_STYLED_ITEM('',(#4475),#4216,#4419);
#152=OVER_RIDING_STYLED_ITEM('',(#4476),#4217,#4419);
#153=OVER_RIDING_STYLED_ITEM('',(#4477),#4218,#4419);
#154=OVER_RIDING_STYLED_ITEM('',(#4478),#4219,#4419);
#155=OVER_RIDING_STYLED_ITEM('',(#4479),#4220,#4419);
#156=OVER_RIDING_STYLED_ITEM('',(#4480),#4221,#4419);
#157=OVER_RIDING_STYLED_ITEM('',(#4481),#4222,#4419);
#158=OVER_RIDING_STYLED_ITEM('',(#4482),#4223,#4419);
#159=OVER_RIDING_STYLED_ITEM('',(#4483),#4224,#4419);
#160=OVER_RIDING_STYLED_ITEM('',(#4484),#4225,#4419);
#161=OVER_RIDING_STYLED_ITEM('',(#4485),#4226,#4419);
#162=OVER_RIDING_STYLED_ITEM('',(#4486),#4227,#4419);
#163=OVER_RIDING_STYLED_ITEM('',(#4487),#4228,#4419);
#164=OVER_RIDING_STYLED_ITEM('',(#4488),#4229,#4419);
#165=OVER_RIDING_STYLED_ITEM('',(#4489),#4230,#4419);
#166=OVER_RIDING_STYLED_ITEM('',(#4490),#4231,#4419);
#167=OVER_RIDING_STYLED_ITEM('',(#4491),#4232,#4419);
#168=OVER_RIDING_STYLED_ITEM('',(#4492),#4233,#4419);
#169=OVER_RIDING_STYLED_ITEM('',(#4493),#4234,#4419);
#170=OVER_RIDING_STYLED_ITEM('',(#4494),#4235,#4419);
#171=OVER_RIDING_STYLED_ITEM('',(#4495),#4236,#4419);
#172=OVER_RIDING_STYLED_ITEM('',(#4496),#4237,#4419);
#173=OVER_RIDING_STYLED_ITEM('',(#4497),#4238,#4419);
#174=OVER_RIDING_STYLED_ITEM('',(#4498),#4239,#4419);
#175=OVER_RIDING_STYLED_ITEM('',(#4499),#4240,#4419);
#176=OVER_RIDING_STYLED_ITEM('',(#4500),#4241,#4419);
#177=OVER_RIDING_STYLED_ITEM('',(#4501),#4242,#4419);
#178=OVER_RIDING_STYLED_ITEM('',(#4502),#4243,#4419);
#179=OVER_RIDING_STYLED_ITEM('',(#4503),#4244,#4419);
#180=OVER_RIDING_STYLED_ITEM('',(#4504),#4256,#4419);
#181=OVER_RIDING_STYLED_ITEM('',(#4505),#4257,#4419);
#182=OVER_RIDING_STYLED_ITEM('',(#4506),#4258,#4419);
#183=OVER_RIDING_STYLED_ITEM('',(#4507),#4259,#4419);
#184=OVER_RIDING_STYLED_ITEM('',(#4508),#4260,#4419);
#185=OVER_RIDING_STYLED_ITEM('',(#4509),#4261,#4419);
#186=OVER_RIDING_STYLED_ITEM('',(#4510),#4262,#4419);
#187=OVER_RIDING_STYLED_ITEM('',(#4511),#4263,#4419);
#188=OVER_RIDING_STYLED_ITEM('',(#4512),#4264,#4419);
#189=OVER_RIDING_STYLED_ITEM('',(#4513),#4265,#4419);
#190=OVER_RIDING_STYLED_ITEM('',(#4514),#4266,#4419);
#191=OVER_RIDING_STYLED_ITEM('',(#4515),#4267,#4419);
#192=OVER_RIDING_STYLED_ITEM('',(#4516),#4268,#4419);
#193=OVER_RIDING_STYLED_ITEM('',(#4517),#4269,#4419);
#194=OVER_RIDING_STYLED_ITEM('',(#4518),#4270,#4419);
#195=OVER_RIDING_STYLED_ITEM('',(#4519),#4271,#4419);
#196=OVER_RIDING_STYLED_ITEM('',(#4520),#4272,#4419);
#197=OVER_RIDING_STYLED_ITEM('',(#4521),#4273,#4419);
#198=OVER_RIDING_STYLED_ITEM('',(#4522),#4274,#4419);
#199=OVER_RIDING_STYLED_ITEM('',(#4523),#4275,#4419);
#200=OVER_RIDING_STYLED_ITEM('',(#4524),#4276,#4419);
#201=OVER_RIDING_STYLED_ITEM('',(#4525),#4277,#4419);
#202=OVER_RIDING_STYLED_ITEM('',(#4526),#4278,#4419);
#203=OVER_RIDING_STYLED_ITEM('',(#4527),#4279,#4419);
#204=OVER_RIDING_STYLED_ITEM('',(#4528),#4280,#4419);
#205=OVER_RIDING_STYLED_ITEM('',(#4529),#4281,#4419);
#206=ELLIPSE('',#5112,0.00502293482665729,0.005);
#207=ELLIPSE('',#5113,0.00502293482665729,0.005);
#208=ELLIPSE('',#5114,0.00502293482665729,0.005);
#209=ELLIPSE('',#5118,0.00819717204731639,0.006);
#210=ELLIPSE('',#5120,0.00819179825146652,0.006);
#211=ELLIPSE('',#5123,0.00880607430174491,0.006);
#212=ELLIPSE('',#5125,0.00881275092653114,0.006);
#213=ELLIPSE('',#5128,0.00819179825146653,0.006);
#214=ELLIPSE('',#5130,0.00818645452845819,0.006);
#215=ELLIPSE('',#5133,0.00879938291311671,0.006);
#216=ELLIPSE('',#5136,0.00880612721985374,0.006);
#217=ELLIPSE('',#5140,0.00879938291311668,0.006);
#218=ELLIPSE('',#5142,0.00880612721985373,0.006);
#219=ELLIPSE('',#5145,0.00880607430174488,0.006);
#220=ELLIPSE('',#5147,0.00881275092653115,0.006);
#221=ELLIPSE('',#5150,0.00819179825146652,0.006);
#222=ELLIPSE('',#5152,0.00818645452845819,0.006);
#223=ELLIPSE('',#5155,0.00819179825146652,0.006);
#224=ELLIPSE('',#5157,0.00819717204731639,0.006);
#225=ELLIPSE('',#5160,0.00819179825146652,0.006);
#226=ELLIPSE('',#5162,0.0081864545284582,0.006);
#227=ELLIPSE('',#5165,0.00881275092653115,0.006);
#228=ELLIPSE('',#5167,0.00880607430174498,0.006);
#229=ELLIPSE('',#5170,0.00879938291311674,0.006);
#230=ELLIPSE('',#5173,0.00880612721985373,0.006);
#231=ELLIPSE('',#5176,0.00819717204731638,0.006);
#232=ELLIPSE('',#5178,0.00819179825146653,0.006);
#233=ELLIPSE('',#5181,0.0087993829131167,0.006);
#234=ELLIPSE('',#5184,0.00880612721985373,0.006);
#235=ELLIPSE('',#5187,0.0087993829131167,0.006);
#236=ELLIPSE('',#5189,0.00880612721985373,0.006);
#237=ELLIPSE('',#5193,0.00879938291311703,0.006);
#238=ELLIPSE('',#5195,0.00880612721985373,0.006);
#239=ELLIPSE('',#5199,0.00880607430174485,0.006);
#240=ELLIPSE('',#5201,0.00881275092653115,0.006);
#241=ELLIPSE('',#5204,0.00880607430174489,0.006);
#242=ELLIPSE('',#5206,0.00881275092653115,0.006);
#243=ELLIPSE('',#5209,0.00880607430174489,0.006);
#244=ELLIPSE('',#5211,0.00881275092653115,0.006);
#245=ELLIPSE('',#5214,0.00819179825146648,0.006);
#246=ELLIPSE('',#5216,0.00818645452845823,0.006);
#247=ELLIPSE('',#5219,0.00819179825146653,0.006);
#248=ELLIPSE('',#5221,0.00818645452845819,0.006);
#249=ELLIPSE('',#5224,0.00818645452845819,0.006);
#250=ELLIPSE('',#5226,0.00819179825146653,0.006);
#251=ELLIPSE('',#5229,0.00819717204731638,0.006);
#252=ELLIPSE('',#5231,0.00819179825146653,0.006);
#253=ELLIPSE('',#5234,0.00819717204731638,0.006);
#254=ELLIPSE('',#5236,0.00819179825146652,0.006);
#255=ELLIPSE('',#5239,0.00819717204731638,0.006);
#256=ELLIPSE('',#5241,0.00819179825146652,0.006);
#257=ELLIPSE('',#5290,0.0048923385211642,0.00487);
#258=ELLIPSE('',#5291,0.0048923385211642,0.00487);
#259=ELLIPSE('',#5292,0.0048923385211642,0.00487);
#260=ELLIPSE('',#5296,0.00801956665295786,0.00587);
#261=ELLIPSE('',#5298,0.00801430928935141,0.00587);
#262=ELLIPSE('',#5301,0.0086152760252071,0.00587);
#263=ELLIPSE('',#5303,0.00862180798978963,0.00587);
#264=ELLIPSE('',#5306,0.00801430928935142,0.00587);
#265=ELLIPSE('',#5308,0.00800908134700826,0.00587);
#266=ELLIPSE('',#5311,0.00860872961666584,0.00587);
#267=ELLIPSE('',#5313,0.0086153277967569,0.00587);
#268=ELLIPSE('',#5316,0.00860872961666582,0.00587);
#269=ELLIPSE('',#5318,0.0086153277967569,0.00587);
#270=ELLIPSE('',#5321,0.00861527602520707,0.00587);
#271=ELLIPSE('',#5323,0.00862180798978964,0.00587);
#272=ELLIPSE('',#5326,0.00801430928935141,0.00587);
#273=ELLIPSE('',#5328,0.00800908134700827,0.00587);
#274=ELLIPSE('',#5331,0.00801430928935141,0.00587);
#275=ELLIPSE('',#5333,0.00801956665295787,0.00587);
#276=ELLIPSE('',#5336,0.00801430928935141,0.00587);
#277=ELLIPSE('',#5338,0.00800908134700827,0.00587);
#278=ELLIPSE('',#5341,0.00862180798978964,0.00587);
#279=ELLIPSE('',#5343,0.00861527602520717,0.00587);
#280=ELLIPSE('',#5346,0.00860872961666588,0.00587);
#281=ELLIPSE('',#5348,0.0086153277967569,0.00587);
#282=ELLIPSE('',#5351,0.00801956665295786,0.00587);
#283=ELLIPSE('',#5353,0.00801430928935142,0.00587);
#284=ELLIPSE('',#5356,0.00860872961666584,0.00587);
#285=ELLIPSE('',#5358,0.0086153277967569,0.00587);
#286=ELLIPSE('',#5361,0.00860872961666584,0.00587);
#287=ELLIPSE('',#5363,0.0086153277967569,0.00587);
#288=ELLIPSE('',#5366,0.00860872961666616,0.00587);
#289=ELLIPSE('',#5368,0.0086153277967569,0.00587);
#290=ELLIPSE('',#5371,0.00861527602520705,0.00587);
#291=ELLIPSE('',#5373,0.00862180798978964,0.00587);
#292=ELLIPSE('',#5376,0.00861527602520708,0.00587);
#293=ELLIPSE('',#5378,0.00862180798978964,0.00587);
#294=ELLIPSE('',#5381,0.00861527602520708,0.00587);
#295=ELLIPSE('',#5383,0.00862180798978964,0.00587);
#296=ELLIPSE('',#5386,0.00801430928935138,0.00587);
#297=ELLIPSE('',#5388,0.0080090813470083,0.00587);
#298=ELLIPSE('',#5391,0.00801430928935142,0.00587);
#299=ELLIPSE('',#5393,0.00800908134700826,0.00587);
#300=ELLIPSE('',#5396,0.00800908134700826,0.00587);
#301=ELLIPSE('',#5398,0.00801430928935142,0.00587);
#302=ELLIPSE('',#5401,0.00801956665295786,0.00587);
#303=ELLIPSE('',#5403,0.00801430928935142,0.00587);
#304=ELLIPSE('',#5406,0.00801956665295786,0.00587);
#305=ELLIPSE('',#5408,0.00801430928935141,0.00587);
#306=ELLIPSE('',#5411,0.00801956665295786,0.00587);
#307=ELLIPSE('',#5413,0.00801430928935141,0.00587);
#308=SHAPE_REPRESENTATION_RELATIONSHIP('','',#5097,#313);
#309=SHAPE_REPRESENTATION_RELATIONSHIP('','',#5098,#314);
#310=SHAPE_REPRESENTATION_RELATIONSHIP('','',#5099,#315);
#311=SHAPE_REPRESENTATION_RELATIONSHIP('','',#5100,#316);
#312=SHAPE_REPRESENTATION_RELATIONSHIP('','',#5101,#317);
#313=ADVANCED_BREP_SHAPE_REPRESENTATION('',(#5087),#7941);
#314=ADVANCED_BREP_SHAPE_REPRESENTATION('',(#5088),#7942);
#315=ADVANCED_BREP_SHAPE_REPRESENTATION('',(#5089),#7943);
#316=ADVANCED_BREP_SHAPE_REPRESENTATION('',(#5090),#7944);
#317=ADVANCED_BREP_SHAPE_REPRESENTATION('',(#5091),#7945);
#318=ORIENTED_EDGE('',*,*,#1468,.F.);
#319=ORIENTED_EDGE('',*,*,#1469,.F.);
#320=ORIENTED_EDGE('',*,*,#1470,.T.);
#321=ORIENTED_EDGE('',*,*,#1471,.T.);
#322=ORIENTED_EDGE('',*,*,#1472,.T.);
#323=ORIENTED_EDGE('',*,*,#1473,.F.);
#324=ORIENTED_EDGE('',*,*,#1474,.F.);
#325=ORIENTED_EDGE('',*,*,#1469,.T.);
#326=ORIENTED_EDGE('',*,*,#1475,.T.);
#327=ORIENTED_EDGE('',*,*,#1476,.F.);
#328=ORIENTED_EDGE('',*,*,#1477,.F.);
#329=ORIENTED_EDGE('',*,*,#1473,.T.);
#330=ORIENTED_EDGE('',*,*,#1478,.F.);
#331=ORIENTED_EDGE('',*,*,#1471,.F.);
#332=ORIENTED_EDGE('',*,*,#1479,.T.);
#333=ORIENTED_EDGE('',*,*,#1476,.T.);
#334=ORIENTED_EDGE('',*,*,#1470,.F.);
#335=ORIENTED_EDGE('',*,*,#1474,.T.);
#336=ORIENTED_EDGE('',*,*,#1477,.T.);
#337=ORIENTED_EDGE('',*,*,#1479,.F.);
#338=ORIENTED_EDGE('',*,*,#1468,.T.);
#339=ORIENTED_EDGE('',*,*,#1478,.T.);
#340=ORIENTED_EDGE('',*,*,#1475,.F.);
#341=ORIENTED_EDGE('',*,*,#1472,.F.);
#342=ORIENTED_EDGE('',*,*,#1480,.T.);
#343=ORIENTED_EDGE('',*,*,#1481,.T.);
#344=ORIENTED_EDGE('',*,*,#1482,.F.);
#345=ORIENTED_EDGE('',*,*,#1483,.F.);
#346=ORIENTED_EDGE('',*,*,#1484,.F.);
#347=ORIENTED_EDGE('',*,*,#1485,.T.);
#348=ORIENTED_EDGE('',*,*,#1486,.F.);
#349=ORIENTED_EDGE('',*,*,#1487,.T.);
#350=ORIENTED_EDGE('',*,*,#1488,.T.);
#351=ORIENTED_EDGE('',*,*,#1489,.T.);
#352=ORIENTED_EDGE('',*,*,#1490,.T.);
#353=ORIENTED_EDGE('',*,*,#1491,.F.);
#354=ORIENTED_EDGE('',*,*,#1492,.F.);
#355=ORIENTED_EDGE('',*,*,#1485,.F.);
#356=ORIENTED_EDGE('',*,*,#1493,.F.);
#357=ORIENTED_EDGE('',*,*,#1494,.T.);
#358=ORIENTED_EDGE('',*,*,#1495,.T.);
#359=ORIENTED_EDGE('',*,*,#1496,.F.);
#360=ORIENTED_EDGE('',*,*,#1497,.F.);
#361=ORIENTED_EDGE('',*,*,#1498,.T.);
#362=ORIENTED_EDGE('',*,*,#1499,.T.);
#363=ORIENTED_EDGE('',*,*,#1500,.F.);
#364=ORIENTED_EDGE('',*,*,#1497,.T.);
#365=ORIENTED_EDGE('',*,*,#1496,.T.);
#366=ORIENTED_EDGE('',*,*,#1501,.T.);
#367=ORIENTED_EDGE('',*,*,#1498,.F.);
#368=ORIENTED_EDGE('',*,*,#1502,.F.);
#369=ORIENTED_EDGE('',*,*,#1503,.T.);
#370=ORIENTED_EDGE('',*,*,#1504,.T.);
#371=ORIENTED_EDGE('',*,*,#1505,.T.);
#372=ORIENTED_EDGE('',*,*,#1506,.F.);
#373=ORIENTED_EDGE('',*,*,#1507,.T.);
#374=ORIENTED_EDGE('',*,*,#1508,.T.);
#375=ORIENTED_EDGE('',*,*,#1505,.F.);
#376=ORIENTED_EDGE('',*,*,#1508,.F.);
#377=ORIENTED_EDGE('',*,*,#1509,.T.);
#378=ORIENTED_EDGE('',*,*,#1502,.T.);
#379=ORIENTED_EDGE('',*,*,#1510,.F.);
#380=ORIENTED_EDGE('',*,*,#1511,.T.);
#381=ORIENTED_EDGE('',*,*,#1512,.T.);
#382=ORIENTED_EDGE('',*,*,#1513,.T.);
#383=ORIENTED_EDGE('',*,*,#1514,.F.);
#384=ORIENTED_EDGE('',*,*,#1515,.T.);
#385=ORIENTED_EDGE('',*,*,#1516,.T.);
#386=ORIENTED_EDGE('',*,*,#1513,.F.);
#387=ORIENTED_EDGE('',*,*,#1516,.F.);
#388=ORIENTED_EDGE('',*,*,#1517,.T.);
#389=ORIENTED_EDGE('',*,*,#1510,.T.);
#390=ORIENTED_EDGE('',*,*,#1518,.T.);
#391=ORIENTED_EDGE('',*,*,#1519,.T.);
#392=ORIENTED_EDGE('',*,*,#1520,.F.);
#393=ORIENTED_EDGE('',*,*,#1521,.F.);
#394=ORIENTED_EDGE('',*,*,#1522,.F.);
#395=ORIENTED_EDGE('',*,*,#1521,.T.);
#396=ORIENTED_EDGE('',*,*,#1523,.T.);
#397=ORIENTED_EDGE('',*,*,#1524,.F.);
#398=ORIENTED_EDGE('',*,*,#1525,.F.);
#399=ORIENTED_EDGE('',*,*,#1526,.T.);
#400=ORIENTED_EDGE('',*,*,#1527,.T.);
#401=ORIENTED_EDGE('',*,*,#1524,.T.);
#402=ORIENTED_EDGE('',*,*,#1520,.T.);
#403=ORIENTED_EDGE('',*,*,#1528,.T.);
#404=ORIENTED_EDGE('',*,*,#1525,.T.);
#405=ORIENTED_EDGE('',*,*,#1523,.F.);
#406=ORIENTED_EDGE('',*,*,#1529,.F.);
#407=ORIENTED_EDGE('',*,*,#1530,.T.);
#408=ORIENTED_EDGE('',*,*,#1531,.T.);
#409=ORIENTED_EDGE('',*,*,#1532,.F.);
#410=ORIENTED_EDGE('',*,*,#1533,.F.);
#411=ORIENTED_EDGE('',*,*,#1534,.T.);
#412=ORIENTED_EDGE('',*,*,#1535,.T.);
#413=ORIENTED_EDGE('',*,*,#1529,.T.);
#414=ORIENTED_EDGE('',*,*,#1536,.F.);
#415=ORIENTED_EDGE('',*,*,#1537,.T.);
#416=ORIENTED_EDGE('',*,*,#1538,.T.);
#417=ORIENTED_EDGE('',*,*,#1531,.F.);
#418=ORIENTED_EDGE('',*,*,#1538,.F.);
#419=ORIENTED_EDGE('',*,*,#1539,.T.);
#420=ORIENTED_EDGE('',*,*,#1533,.T.);
#421=ORIENTED_EDGE('',*,*,#1532,.T.);
#422=ORIENTED_EDGE('',*,*,#1540,.T.);
#423=ORIENTED_EDGE('',*,*,#1541,.T.);
#424=ORIENTED_EDGE('',*,*,#1542,.F.);
#425=ORIENTED_EDGE('',*,*,#1543,.F.);
#426=ORIENTED_EDGE('',*,*,#1544,.F.);
#427=ORIENTED_EDGE('',*,*,#1545,.T.);
#428=ORIENTED_EDGE('',*,*,#1546,.T.);
#429=ORIENTED_EDGE('',*,*,#1543,.T.);
#430=ORIENTED_EDGE('',*,*,#1542,.T.);
#431=ORIENTED_EDGE('',*,*,#1547,.T.);
#432=ORIENTED_EDGE('',*,*,#1544,.T.);
#433=ORIENTED_EDGE('',*,*,#1548,.F.);
#434=ORIENTED_EDGE('',*,*,#1549,.T.);
#435=ORIENTED_EDGE('',*,*,#1550,.T.);
#436=ORIENTED_EDGE('',*,*,#1551,.F.);
#437=ORIENTED_EDGE('',*,*,#1552,.F.);
#438=ORIENTED_EDGE('',*,*,#1553,.T.);
#439=ORIENTED_EDGE('',*,*,#1554,.T.);
#440=ORIENTED_EDGE('',*,*,#1551,.T.);
#441=ORIENTED_EDGE('',*,*,#1550,.F.);
#442=ORIENTED_EDGE('',*,*,#1555,.T.);
#443=ORIENTED_EDGE('',*,*,#1552,.T.);
#444=ORIENTED_EDGE('',*,*,#1556,.T.);
#445=ORIENTED_EDGE('',*,*,#1557,.T.);
#446=ORIENTED_EDGE('',*,*,#1558,.F.);
#447=ORIENTED_EDGE('',*,*,#1559,.F.);
#448=ORIENTED_EDGE('',*,*,#1560,.T.);
#449=ORIENTED_EDGE('',*,*,#1561,.T.);
#450=ORIENTED_EDGE('',*,*,#1562,.F.);
#451=ORIENTED_EDGE('',*,*,#1559,.T.);
#452=ORIENTED_EDGE('',*,*,#1558,.T.);
#453=ORIENTED_EDGE('',*,*,#1563,.T.);
#454=ORIENTED_EDGE('',*,*,#1560,.F.);
#455=ORIENTED_EDGE('',*,*,#1564,.F.);
#456=ORIENTED_EDGE('',*,*,#1565,.T.);
#457=ORIENTED_EDGE('',*,*,#1566,.T.);
#458=ORIENTED_EDGE('',*,*,#1567,.T.);
#459=ORIENTED_EDGE('',*,*,#1568,.F.);
#460=ORIENTED_EDGE('',*,*,#1569,.T.);
#461=ORIENTED_EDGE('',*,*,#1570,.T.);
#462=ORIENTED_EDGE('',*,*,#1567,.F.);
#463=ORIENTED_EDGE('',*,*,#1570,.F.);
#464=ORIENTED_EDGE('',*,*,#1571,.T.);
#465=ORIENTED_EDGE('',*,*,#1564,.T.);
#466=ORIENTED_EDGE('',*,*,#1572,.F.);
#467=ORIENTED_EDGE('',*,*,#1573,.T.);
#468=ORIENTED_EDGE('',*,*,#1574,.T.);
#469=ORIENTED_EDGE('',*,*,#1575,.F.);
#470=ORIENTED_EDGE('',*,*,#1576,.F.);
#471=ORIENTED_EDGE('',*,*,#1577,.T.);
#472=ORIENTED_EDGE('',*,*,#1578,.T.);
#473=ORIENTED_EDGE('',*,*,#1575,.T.);
#474=ORIENTED_EDGE('',*,*,#1574,.F.);
#475=ORIENTED_EDGE('',*,*,#1579,.T.);
#476=ORIENTED_EDGE('',*,*,#1576,.T.);
#477=ORIENTED_EDGE('',*,*,#1580,.F.);
#478=ORIENTED_EDGE('',*,*,#1581,.T.);
#479=ORIENTED_EDGE('',*,*,#1582,.T.);
#480=ORIENTED_EDGE('',*,*,#1583,.F.);
#481=ORIENTED_EDGE('',*,*,#1584,.F.);
#482=ORIENTED_EDGE('',*,*,#1583,.T.);
#483=ORIENTED_EDGE('',*,*,#1585,.T.);
#484=ORIENTED_EDGE('',*,*,#1586,.F.);
#485=ORIENTED_EDGE('',*,*,#1587,.F.);
#486=ORIENTED_EDGE('',*,*,#1588,.T.);
#487=ORIENTED_EDGE('',*,*,#1589,.T.);
#488=ORIENTED_EDGE('',*,*,#1586,.T.);
#489=ORIENTED_EDGE('',*,*,#1582,.F.);
#490=ORIENTED_EDGE('',*,*,#1590,.T.);
#491=ORIENTED_EDGE('',*,*,#1587,.T.);
#492=ORIENTED_EDGE('',*,*,#1585,.F.);
#493=ORIENTED_EDGE('',*,*,#1591,.T.);
#494=ORIENTED_EDGE('',*,*,#1592,.T.);
#495=ORIENTED_EDGE('',*,*,#1593,.F.);
#496=ORIENTED_EDGE('',*,*,#1594,.F.);
#497=ORIENTED_EDGE('',*,*,#1595,.T.);
#498=ORIENTED_EDGE('',*,*,#1596,.T.);
#499=ORIENTED_EDGE('',*,*,#1597,.F.);
#500=ORIENTED_EDGE('',*,*,#1594,.T.);
#501=ORIENTED_EDGE('',*,*,#1593,.T.);
#502=ORIENTED_EDGE('',*,*,#1598,.T.);
#503=ORIENTED_EDGE('',*,*,#1595,.F.);
#504=ORIENTED_EDGE('',*,*,#1599,.F.);
#505=ORIENTED_EDGE('',*,*,#1600,.T.);
#506=ORIENTED_EDGE('',*,*,#1601,.T.);
#507=ORIENTED_EDGE('',*,*,#1602,.F.);
#508=ORIENTED_EDGE('',*,*,#1603,.F.);
#509=ORIENTED_EDGE('',*,*,#1602,.T.);
#510=ORIENTED_EDGE('',*,*,#1604,.T.);
#511=ORIENTED_EDGE('',*,*,#1605,.F.);
#512=ORIENTED_EDGE('',*,*,#1606,.F.);
#513=ORIENTED_EDGE('',*,*,#1607,.T.);
#514=ORIENTED_EDGE('',*,*,#1608,.T.);
#515=ORIENTED_EDGE('',*,*,#1605,.T.);
#516=ORIENTED_EDGE('',*,*,#1601,.F.);
#517=ORIENTED_EDGE('',*,*,#1609,.T.);
#518=ORIENTED_EDGE('',*,*,#1606,.T.);
#519=ORIENTED_EDGE('',*,*,#1604,.F.);
#520=ORIENTED_EDGE('',*,*,#1610,.F.);
#521=ORIENTED_EDGE('',*,*,#1611,.T.);
#522=ORIENTED_EDGE('',*,*,#1612,.T.);
#523=ORIENTED_EDGE('',*,*,#1613,.T.);
#524=ORIENTED_EDGE('',*,*,#1614,.F.);
#525=ORIENTED_EDGE('',*,*,#1615,.T.);
#526=ORIENTED_EDGE('',*,*,#1616,.T.);
#527=ORIENTED_EDGE('',*,*,#1617,.F.);
#528=ORIENTED_EDGE('',*,*,#1613,.F.);
#529=ORIENTED_EDGE('',*,*,#1618,.T.);
#530=ORIENTED_EDGE('',*,*,#1617,.T.);
#531=ORIENTED_EDGE('',*,*,#1619,.F.);
#532=ORIENTED_EDGE('',*,*,#1616,.F.);
#533=ORIENTED_EDGE('',*,*,#1620,.T.);
#534=ORIENTED_EDGE('',*,*,#1610,.T.);
#535=ORIENTED_EDGE('',*,*,#1619,.T.);
#536=ORIENTED_EDGE('',*,*,#1621,.F.);
#537=ORIENTED_EDGE('',*,*,#1622,.T.);
#538=ORIENTED_EDGE('',*,*,#1623,.T.);
#539=ORIENTED_EDGE('',*,*,#1624,.T.);
#540=ORIENTED_EDGE('',*,*,#1625,.F.);
#541=ORIENTED_EDGE('',*,*,#1626,.T.);
#542=ORIENTED_EDGE('',*,*,#1627,.T.);
#543=ORIENTED_EDGE('',*,*,#1628,.F.);
#544=ORIENTED_EDGE('',*,*,#1624,.F.);
#545=ORIENTED_EDGE('',*,*,#1629,.T.);
#546=ORIENTED_EDGE('',*,*,#1628,.T.);
#547=ORIENTED_EDGE('',*,*,#1630,.F.);
#548=ORIENTED_EDGE('',*,*,#1627,.F.);
#549=ORIENTED_EDGE('',*,*,#1631,.T.);
#550=ORIENTED_EDGE('',*,*,#1621,.T.);
#551=ORIENTED_EDGE('',*,*,#1630,.T.);
#552=ORIENTED_EDGE('',*,*,#1632,.F.);
#553=ORIENTED_EDGE('',*,*,#1633,.T.);
#554=ORIENTED_EDGE('',*,*,#1634,.T.);
#555=ORIENTED_EDGE('',*,*,#1635,.T.);
#556=ORIENTED_EDGE('',*,*,#1636,.F.);
#557=ORIENTED_EDGE('',*,*,#1637,.T.);
#558=ORIENTED_EDGE('',*,*,#1638,.T.);
#559=ORIENTED_EDGE('',*,*,#1635,.F.);
#560=ORIENTED_EDGE('',*,*,#1638,.F.);
#561=ORIENTED_EDGE('',*,*,#1639,.T.);
#562=ORIENTED_EDGE('',*,*,#1632,.T.);
#563=ORIENTED_EDGE('',*,*,#1640,.T.);
#564=ORIENTED_EDGE('',*,*,#1641,.T.);
#565=ORIENTED_EDGE('',*,*,#1642,.F.);
#566=ORIENTED_EDGE('',*,*,#1643,.F.);
#567=ORIENTED_EDGE('',*,*,#1644,.F.);
#568=ORIENTED_EDGE('',*,*,#1645,.T.);
#569=ORIENTED_EDGE('',*,*,#1646,.T.);
#570=ORIENTED_EDGE('',*,*,#1643,.T.);
#571=ORIENTED_EDGE('',*,*,#1642,.T.);
#572=ORIENTED_EDGE('',*,*,#1647,.T.);
#573=ORIENTED_EDGE('',*,*,#1644,.T.);
#574=ORIENTED_EDGE('',*,*,#1648,.T.);
#575=ORIENTED_EDGE('',*,*,#1649,.T.);
#576=ORIENTED_EDGE('',*,*,#1650,.F.);
#577=ORIENTED_EDGE('',*,*,#1651,.F.);
#578=ORIENTED_EDGE('',*,*,#1652,.F.);
#579=ORIENTED_EDGE('',*,*,#1653,.T.);
#580=ORIENTED_EDGE('',*,*,#1654,.T.);
#581=ORIENTED_EDGE('',*,*,#1651,.T.);
#582=ORIENTED_EDGE('',*,*,#1650,.T.);
#583=ORIENTED_EDGE('',*,*,#1655,.T.);
#584=ORIENTED_EDGE('',*,*,#1652,.T.);
#585=ORIENTED_EDGE('',*,*,#1656,.F.);
#586=ORIENTED_EDGE('',*,*,#1657,.T.);
#587=ORIENTED_EDGE('',*,*,#1658,.T.);
#588=ORIENTED_EDGE('',*,*,#1659,.F.);
#589=ORIENTED_EDGE('',*,*,#1660,.F.);
#590=ORIENTED_EDGE('',*,*,#1661,.T.);
#591=ORIENTED_EDGE('',*,*,#1662,.T.);
#592=ORIENTED_EDGE('',*,*,#1659,.T.);
#593=ORIENTED_EDGE('',*,*,#1658,.F.);
#594=ORIENTED_EDGE('',*,*,#1663,.T.);
#595=ORIENTED_EDGE('',*,*,#1660,.T.);
#596=ORIENTED_EDGE('',*,*,#1664,.F.);
#597=ORIENTED_EDGE('',*,*,#1665,.T.);
#598=ORIENTED_EDGE('',*,*,#1666,.T.);
#599=ORIENTED_EDGE('',*,*,#1667,.F.);
#600=ORIENTED_EDGE('',*,*,#1668,.F.);
#601=ORIENTED_EDGE('',*,*,#1669,.T.);
#602=ORIENTED_EDGE('',*,*,#1670,.T.);
#603=ORIENTED_EDGE('',*,*,#1667,.T.);
#604=ORIENTED_EDGE('',*,*,#1666,.F.);
#605=ORIENTED_EDGE('',*,*,#1671,.T.);
#606=ORIENTED_EDGE('',*,*,#1668,.T.);
#607=ORIENTED_EDGE('',*,*,#1672,.F.);
#608=ORIENTED_EDGE('',*,*,#1673,.T.);
#609=ORIENTED_EDGE('',*,*,#1674,.T.);
#610=ORIENTED_EDGE('',*,*,#1675,.F.);
#611=ORIENTED_EDGE('',*,*,#1676,.F.);
#612=ORIENTED_EDGE('',*,*,#1677,.T.);
#613=ORIENTED_EDGE('',*,*,#1678,.T.);
#614=ORIENTED_EDGE('',*,*,#1675,.T.);
#615=ORIENTED_EDGE('',*,*,#1674,.F.);
#616=ORIENTED_EDGE('',*,*,#1679,.T.);
#617=ORIENTED_EDGE('',*,*,#1676,.T.);
#618=ORIENTED_EDGE('',*,*,#1680,.T.);
#619=ORIENTED_EDGE('',*,*,#1681,.T.);
#620=ORIENTED_EDGE('',*,*,#1682,.F.);
#621=ORIENTED_EDGE('',*,*,#1683,.T.);
#622=ORIENTED_EDGE('',*,*,#1684,.T.);
#623=ORIENTED_EDGE('',*,*,#1685,.T.);
#624=ORIENTED_EDGE('',*,*,#1686,.F.);
#625=ORIENTED_EDGE('',*,*,#1683,.F.);
#626=ORIENTED_EDGE('',*,*,#1686,.T.);
#627=ORIENTED_EDGE('',*,*,#1687,.T.);
#628=ORIENTED_EDGE('',*,*,#1680,.F.);
#629=ORIENTED_EDGE('',*,*,#1688,.T.);
#630=ORIENTED_EDGE('',*,*,#1689,.T.);
#631=ORIENTED_EDGE('',*,*,#1690,.F.);
#632=ORIENTED_EDGE('',*,*,#1691,.F.);
#633=ORIENTED_EDGE('',*,*,#1692,.T.);
#634=ORIENTED_EDGE('',*,*,#1693,.T.);
#635=ORIENTED_EDGE('',*,*,#1694,.F.);
#636=ORIENTED_EDGE('',*,*,#1691,.T.);
#637=ORIENTED_EDGE('',*,*,#1690,.T.);
#638=ORIENTED_EDGE('',*,*,#1695,.T.);
#639=ORIENTED_EDGE('',*,*,#1692,.F.);
#640=ORIENTED_EDGE('',*,*,#1696,.T.);
#641=ORIENTED_EDGE('',*,*,#1697,.T.);
#642=ORIENTED_EDGE('',*,*,#1698,.F.);
#643=ORIENTED_EDGE('',*,*,#1699,.T.);
#644=ORIENTED_EDGE('',*,*,#1700,.T.);
#645=ORIENTED_EDGE('',*,*,#1701,.T.);
#646=ORIENTED_EDGE('',*,*,#1702,.F.);
#647=ORIENTED_EDGE('',*,*,#1699,.F.);
#648=ORIENTED_EDGE('',*,*,#1702,.T.);
#649=ORIENTED_EDGE('',*,*,#1703,.T.);
#650=ORIENTED_EDGE('',*,*,#1696,.F.);
#651=ORIENTED_EDGE('',*,*,#1500,.T.);
#652=ORIENTED_EDGE('',*,*,#1704,.T.);
#653=ORIENTED_EDGE('',*,*,#1494,.F.);
#654=ORIENTED_EDGE('',*,*,#1527,.F.);
#655=ORIENTED_EDGE('',*,*,#1705,.T.);
#656=ORIENTED_EDGE('',*,*,#1518,.F.);
#657=ORIENTED_EDGE('',*,*,#1522,.T.);
#658=ORIENTED_EDGE('',*,*,#1512,.F.);
#659=ORIENTED_EDGE('',*,*,#1706,.T.);
#660=ORIENTED_EDGE('',*,*,#1514,.T.);
#661=ORIENTED_EDGE('',*,*,#1554,.F.);
#662=ORIENTED_EDGE('',*,*,#1707,.T.);
#663=ORIENTED_EDGE('',*,*,#1548,.T.);
#664=ORIENTED_EDGE('',*,*,#1535,.F.);
#665=ORIENTED_EDGE('',*,*,#1708,.T.);
#666=ORIENTED_EDGE('',*,*,#1536,.T.);
#667=ORIENTED_EDGE('',*,*,#1530,.F.);
#668=ORIENTED_EDGE('',*,*,#1562,.T.);
#669=ORIENTED_EDGE('',*,*,#1709,.T.);
#670=ORIENTED_EDGE('',*,*,#1556,.F.);
#671=ORIENTED_EDGE('',*,*,#1597,.T.);
#672=ORIENTED_EDGE('',*,*,#1710,.T.);
#673=ORIENTED_EDGE('',*,*,#1591,.F.);
#674=ORIENTED_EDGE('',*,*,#1589,.F.);
#675=ORIENTED_EDGE('',*,*,#1711,.T.);
#676=ORIENTED_EDGE('',*,*,#1580,.T.);
#677=ORIENTED_EDGE('',*,*,#1584,.T.);
#678=ORIENTED_EDGE('',*,*,#1566,.F.);
#679=ORIENTED_EDGE('',*,*,#1712,.T.);
#680=ORIENTED_EDGE('',*,*,#1568,.T.);
#681=ORIENTED_EDGE('',*,*,#1662,.F.);
#682=ORIENTED_EDGE('',*,*,#1713,.T.);
#683=ORIENTED_EDGE('',*,*,#1656,.T.);
#684=ORIENTED_EDGE('',*,*,#1612,.F.);
#685=ORIENTED_EDGE('',*,*,#1714,.T.);
#686=ORIENTED_EDGE('',*,*,#1614,.T.);
#687=ORIENTED_EDGE('',*,*,#1618,.F.);
#688=ORIENTED_EDGE('',*,*,#1682,.T.);
#689=ORIENTED_EDGE('',*,*,#1715,.T.);
#690=ORIENTED_EDGE('',*,*,#1684,.F.);
#691=ORIENTED_EDGE('',*,*,#1694,.T.);
#692=ORIENTED_EDGE('',*,*,#1716,.T.);
#693=ORIENTED_EDGE('',*,*,#1688,.F.);
#694=ORIENTED_EDGE('',*,*,#1608,.F.);
#695=ORIENTED_EDGE('',*,*,#1717,.T.);
#696=ORIENTED_EDGE('',*,*,#1599,.T.);
#697=ORIENTED_EDGE('',*,*,#1603,.T.);
#698=ORIENTED_EDGE('',*,*,#1678,.F.);
#699=ORIENTED_EDGE('',*,*,#1718,.T.);
#700=ORIENTED_EDGE('',*,*,#1672,.T.);
#701=ORIENTED_EDGE('',*,*,#1670,.F.);
#702=ORIENTED_EDGE('',*,*,#1719,.T.);
#703=ORIENTED_EDGE('',*,*,#1664,.T.);
#704=ORIENTED_EDGE('',*,*,#1623,.F.);
#705=ORIENTED_EDGE('',*,*,#1720,.T.);
#706=ORIENTED_EDGE('',*,*,#1625,.T.);
#707=ORIENTED_EDGE('',*,*,#1629,.F.);
#708=ORIENTED_EDGE('',*,*,#1698,.T.);
#709=ORIENTED_EDGE('',*,*,#1721,.T.);
#710=ORIENTED_EDGE('',*,*,#1700,.F.);
#711=ORIENTED_EDGE('',*,*,#1490,.F.);
#712=ORIENTED_EDGE('',*,*,#1722,.T.);
#713=ORIENTED_EDGE('',*,*,#1723,.T.);
#714=ORIENTED_EDGE('',*,*,#1724,.T.);
#715=ORIENTED_EDGE('',*,*,#1648,.F.);
#716=ORIENTED_EDGE('',*,*,#1654,.F.);
#717=ORIENTED_EDGE('',*,*,#1725,.T.);
#718=ORIENTED_EDGE('',*,*,#1640,.F.);
#719=ORIENTED_EDGE('',*,*,#1646,.F.);
#720=ORIENTED_EDGE('',*,*,#1726,.T.);
#721=ORIENTED_EDGE('',*,*,#1634,.F.);
#722=ORIENTED_EDGE('',*,*,#1727,.T.);
#723=ORIENTED_EDGE('',*,*,#1636,.T.);
#724=ORIENTED_EDGE('',*,*,#1540,.F.);
#725=ORIENTED_EDGE('',*,*,#1546,.F.);
#726=ORIENTED_EDGE('',*,*,#1728,.T.);
#727=ORIENTED_EDGE('',*,*,#1504,.F.);
#728=ORIENTED_EDGE('',*,*,#1729,.T.);
#729=ORIENTED_EDGE('',*,*,#1506,.T.);
#730=ORIENTED_EDGE('',*,*,#1578,.F.);
#731=ORIENTED_EDGE('',*,*,#1730,.T.);
#732=ORIENTED_EDGE('',*,*,#1572,.T.);
#733=ORIENTED_EDGE('',*,*,#1731,.T.);
#734=ORIENTED_EDGE('',*,*,#1491,.T.);
#735=ORIENTED_EDGE('',*,*,#1732,.T.);
#736=ORIENTED_EDGE('',*,*,#1733,.T.);
#737=ORIENTED_EDGE('',*,*,#1488,.F.);
#738=ORIENTED_EDGE('',*,*,#1734,.T.);
#739=ORIENTED_EDGE('',*,*,#1735,.F.);
#740=ORIENTED_EDGE('',*,*,#1736,.T.);
#741=ORIENTED_EDGE('',*,*,#1737,.T.);
#742=ORIENTED_EDGE('',*,*,#1486,.T.);
#743=ORIENTED_EDGE('',*,*,#1492,.T.);
#744=ORIENTED_EDGE('',*,*,#1731,.F.);
#745=ORIENTED_EDGE('',*,*,#1738,.F.);
#746=ORIENTED_EDGE('',*,*,#1732,.F.);
#747=ORIENTED_EDGE('',*,*,#1493,.T.);
#748=ORIENTED_EDGE('',*,*,#1484,.T.);
#749=ORIENTED_EDGE('',*,*,#1724,.F.);
#750=ORIENTED_EDGE('',*,*,#1739,.T.);
#751=ORIENTED_EDGE('',*,*,#1740,.T.);
#752=ORIENTED_EDGE('',*,*,#1483,.T.);
#753=ORIENTED_EDGE('',*,*,#1741,.F.);
#754=ORIENTED_EDGE('',*,*,#1742,.T.);
#755=ORIENTED_EDGE('',*,*,#1738,.T.);
#756=ORIENTED_EDGE('',*,*,#1482,.T.);
#757=ORIENTED_EDGE('',*,*,#1743,.T.);
#758=ORIENTED_EDGE('',*,*,#1744,.F.);
#759=ORIENTED_EDGE('',*,*,#1745,.F.);
#760=ORIENTED_EDGE('',*,*,#1741,.T.);
#761=ORIENTED_EDGE('',*,*,#1746,.F.);
#762=ORIENTED_EDGE('',*,*,#1747,.F.);
#763=ORIENTED_EDGE('',*,*,#1748,.T.);
#764=ORIENTED_EDGE('',*,*,#1744,.T.);
#765=ORIENTED_EDGE('',*,*,#1749,.T.);
#766=ORIENTED_EDGE('',*,*,#1750,.F.);
#767=ORIENTED_EDGE('',*,*,#1480,.F.);
#768=ORIENTED_EDGE('',*,*,#1740,.F.);
#769=ORIENTED_EDGE('',*,*,#1751,.T.);
#770=ORIENTED_EDGE('',*,*,#1747,.T.);
#771=ORIENTED_EDGE('',*,*,#1752,.F.);
#772=ORIENTED_EDGE('',*,*,#1753,.F.);
#773=ORIENTED_EDGE('',*,*,#1754,.T.);
#774=ORIENTED_EDGE('',*,*,#1735,.T.);
#775=ORIENTED_EDGE('',*,*,#1755,.T.);
#776=ORIENTED_EDGE('',*,*,#1736,.F.);
#777=ORIENTED_EDGE('',*,*,#1742,.F.);
#778=ORIENTED_EDGE('',*,*,#1745,.T.);
#779=ORIENTED_EDGE('',*,*,#1748,.F.);
#780=ORIENTED_EDGE('',*,*,#1751,.F.);
#781=ORIENTED_EDGE('',*,*,#1739,.F.);
#782=ORIENTED_EDGE('',*,*,#1723,.F.);
#783=ORIENTED_EDGE('',*,*,#1756,.T.);
#784=ORIENTED_EDGE('',*,*,#1749,.F.);
#785=ORIENTED_EDGE('',*,*,#1753,.T.);
#786=ORIENTED_EDGE('',*,*,#1755,.F.);
#787=ORIENTED_EDGE('',*,*,#1734,.F.);
#788=ORIENTED_EDGE('',*,*,#1487,.F.);
#789=ORIENTED_EDGE('',*,*,#1737,.F.);
#790=ORIENTED_EDGE('',*,*,#1756,.F.);
#791=ORIENTED_EDGE('',*,*,#1722,.F.);
#792=ORIENTED_EDGE('',*,*,#1489,.F.);
#793=ORIENTED_EDGE('',*,*,#1733,.F.);
#794=ORIENTED_EDGE('',*,*,#1495,.F.);
#795=ORIENTED_EDGE('',*,*,#1704,.F.);
#796=ORIENTED_EDGE('',*,*,#1499,.F.);
#797=ORIENTED_EDGE('',*,*,#1501,.F.);
#798=ORIENTED_EDGE('',*,*,#1503,.F.);
#799=ORIENTED_EDGE('',*,*,#1509,.F.);
#800=ORIENTED_EDGE('',*,*,#1507,.F.);
#801=ORIENTED_EDGE('',*,*,#1729,.F.);
#802=ORIENTED_EDGE('',*,*,#1511,.F.);
#803=ORIENTED_EDGE('',*,*,#1517,.F.);
#804=ORIENTED_EDGE('',*,*,#1515,.F.);
#805=ORIENTED_EDGE('',*,*,#1706,.F.);
#806=ORIENTED_EDGE('',*,*,#1549,.F.);
#807=ORIENTED_EDGE('',*,*,#1707,.F.);
#808=ORIENTED_EDGE('',*,*,#1553,.F.);
#809=ORIENTED_EDGE('',*,*,#1555,.F.);
#810=ORIENTED_EDGE('',*,*,#1519,.F.);
#811=ORIENTED_EDGE('',*,*,#1705,.F.);
#812=ORIENTED_EDGE('',*,*,#1526,.F.);
#813=ORIENTED_EDGE('',*,*,#1528,.F.);
#814=ORIENTED_EDGE('',*,*,#1534,.F.);
#815=ORIENTED_EDGE('',*,*,#1539,.F.);
#816=ORIENTED_EDGE('',*,*,#1537,.F.);
#817=ORIENTED_EDGE('',*,*,#1708,.F.);
#818=ORIENTED_EDGE('',*,*,#1541,.F.);
#819=ORIENTED_EDGE('',*,*,#1728,.F.);
#820=ORIENTED_EDGE('',*,*,#1545,.F.);
#821=ORIENTED_EDGE('',*,*,#1547,.F.);
#822=ORIENTED_EDGE('',*,*,#1561,.F.);
#823=ORIENTED_EDGE('',*,*,#1563,.F.);
#824=ORIENTED_EDGE('',*,*,#1557,.F.);
#825=ORIENTED_EDGE('',*,*,#1709,.F.);
#826=ORIENTED_EDGE('',*,*,#1592,.F.);
#827=ORIENTED_EDGE('',*,*,#1710,.F.);
#828=ORIENTED_EDGE('',*,*,#1596,.F.);
#829=ORIENTED_EDGE('',*,*,#1598,.F.);
#830=ORIENTED_EDGE('',*,*,#1577,.F.);
#831=ORIENTED_EDGE('',*,*,#1579,.F.);
#832=ORIENTED_EDGE('',*,*,#1573,.F.);
#833=ORIENTED_EDGE('',*,*,#1730,.F.);
#834=ORIENTED_EDGE('',*,*,#1581,.F.);
#835=ORIENTED_EDGE('',*,*,#1711,.F.);
#836=ORIENTED_EDGE('',*,*,#1588,.F.);
#837=ORIENTED_EDGE('',*,*,#1590,.F.);
#838=ORIENTED_EDGE('',*,*,#1565,.F.);
#839=ORIENTED_EDGE('',*,*,#1571,.F.);
#840=ORIENTED_EDGE('',*,*,#1569,.F.);
#841=ORIENTED_EDGE('',*,*,#1712,.F.);
#842=ORIENTED_EDGE('',*,*,#1611,.F.);
#843=ORIENTED_EDGE('',*,*,#1620,.F.);
#844=ORIENTED_EDGE('',*,*,#1615,.F.);
#845=ORIENTED_EDGE('',*,*,#1714,.F.);
#846=ORIENTED_EDGE('',*,*,#1657,.F.);
#847=ORIENTED_EDGE('',*,*,#1713,.F.);
#848=ORIENTED_EDGE('',*,*,#1661,.F.);
#849=ORIENTED_EDGE('',*,*,#1663,.F.);
#850=ORIENTED_EDGE('',*,*,#1641,.F.);
#851=ORIENTED_EDGE('',*,*,#1726,.F.);
#852=ORIENTED_EDGE('',*,*,#1645,.F.);
#853=ORIENTED_EDGE('',*,*,#1647,.F.);
#854=ORIENTED_EDGE('',*,*,#1681,.F.);
#855=ORIENTED_EDGE('',*,*,#1687,.F.);
#856=ORIENTED_EDGE('',*,*,#1685,.F.);
#857=ORIENTED_EDGE('',*,*,#1715,.F.);
#858=ORIENTED_EDGE('',*,*,#1689,.F.);
#859=ORIENTED_EDGE('',*,*,#1716,.F.);
#860=ORIENTED_EDGE('',*,*,#1693,.F.);
#861=ORIENTED_EDGE('',*,*,#1695,.F.);
#862=ORIENTED_EDGE('',*,*,#1600,.F.);
#863=ORIENTED_EDGE('',*,*,#1717,.F.);
#864=ORIENTED_EDGE('',*,*,#1607,.F.);
#865=ORIENTED_EDGE('',*,*,#1609,.F.);
#866=ORIENTED_EDGE('',*,*,#1633,.F.);
#867=ORIENTED_EDGE('',*,*,#1639,.F.);
#868=ORIENTED_EDGE('',*,*,#1637,.F.);
#869=ORIENTED_EDGE('',*,*,#1727,.F.);
#870=ORIENTED_EDGE('',*,*,#1677,.F.);
#871=ORIENTED_EDGE('',*,*,#1679,.F.);
#872=ORIENTED_EDGE('',*,*,#1673,.F.);
#873=ORIENTED_EDGE('',*,*,#1718,.F.);
#874=ORIENTED_EDGE('',*,*,#1665,.F.);
#875=ORIENTED_EDGE('',*,*,#1719,.F.);
#876=ORIENTED_EDGE('',*,*,#1669,.F.);
#877=ORIENTED_EDGE('',*,*,#1671,.F.);
#878=ORIENTED_EDGE('',*,*,#1649,.F.);
#879=ORIENTED_EDGE('',*,*,#1725,.F.);
#880=ORIENTED_EDGE('',*,*,#1653,.F.);
#881=ORIENTED_EDGE('',*,*,#1655,.F.);
#882=ORIENTED_EDGE('',*,*,#1622,.F.);
#883=ORIENTED_EDGE('',*,*,#1631,.F.);
#884=ORIENTED_EDGE('',*,*,#1626,.F.);
#885=ORIENTED_EDGE('',*,*,#1720,.F.);
#886=ORIENTED_EDGE('',*,*,#1697,.F.);
#887=ORIENTED_EDGE('',*,*,#1703,.F.);
#888=ORIENTED_EDGE('',*,*,#1701,.F.);
#889=ORIENTED_EDGE('',*,*,#1721,.F.);
#890=ORIENTED_EDGE('',*,*,#1757,.T.);
#891=ORIENTED_EDGE('',*,*,#1754,.F.);
#892=ORIENTED_EDGE('',*,*,#1752,.T.);
#893=ORIENTED_EDGE('',*,*,#1746,.T.);
#894=ORIENTED_EDGE('',*,*,#1743,.F.);
#895=ORIENTED_EDGE('',*,*,#1758,.T.);
#896=ORIENTED_EDGE('',*,*,#1759,.T.);
#897=ORIENTED_EDGE('',*,*,#1760,.F.);
#898=ORIENTED_EDGE('',*,*,#1761,.F.);
#899=ORIENTED_EDGE('',*,*,#1762,.T.);
#900=ORIENTED_EDGE('',*,*,#1763,.T.);
#901=ORIENTED_EDGE('',*,*,#1764,.F.);
#902=ORIENTED_EDGE('',*,*,#1765,.F.);
#903=ORIENTED_EDGE('',*,*,#1766,.F.);
#904=ORIENTED_EDGE('',*,*,#1767,.F.);
#905=ORIENTED_EDGE('',*,*,#1768,.T.);
#906=ORIENTED_EDGE('',*,*,#1769,.F.);
#907=ORIENTED_EDGE('',*,*,#1770,.T.);
#908=ORIENTED_EDGE('',*,*,#1771,.T.);
#909=ORIENTED_EDGE('',*,*,#1769,.T.);
#910=ORIENTED_EDGE('',*,*,#1772,.T.);
#911=ORIENTED_EDGE('',*,*,#1773,.F.);
#912=ORIENTED_EDGE('',*,*,#1774,.T.);
#913=ORIENTED_EDGE('',*,*,#1775,.T.);
#914=ORIENTED_EDGE('',*,*,#1776,.F.);
#915=ORIENTED_EDGE('',*,*,#1777,.F.);
#916=ORIENTED_EDGE('',*,*,#1774,.F.);
#917=ORIENTED_EDGE('',*,*,#1778,.T.);
#918=ORIENTED_EDGE('',*,*,#1779,.F.);
#919=ORIENTED_EDGE('',*,*,#1775,.F.);
#920=ORIENTED_EDGE('',*,*,#1777,.T.);
#921=ORIENTED_EDGE('',*,*,#1780,.F.);
#922=ORIENTED_EDGE('',*,*,#1781,.T.);
#923=ORIENTED_EDGE('',*,*,#1782,.F.);
#924=ORIENTED_EDGE('',*,*,#1783,.F.);
#925=ORIENTED_EDGE('',*,*,#1784,.F.);
#926=ORIENTED_EDGE('',*,*,#1785,.T.);
#927=ORIENTED_EDGE('',*,*,#1782,.T.);
#928=ORIENTED_EDGE('',*,*,#1786,.F.);
#929=ORIENTED_EDGE('',*,*,#1787,.F.);
#930=ORIENTED_EDGE('',*,*,#1786,.T.);
#931=ORIENTED_EDGE('',*,*,#1781,.F.);
#932=ORIENTED_EDGE('',*,*,#1788,.F.);
#933=ORIENTED_EDGE('',*,*,#1789,.T.);
#934=ORIENTED_EDGE('',*,*,#1790,.F.);
#935=ORIENTED_EDGE('',*,*,#1791,.F.);
#936=ORIENTED_EDGE('',*,*,#1792,.F.);
#937=ORIENTED_EDGE('',*,*,#1793,.T.);
#938=ORIENTED_EDGE('',*,*,#1790,.T.);
#939=ORIENTED_EDGE('',*,*,#1794,.F.);
#940=ORIENTED_EDGE('',*,*,#1795,.F.);
#941=ORIENTED_EDGE('',*,*,#1794,.T.);
#942=ORIENTED_EDGE('',*,*,#1789,.F.);
#943=ORIENTED_EDGE('',*,*,#1796,.F.);
#944=ORIENTED_EDGE('',*,*,#1797,.T.);
#945=ORIENTED_EDGE('',*,*,#1798,.F.);
#946=ORIENTED_EDGE('',*,*,#1799,.F.);
#947=ORIENTED_EDGE('',*,*,#1800,.F.);
#948=ORIENTED_EDGE('',*,*,#1800,.T.);
#949=ORIENTED_EDGE('',*,*,#1801,.F.);
#950=ORIENTED_EDGE('',*,*,#1802,.F.);
#951=ORIENTED_EDGE('',*,*,#1803,.T.);
#952=ORIENTED_EDGE('',*,*,#1803,.F.);
#953=ORIENTED_EDGE('',*,*,#1804,.F.);
#954=ORIENTED_EDGE('',*,*,#1797,.F.);
#955=ORIENTED_EDGE('',*,*,#1805,.F.);
#956=ORIENTED_EDGE('',*,*,#1806,.F.);
#957=ORIENTED_EDGE('',*,*,#1807,.T.);
#958=ORIENTED_EDGE('',*,*,#1808,.F.);
#959=ORIENTED_EDGE('',*,*,#1808,.T.);
#960=ORIENTED_EDGE('',*,*,#1809,.F.);
#961=ORIENTED_EDGE('',*,*,#1810,.F.);
#962=ORIENTED_EDGE('',*,*,#1811,.T.);
#963=ORIENTED_EDGE('',*,*,#1807,.F.);
#964=ORIENTED_EDGE('',*,*,#1812,.F.);
#965=ORIENTED_EDGE('',*,*,#1809,.T.);
#966=ORIENTED_EDGE('',*,*,#1813,.F.);
#967=ORIENTED_EDGE('',*,*,#1814,.T.);
#968=ORIENTED_EDGE('',*,*,#1815,.T.);
#969=ORIENTED_EDGE('',*,*,#1816,.F.);
#970=ORIENTED_EDGE('',*,*,#1817,.T.);
#971=ORIENTED_EDGE('',*,*,#1814,.F.);
#972=ORIENTED_EDGE('',*,*,#1818,.F.);
#973=ORIENTED_EDGE('',*,*,#1819,.F.);
#974=ORIENTED_EDGE('',*,*,#1815,.F.);
#975=ORIENTED_EDGE('',*,*,#1817,.F.);
#976=ORIENTED_EDGE('',*,*,#1820,.F.);
#977=ORIENTED_EDGE('',*,*,#1821,.T.);
#978=ORIENTED_EDGE('',*,*,#1822,.T.);
#979=ORIENTED_EDGE('',*,*,#1823,.F.);
#980=ORIENTED_EDGE('',*,*,#1824,.F.);
#981=ORIENTED_EDGE('',*,*,#1825,.T.);
#982=ORIENTED_EDGE('',*,*,#1822,.F.);
#983=ORIENTED_EDGE('',*,*,#1826,.F.);
#984=ORIENTED_EDGE('',*,*,#1827,.F.);
#985=ORIENTED_EDGE('',*,*,#1823,.T.);
#986=ORIENTED_EDGE('',*,*,#1825,.F.);
#987=ORIENTED_EDGE('',*,*,#1828,.F.);
#988=ORIENTED_EDGE('',*,*,#1829,.F.);
#989=ORIENTED_EDGE('',*,*,#1830,.T.);
#990=ORIENTED_EDGE('',*,*,#1831,.T.);
#991=ORIENTED_EDGE('',*,*,#1832,.F.);
#992=ORIENTED_EDGE('',*,*,#1833,.F.);
#993=ORIENTED_EDGE('',*,*,#1830,.F.);
#994=ORIENTED_EDGE('',*,*,#1834,.T.);
#995=ORIENTED_EDGE('',*,*,#1835,.F.);
#996=ORIENTED_EDGE('',*,*,#1831,.F.);
#997=ORIENTED_EDGE('',*,*,#1833,.T.);
#998=ORIENTED_EDGE('',*,*,#1836,.F.);
#999=ORIENTED_EDGE('',*,*,#1837,.T.);
#1000=ORIENTED_EDGE('',*,*,#1838,.F.);
#1001=ORIENTED_EDGE('',*,*,#1839,.F.);
#1002=ORIENTED_EDGE('',*,*,#1840,.F.);
#1003=ORIENTED_EDGE('',*,*,#1841,.T.);
#1004=ORIENTED_EDGE('',*,*,#1838,.T.);
#1005=ORIENTED_EDGE('',*,*,#1842,.F.);
#1006=ORIENTED_EDGE('',*,*,#1843,.F.);
#1007=ORIENTED_EDGE('',*,*,#1842,.T.);
#1008=ORIENTED_EDGE('',*,*,#1837,.F.);
#1009=ORIENTED_EDGE('',*,*,#1844,.F.);
#1010=ORIENTED_EDGE('',*,*,#1845,.T.);
#1011=ORIENTED_EDGE('',*,*,#1846,.T.);
#1012=ORIENTED_EDGE('',*,*,#1847,.F.);
#1013=ORIENTED_EDGE('',*,*,#1848,.F.);
#1014=ORIENTED_EDGE('',*,*,#1849,.T.);
#1015=ORIENTED_EDGE('',*,*,#1846,.F.);
#1016=ORIENTED_EDGE('',*,*,#1850,.F.);
#1017=ORIENTED_EDGE('',*,*,#1851,.F.);
#1018=ORIENTED_EDGE('',*,*,#1847,.T.);
#1019=ORIENTED_EDGE('',*,*,#1849,.F.);
#1020=ORIENTED_EDGE('',*,*,#1852,.F.);
#1021=ORIENTED_EDGE('',*,*,#1853,.T.);
#1022=ORIENTED_EDGE('',*,*,#1854,.F.);
#1023=ORIENTED_EDGE('',*,*,#1855,.F.);
#1024=ORIENTED_EDGE('',*,*,#1856,.T.);
#1025=ORIENTED_EDGE('',*,*,#1857,.F.);
#1026=ORIENTED_EDGE('',*,*,#1858,.F.);
#1027=ORIENTED_EDGE('',*,*,#1859,.T.);
#1028=ORIENTED_EDGE('',*,*,#1853,.F.);
#1029=ORIENTED_EDGE('',*,*,#1859,.F.);
#1030=ORIENTED_EDGE('',*,*,#1860,.F.);
#1031=ORIENTED_EDGE('',*,*,#1854,.T.);
#1032=ORIENTED_EDGE('',*,*,#1861,.F.);
#1033=ORIENTED_EDGE('',*,*,#1862,.T.);
#1034=ORIENTED_EDGE('',*,*,#1863,.T.);
#1035=ORIENTED_EDGE('',*,*,#1864,.F.);
#1036=ORIENTED_EDGE('',*,*,#1865,.F.);
#1037=ORIENTED_EDGE('',*,*,#1862,.F.);
#1038=ORIENTED_EDGE('',*,*,#1866,.T.);
#1039=ORIENTED_EDGE('',*,*,#1867,.F.);
#1040=ORIENTED_EDGE('',*,*,#1863,.F.);
#1041=ORIENTED_EDGE('',*,*,#1865,.T.);
#1042=ORIENTED_EDGE('',*,*,#1868,.F.);
#1043=ORIENTED_EDGE('',*,*,#1869,.T.);
#1044=ORIENTED_EDGE('',*,*,#1870,.F.);
#1045=ORIENTED_EDGE('',*,*,#1871,.F.);
#1046=ORIENTED_EDGE('',*,*,#1872,.T.);
#1047=ORIENTED_EDGE('',*,*,#1873,.F.);
#1048=ORIENTED_EDGE('',*,*,#1874,.F.);
#1049=ORIENTED_EDGE('',*,*,#1875,.T.);
#1050=ORIENTED_EDGE('',*,*,#1869,.F.);
#1051=ORIENTED_EDGE('',*,*,#1875,.F.);
#1052=ORIENTED_EDGE('',*,*,#1876,.F.);
#1053=ORIENTED_EDGE('',*,*,#1870,.T.);
#1054=ORIENTED_EDGE('',*,*,#1877,.F.);
#1055=ORIENTED_EDGE('',*,*,#1878,.F.);
#1056=ORIENTED_EDGE('',*,*,#1879,.T.);
#1057=ORIENTED_EDGE('',*,*,#1880,.F.);
#1058=ORIENTED_EDGE('',*,*,#1880,.T.);
#1059=ORIENTED_EDGE('',*,*,#1881,.F.);
#1060=ORIENTED_EDGE('',*,*,#1882,.F.);
#1061=ORIENTED_EDGE('',*,*,#1883,.T.);
#1062=ORIENTED_EDGE('',*,*,#1879,.F.);
#1063=ORIENTED_EDGE('',*,*,#1884,.F.);
#1064=ORIENTED_EDGE('',*,*,#1881,.T.);
#1065=ORIENTED_EDGE('',*,*,#1885,.F.);
#1066=ORIENTED_EDGE('',*,*,#1886,.F.);
#1067=ORIENTED_EDGE('',*,*,#1887,.T.);
#1068=ORIENTED_EDGE('',*,*,#1888,.F.);
#1069=ORIENTED_EDGE('',*,*,#1888,.T.);
#1070=ORIENTED_EDGE('',*,*,#1889,.F.);
#1071=ORIENTED_EDGE('',*,*,#1890,.F.);
#1072=ORIENTED_EDGE('',*,*,#1891,.T.);
#1073=ORIENTED_EDGE('',*,*,#1887,.F.);
#1074=ORIENTED_EDGE('',*,*,#1892,.F.);
#1075=ORIENTED_EDGE('',*,*,#1889,.T.);
#1076=ORIENTED_EDGE('',*,*,#1893,.T.);
#1077=ORIENTED_EDGE('',*,*,#1894,.F.);
#1078=ORIENTED_EDGE('',*,*,#1895,.F.);
#1079=ORIENTED_EDGE('',*,*,#1896,.F.);
#1080=ORIENTED_EDGE('',*,*,#1897,.T.);
#1081=ORIENTED_EDGE('',*,*,#1894,.T.);
#1082=ORIENTED_EDGE('',*,*,#1898,.F.);
#1083=ORIENTED_EDGE('',*,*,#1899,.F.);
#1084=ORIENTED_EDGE('',*,*,#1898,.T.);
#1085=ORIENTED_EDGE('',*,*,#1893,.F.);
#1086=ORIENTED_EDGE('',*,*,#1900,.F.);
#1087=ORIENTED_EDGE('',*,*,#1901,.F.);
#1088=ORIENTED_EDGE('',*,*,#1902,.T.);
#1089=ORIENTED_EDGE('',*,*,#1903,.T.);
#1090=ORIENTED_EDGE('',*,*,#1904,.F.);
#1091=ORIENTED_EDGE('',*,*,#1905,.T.);
#1092=ORIENTED_EDGE('',*,*,#1902,.F.);
#1093=ORIENTED_EDGE('',*,*,#1906,.F.);
#1094=ORIENTED_EDGE('',*,*,#1907,.F.);
#1095=ORIENTED_EDGE('',*,*,#1903,.F.);
#1096=ORIENTED_EDGE('',*,*,#1905,.F.);
#1097=ORIENTED_EDGE('',*,*,#1908,.F.);
#1098=ORIENTED_EDGE('',*,*,#1909,.F.);
#1099=ORIENTED_EDGE('',*,*,#1910,.T.);
#1100=ORIENTED_EDGE('',*,*,#1911,.T.);
#1101=ORIENTED_EDGE('',*,*,#1912,.F.);
#1102=ORIENTED_EDGE('',*,*,#1913,.T.);
#1103=ORIENTED_EDGE('',*,*,#1910,.F.);
#1104=ORIENTED_EDGE('',*,*,#1914,.F.);
#1105=ORIENTED_EDGE('',*,*,#1915,.F.);
#1106=ORIENTED_EDGE('',*,*,#1911,.F.);
#1107=ORIENTED_EDGE('',*,*,#1913,.F.);
#1108=ORIENTED_EDGE('',*,*,#1916,.F.);
#1109=ORIENTED_EDGE('',*,*,#1917,.T.);
#1110=ORIENTED_EDGE('',*,*,#1918,.T.);
#1111=ORIENTED_EDGE('',*,*,#1919,.F.);
#1112=ORIENTED_EDGE('',*,*,#1920,.F.);
#1113=ORIENTED_EDGE('',*,*,#1921,.T.);
#1114=ORIENTED_EDGE('',*,*,#1918,.F.);
#1115=ORIENTED_EDGE('',*,*,#1922,.F.);
#1116=ORIENTED_EDGE('',*,*,#1923,.F.);
#1117=ORIENTED_EDGE('',*,*,#1919,.T.);
#1118=ORIENTED_EDGE('',*,*,#1921,.F.);
#1119=ORIENTED_EDGE('',*,*,#1924,.F.);
#1120=ORIENTED_EDGE('',*,*,#1925,.T.);
#1121=ORIENTED_EDGE('',*,*,#1926,.T.);
#1122=ORIENTED_EDGE('',*,*,#1927,.F.);
#1123=ORIENTED_EDGE('',*,*,#1928,.F.);
#1124=ORIENTED_EDGE('',*,*,#1929,.T.);
#1125=ORIENTED_EDGE('',*,*,#1926,.F.);
#1126=ORIENTED_EDGE('',*,*,#1930,.F.);
#1127=ORIENTED_EDGE('',*,*,#1931,.F.);
#1128=ORIENTED_EDGE('',*,*,#1927,.T.);
#1129=ORIENTED_EDGE('',*,*,#1929,.F.);
#1130=ORIENTED_EDGE('',*,*,#1932,.F.);
#1131=ORIENTED_EDGE('',*,*,#1933,.T.);
#1132=ORIENTED_EDGE('',*,*,#1934,.T.);
#1133=ORIENTED_EDGE('',*,*,#1935,.F.);
#1134=ORIENTED_EDGE('',*,*,#1936,.F.);
#1135=ORIENTED_EDGE('',*,*,#1937,.T.);
#1136=ORIENTED_EDGE('',*,*,#1934,.F.);
#1137=ORIENTED_EDGE('',*,*,#1938,.F.);
#1138=ORIENTED_EDGE('',*,*,#1939,.F.);
#1139=ORIENTED_EDGE('',*,*,#1935,.T.);
#1140=ORIENTED_EDGE('',*,*,#1937,.F.);
#1141=ORIENTED_EDGE('',*,*,#1940,.F.);
#1142=ORIENTED_EDGE('',*,*,#1941,.F.);
#1143=ORIENTED_EDGE('',*,*,#1942,.F.);
#1144=ORIENTED_EDGE('',*,*,#1943,.T.);
#1145=ORIENTED_EDGE('',*,*,#1944,.F.);
#1146=ORIENTED_EDGE('',*,*,#1945,.F.);
#1147=ORIENTED_EDGE('',*,*,#1942,.T.);
#1148=ORIENTED_EDGE('',*,*,#1946,.T.);
#1149=ORIENTED_EDGE('',*,*,#1947,.F.);
#1150=ORIENTED_EDGE('',*,*,#1946,.F.);
#1151=ORIENTED_EDGE('',*,*,#1941,.T.);
#1152=ORIENTED_EDGE('',*,*,#1948,.F.);
#1153=ORIENTED_EDGE('',*,*,#1949,.F.);
#1154=ORIENTED_EDGE('',*,*,#1950,.T.);
#1155=ORIENTED_EDGE('',*,*,#1951,.T.);
#1156=ORIENTED_EDGE('',*,*,#1952,.F.);
#1157=ORIENTED_EDGE('',*,*,#1953,.F.);
#1158=ORIENTED_EDGE('',*,*,#1950,.F.);
#1159=ORIENTED_EDGE('',*,*,#1954,.T.);
#1160=ORIENTED_EDGE('',*,*,#1955,.F.);
#1161=ORIENTED_EDGE('',*,*,#1951,.F.);
#1162=ORIENTED_EDGE('',*,*,#1953,.T.);
#1163=ORIENTED_EDGE('',*,*,#1956,.F.);
#1164=ORIENTED_EDGE('',*,*,#1957,.F.);
#1165=ORIENTED_EDGE('',*,*,#1958,.F.);
#1166=ORIENTED_EDGE('',*,*,#1959,.T.);
#1167=ORIENTED_EDGE('',*,*,#1960,.F.);
#1168=ORIENTED_EDGE('',*,*,#1961,.F.);
#1169=ORIENTED_EDGE('',*,*,#1958,.T.);
#1170=ORIENTED_EDGE('',*,*,#1962,.T.);
#1171=ORIENTED_EDGE('',*,*,#1963,.F.);
#1172=ORIENTED_EDGE('',*,*,#1962,.F.);
#1173=ORIENTED_EDGE('',*,*,#1957,.T.);
#1174=ORIENTED_EDGE('',*,*,#1964,.F.);
#1175=ORIENTED_EDGE('',*,*,#1891,.F.);
#1176=ORIENTED_EDGE('',*,*,#1965,.F.);
#1177=ORIENTED_EDGE('',*,*,#1885,.T.);
#1178=ORIENTED_EDGE('',*,*,#1872,.F.);
#1179=ORIENTED_EDGE('',*,*,#1966,.F.);
#1180=ORIENTED_EDGE('',*,*,#1873,.T.);
#1181=ORIENTED_EDGE('',*,*,#1883,.F.);
#1182=ORIENTED_EDGE('',*,*,#1967,.F.);
#1183=ORIENTED_EDGE('',*,*,#1877,.T.);
#1184=ORIENTED_EDGE('',*,*,#1856,.F.);
#1185=ORIENTED_EDGE('',*,*,#1968,.F.);
#1186=ORIENTED_EDGE('',*,*,#1857,.T.);
#1187=ORIENTED_EDGE('',*,*,#1811,.F.);
#1188=ORIENTED_EDGE('',*,*,#1969,.F.);
#1189=ORIENTED_EDGE('',*,*,#1805,.T.);
#1190=ORIENTED_EDGE('',*,*,#1799,.T.);
#1191=ORIENTED_EDGE('',*,*,#1970,.F.);
#1192=ORIENTED_EDGE('',*,*,#1801,.T.);
#1193=ORIENTED_EDGE('',*,*,#1778,.F.);
#1194=ORIENTED_EDGE('',*,*,#1773,.T.);
#1195=ORIENTED_EDGE('',*,*,#1971,.F.);
#1196=ORIENTED_EDGE('',*,*,#1791,.T.);
#1197=ORIENTED_EDGE('',*,*,#1793,.F.);
#1198=ORIENTED_EDGE('',*,*,#1972,.F.);
#1199=ORIENTED_EDGE('',*,*,#1826,.T.);
#1200=ORIENTED_EDGE('',*,*,#1821,.F.);
#1201=ORIENTED_EDGE('',*,*,#1973,.F.);
#1202=ORIENTED_EDGE('',*,*,#1834,.F.);
#1203=ORIENTED_EDGE('',*,*,#1829,.T.);
#1204=ORIENTED_EDGE('',*,*,#1974,.F.);
#1205=ORIENTED_EDGE('',*,*,#1866,.F.);
#1206=ORIENTED_EDGE('',*,*,#1861,.T.);
#1207=ORIENTED_EDGE('',*,*,#1975,.F.);
#1208=ORIENTED_EDGE('',*,*,#1839,.T.);
#1209=ORIENTED_EDGE('',*,*,#1841,.F.);
#1210=ORIENTED_EDGE('',*,*,#1976,.F.);
#1211=ORIENTED_EDGE('',*,*,#1922,.T.);
#1212=ORIENTED_EDGE('',*,*,#1917,.F.);
#1213=ORIENTED_EDGE('',*,*,#1977,.F.);
#1214=ORIENTED_EDGE('',*,*,#1943,.F.);
#1215=ORIENTED_EDGE('',*,*,#1945,.T.);
#1216=ORIENTED_EDGE('',*,*,#1978,.F.);
#1217=ORIENTED_EDGE('',*,*,#1954,.F.);
#1218=ORIENTED_EDGE('',*,*,#1949,.T.);
#1219=ORIENTED_EDGE('',*,*,#1979,.F.);
#1220=ORIENTED_EDGE('',*,*,#1938,.T.);
#1221=ORIENTED_EDGE('',*,*,#1933,.F.);
#1222=ORIENTED_EDGE('',*,*,#1980,.F.);
#1223=ORIENTED_EDGE('',*,*,#1930,.T.);
#1224=ORIENTED_EDGE('',*,*,#1925,.F.);
#1225=ORIENTED_EDGE('',*,*,#1981,.F.);
#1226=ORIENTED_EDGE('',*,*,#1959,.F.);
#1227=ORIENTED_EDGE('',*,*,#1961,.T.);
#1228=ORIENTED_EDGE('',*,*,#1982,.F.);
#1229=ORIENTED_EDGE('',*,*,#1764,.T.);
#1230=ORIENTED_EDGE('',*,*,#1983,.F.);
#1231=ORIENTED_EDGE('',*,*,#1984,.F.);
#1232=ORIENTED_EDGE('',*,*,#1985,.F.);
#1233=ORIENTED_EDGE('',*,*,#1909,.T.);
#1234=ORIENTED_EDGE('',*,*,#1986,.F.);
#1235=ORIENTED_EDGE('',*,*,#1914,.T.);
#1236=ORIENTED_EDGE('',*,*,#1901,.T.);
#1237=ORIENTED_EDGE('',*,*,#1987,.F.);
#1238=ORIENTED_EDGE('',*,*,#1906,.T.);
#1239=ORIENTED_EDGE('',*,*,#1895,.T.);
#1240=ORIENTED_EDGE('',*,*,#1897,.F.);
#1241=ORIENTED_EDGE('',*,*,#1988,.F.);
#1242=ORIENTED_EDGE('',*,*,#1813,.T.);
#1243=ORIENTED_EDGE('',*,*,#1989,.F.);
#1244=ORIENTED_EDGE('',*,*,#1818,.T.);
#1245=ORIENTED_EDGE('',*,*,#1783,.T.);
#1246=ORIENTED_EDGE('',*,*,#1785,.F.);
#1247=ORIENTED_EDGE('',*,*,#1990,.F.);
#1248=ORIENTED_EDGE('',*,*,#1850,.T.);
#1249=ORIENTED_EDGE('',*,*,#1845,.F.);
#1250=ORIENTED_EDGE('',*,*,#1991,.F.);
#1251=ORIENTED_EDGE('',*,*,#1992,.F.);
#1252=ORIENTED_EDGE('',*,*,#1993,.F.);
#1253=ORIENTED_EDGE('',*,*,#1770,.F.);
#1254=ORIENTED_EDGE('',*,*,#1994,.F.);
#1255=ORIENTED_EDGE('',*,*,#1995,.T.);
#1256=ORIENTED_EDGE('',*,*,#1996,.F.);
#1257=ORIENTED_EDGE('',*,*,#1766,.T.);
#1258=ORIENTED_EDGE('',*,*,#1997,.F.);
#1259=ORIENTED_EDGE('',*,*,#1998,.T.);
#1260=ORIENTED_EDGE('',*,*,#1992,.T.);
#1261=ORIENTED_EDGE('',*,*,#1772,.F.);
#1262=ORIENTED_EDGE('',*,*,#1768,.F.);
#1263=ORIENTED_EDGE('',*,*,#1999,.F.);
#1264=ORIENTED_EDGE('',*,*,#1993,.T.);
#1265=ORIENTED_EDGE('',*,*,#1998,.F.);
#1266=ORIENTED_EDGE('',*,*,#2000,.F.);
#1267=ORIENTED_EDGE('',*,*,#2001,.T.);
#1268=ORIENTED_EDGE('',*,*,#1758,.F.);
#1269=ORIENTED_EDGE('',*,*,#1481,.F.);
#1270=ORIENTED_EDGE('',*,*,#1762,.F.);
#1271=ORIENTED_EDGE('',*,*,#2002,.F.);
#1272=ORIENTED_EDGE('',*,*,#2003,.F.);
#1273=ORIENTED_EDGE('',*,*,#1983,.T.);
#1274=ORIENTED_EDGE('',*,*,#1763,.F.);
#1275=ORIENTED_EDGE('',*,*,#1771,.F.);
#1276=ORIENTED_EDGE('',*,*,#1759,.F.);
#1277=ORIENTED_EDGE('',*,*,#2001,.F.);
#1278=ORIENTED_EDGE('',*,*,#2004,.T.);
#1279=ORIENTED_EDGE('',*,*,#2005,.T.);
#1280=ORIENTED_EDGE('',*,*,#1760,.T.);
#1281=ORIENTED_EDGE('',*,*,#2005,.F.);
#1282=ORIENTED_EDGE('',*,*,#2006,.F.);
#1283=ORIENTED_EDGE('',*,*,#2007,.T.);
#1284=ORIENTED_EDGE('',*,*,#2008,.F.);
#1285=ORIENTED_EDGE('',*,*,#2009,.T.);
#1286=ORIENTED_EDGE('',*,*,#1761,.T.);
#1287=ORIENTED_EDGE('',*,*,#2007,.F.);
#1288=ORIENTED_EDGE('',*,*,#2010,.F.);
#1289=ORIENTED_EDGE('',*,*,#2002,.T.);
#1290=ORIENTED_EDGE('',*,*,#2011,.T.);
#1291=ORIENTED_EDGE('',*,*,#1757,.F.);
#1292=ORIENTED_EDGE('',*,*,#1995,.F.);
#1293=ORIENTED_EDGE('',*,*,#2012,.F.);
#1294=ORIENTED_EDGE('',*,*,#1984,.T.);
#1295=ORIENTED_EDGE('',*,*,#2003,.T.);
#1296=ORIENTED_EDGE('',*,*,#2010,.T.);
#1297=ORIENTED_EDGE('',*,*,#2006,.T.);
#1298=ORIENTED_EDGE('',*,*,#2004,.F.);
#1299=ORIENTED_EDGE('',*,*,#2000,.T.);
#1300=ORIENTED_EDGE('',*,*,#1997,.T.);
#1301=ORIENTED_EDGE('',*,*,#2013,.F.);
#1302=ORIENTED_EDGE('',*,*,#2008,.T.);
#1303=ORIENTED_EDGE('',*,*,#2011,.F.);
#1304=ORIENTED_EDGE('',*,*,#2013,.T.);
#1305=ORIENTED_EDGE('',*,*,#1999,.T.);
#1306=ORIENTED_EDGE('',*,*,#1767,.T.);
#1307=ORIENTED_EDGE('',*,*,#1996,.T.);
#1308=ORIENTED_EDGE('',*,*,#2012,.T.);
#1309=ORIENTED_EDGE('',*,*,#1994,.T.);
#1310=ORIENTED_EDGE('',*,*,#1765,.T.);
#1311=ORIENTED_EDGE('',*,*,#1985,.T.);
#1312=ORIENTED_EDGE('',*,*,#1750,.T.);
#1313=ORIENTED_EDGE('',*,*,#2009,.F.);
#1314=ORIENTED_EDGE('',*,*,#1776,.T.);
#1315=ORIENTED_EDGE('',*,*,#1780,.T.);
#1316=ORIENTED_EDGE('',*,*,#1779,.T.);
#1317=ORIENTED_EDGE('',*,*,#1971,.T.);
#1318=ORIENTED_EDGE('',*,*,#1784,.T.);
#1319=ORIENTED_EDGE('',*,*,#1990,.T.);
#1320=ORIENTED_EDGE('',*,*,#1787,.T.);
#1321=ORIENTED_EDGE('',*,*,#1788,.T.);
#1322=ORIENTED_EDGE('',*,*,#1792,.T.);
#1323=ORIENTED_EDGE('',*,*,#1972,.T.);
#1324=ORIENTED_EDGE('',*,*,#1795,.T.);
#1325=ORIENTED_EDGE('',*,*,#1796,.T.);
#1326=ORIENTED_EDGE('',*,*,#1824,.T.);
#1327=ORIENTED_EDGE('',*,*,#1828,.T.);
#1328=ORIENTED_EDGE('',*,*,#1827,.T.);
#1329=ORIENTED_EDGE('',*,*,#1973,.T.);
#1330=ORIENTED_EDGE('',*,*,#1798,.T.);
#1331=ORIENTED_EDGE('',*,*,#1804,.T.);
#1332=ORIENTED_EDGE('',*,*,#1802,.T.);
#1333=ORIENTED_EDGE('',*,*,#1970,.T.);
#1334=ORIENTED_EDGE('',*,*,#1806,.T.);
#1335=ORIENTED_EDGE('',*,*,#1969,.T.);
#1336=ORIENTED_EDGE('',*,*,#1810,.T.);
#1337=ORIENTED_EDGE('',*,*,#1812,.T.);
#1338=ORIENTED_EDGE('',*,*,#1816,.T.);
#1339=ORIENTED_EDGE('',*,*,#1820,.T.);
#1340=ORIENTED_EDGE('',*,*,#1819,.T.);
#1341=ORIENTED_EDGE('',*,*,#1989,.T.);
#1342=ORIENTED_EDGE('',*,*,#1835,.T.);
#1343=ORIENTED_EDGE('',*,*,#1974,.T.);
#1344=ORIENTED_EDGE('',*,*,#1832,.T.);
#1345=ORIENTED_EDGE('',*,*,#1836,.T.);
#1346=ORIENTED_EDGE('',*,*,#1864,.T.);
#1347=ORIENTED_EDGE('',*,*,#1868,.T.);
#1348=ORIENTED_EDGE('',*,*,#1867,.T.);
#1349=ORIENTED_EDGE('',*,*,#1975,.T.);
#1350=ORIENTED_EDGE('',*,*,#1851,.T.);
#1351=ORIENTED_EDGE('',*,*,#1991,.T.);
#1352=ORIENTED_EDGE('',*,*,#1848,.T.);
#1353=ORIENTED_EDGE('',*,*,#1852,.T.);
#1354=ORIENTED_EDGE('',*,*,#1855,.T.);
#1355=ORIENTED_EDGE('',*,*,#1860,.T.);
#1356=ORIENTED_EDGE('',*,*,#1858,.T.);
#1357=ORIENTED_EDGE('',*,*,#1968,.T.);
#1358=ORIENTED_EDGE('',*,*,#1840,.T.);
#1359=ORIENTED_EDGE('',*,*,#1976,.T.);
#1360=ORIENTED_EDGE('',*,*,#1843,.T.);
#1361=ORIENTED_EDGE('',*,*,#1844,.T.);
#1362=ORIENTED_EDGE('',*,*,#1878,.T.);
#1363=ORIENTED_EDGE('',*,*,#1967,.T.);
#1364=ORIENTED_EDGE('',*,*,#1882,.T.);
#1365=ORIENTED_EDGE('',*,*,#1884,.T.);
#1366=ORIENTED_EDGE('',*,*,#1920,.T.);
#1367=ORIENTED_EDGE('',*,*,#1924,.T.);
#1368=ORIENTED_EDGE('',*,*,#1923,.T.);
#1369=ORIENTED_EDGE('',*,*,#1977,.T.);
#1370=ORIENTED_EDGE('',*,*,#1904,.T.);
#1371=ORIENTED_EDGE('',*,*,#1908,.T.);
#1372=ORIENTED_EDGE('',*,*,#1907,.T.);
#1373=ORIENTED_EDGE('',*,*,#1987,.T.);
#1374=ORIENTED_EDGE('',*,*,#1944,.T.);
#1375=ORIENTED_EDGE('',*,*,#1978,.T.);
#1376=ORIENTED_EDGE('',*,*,#1947,.T.);
#1377=ORIENTED_EDGE('',*,*,#1948,.T.);
#1378=ORIENTED_EDGE('',*,*,#1952,.T.);
#1379=ORIENTED_EDGE('',*,*,#1956,.T.);
#1380=ORIENTED_EDGE('',*,*,#1955,.T.);
#1381=ORIENTED_EDGE('',*,*,#1979,.T.);
#1382=ORIENTED_EDGE('',*,*,#1871,.T.);
#1383=ORIENTED_EDGE('',*,*,#1876,.T.);
#1384=ORIENTED_EDGE('',*,*,#1874,.T.);
#1385=ORIENTED_EDGE('',*,*,#1966,.T.);
#1386=ORIENTED_EDGE('',*,*,#1896,.T.);
#1387=ORIENTED_EDGE('',*,*,#1988,.T.);
#1388=ORIENTED_EDGE('',*,*,#1899,.T.);
#1389=ORIENTED_EDGE('',*,*,#1900,.T.);
#1390=ORIENTED_EDGE('',*,*,#1939,.T.);
#1391=ORIENTED_EDGE('',*,*,#1980,.T.);
#1392=ORIENTED_EDGE('',*,*,#1936,.T.);
#1393=ORIENTED_EDGE('',*,*,#1940,.T.);
#1394=ORIENTED_EDGE('',*,*,#1928,.T.);
#1395=ORIENTED_EDGE('',*,*,#1932,.T.);
#1396=ORIENTED_EDGE('',*,*,#1931,.T.);
#1397=ORIENTED_EDGE('',*,*,#1981,.T.);
#1398=ORIENTED_EDGE('',*,*,#1912,.T.);
#1399=ORIENTED_EDGE('',*,*,#1916,.T.);
#1400=ORIENTED_EDGE('',*,*,#1915,.T.);
#1401=ORIENTED_EDGE('',*,*,#1986,.T.);
#1402=ORIENTED_EDGE('',*,*,#1886,.T.);
#1403=ORIENTED_EDGE('',*,*,#1965,.T.);
#1404=ORIENTED_EDGE('',*,*,#1890,.T.);
#1405=ORIENTED_EDGE('',*,*,#1892,.T.);
#1406=ORIENTED_EDGE('',*,*,#1960,.T.);
#1407=ORIENTED_EDGE('',*,*,#1982,.T.);
#1408=ORIENTED_EDGE('',*,*,#1963,.T.);
#1409=ORIENTED_EDGE('',*,*,#1964,.T.);
#1410=ORIENTED_EDGE('',*,*,#2014,.T.);
#1411=ORIENTED_EDGE('',*,*,#2015,.F.);
#1412=ORIENTED_EDGE('',*,*,#2016,.F.);
#1413=ORIENTED_EDGE('',*,*,#2017,.T.);
#1414=ORIENTED_EDGE('',*,*,#2014,.F.);
#1415=ORIENTED_EDGE('',*,*,#2016,.T.);
#1416=ORIENTED_EDGE('',*,*,#2015,.T.);
#1417=ORIENTED_EDGE('',*,*,#2017,.F.);
#1418=ORIENTED_EDGE('',*,*,#2018,.F.);
#1419=ORIENTED_EDGE('',*,*,#2019,.F.);
#1420=ORIENTED_EDGE('',*,*,#2020,.T.);
#1421=ORIENTED_EDGE('',*,*,#2021,.T.);
#1422=ORIENTED_EDGE('',*,*,#2022,.F.);
#1423=ORIENTED_EDGE('',*,*,#2021,.F.);
#1424=ORIENTED_EDGE('',*,*,#2023,.T.);
#1425=ORIENTED_EDGE('',*,*,#2024,.T.);
#1426=ORIENTED_EDGE('',*,*,#2025,.F.);
#1427=ORIENTED_EDGE('',*,*,#2024,.F.);
#1428=ORIENTED_EDGE('',*,*,#2026,.T.);
#1429=ORIENTED_EDGE('',*,*,#2027,.T.);
#1430=ORIENTED_EDGE('',*,*,#2028,.T.);
#1431=ORIENTED_EDGE('',*,*,#2027,.F.);
#1432=ORIENTED_EDGE('',*,*,#2029,.F.);
#1433=ORIENTED_EDGE('',*,*,#2030,.T.);
#1434=ORIENTED_EDGE('',*,*,#2031,.T.);
#1435=ORIENTED_EDGE('',*,*,#2030,.F.);
#1436=ORIENTED_EDGE('',*,*,#2032,.F.);
#1437=ORIENTED_EDGE('',*,*,#2033,.T.);
#1438=ORIENTED_EDGE('',*,*,#2034,.F.);
#1439=ORIENTED_EDGE('',*,*,#2033,.F.);
#1440=ORIENTED_EDGE('',*,*,#2035,.T.);
#1441=ORIENTED_EDGE('',*,*,#2036,.T.);
#1442=ORIENTED_EDGE('',*,*,#2037,.T.);
#1443=ORIENTED_EDGE('',*,*,#2036,.F.);
#1444=ORIENTED_EDGE('',*,*,#2038,.F.);
#1445=ORIENTED_EDGE('',*,*,#2019,.T.);
#1446=ORIENTED_EDGE('',*,*,#2020,.F.);
#1447=ORIENTED_EDGE('',*,*,#2038,.T.);
#1448=ORIENTED_EDGE('',*,*,#2035,.F.);
#1449=ORIENTED_EDGE('',*,*,#2032,.T.);
#1450=ORIENTED_EDGE('',*,*,#2029,.T.);
#1451=ORIENTED_EDGE('',*,*,#2026,.F.);
#1452=ORIENTED_EDGE('',*,*,#2023,.F.);
#1453=ORIENTED_EDGE('',*,*,#2018,.T.);
#1454=ORIENTED_EDGE('',*,*,#2022,.T.);
#1455=ORIENTED_EDGE('',*,*,#2025,.T.);
#1456=ORIENTED_EDGE('',*,*,#2028,.F.);
#1457=ORIENTED_EDGE('',*,*,#2031,.F.);
#1458=ORIENTED_EDGE('',*,*,#2034,.T.);
#1459=ORIENTED_EDGE('',*,*,#2037,.F.);
#1460=ORIENTED_EDGE('',*,*,#2039,.T.);
#1461=ORIENTED_EDGE('',*,*,#2040,.F.);
#1462=ORIENTED_EDGE('',*,*,#2041,.F.);
#1463=ORIENTED_EDGE('',*,*,#2042,.T.);
#1464=ORIENTED_EDGE('',*,*,#2039,.F.);
#1465=ORIENTED_EDGE('',*,*,#2041,.T.);
#1466=ORIENTED_EDGE('',*,*,#2040,.T.);
#1467=ORIENTED_EDGE('',*,*,#2042,.F.);
#1468=EDGE_CURVE('',#2043,#2044,#2431,.T.);
#1469=EDGE_CURVE('',#2045,#2043,#2432,.T.);
#1470=EDGE_CURVE('',#2045,#2046,#2433,.T.);
#1471=EDGE_CURVE('',#2046,#2044,#2434,.T.);
#1472=EDGE_CURVE('',#2043,#2047,#2435,.T.);
#1473=EDGE_CURVE('',#2048,#2047,#2436,.T.);
#1474=EDGE_CURVE('',#2045,#2048,#2437,.T.);
#1475=EDGE_CURVE('',#2047,#2049,#2438,.T.);
#1476=EDGE_CURVE('',#2050,#2049,#2439,.T.);
#1477=EDGE_CURVE('',#2048,#2050,#2440,.T.);
#1478=EDGE_CURVE('',#2044,#2049,#2441,.T.);
#1479=EDGE_CURVE('',#2046,#2050,#2442,.T.);
#1480=EDGE_CURVE('',#2051,#2052,#2443,.T.);
#1481=EDGE_CURVE('',#2052,#2053,#2444,.T.);
#1482=EDGE_CURVE('',#2054,#2053,#2445,.T.);
#1483=EDGE_CURVE('',#2051,#2054,#2446,.T.);
#1484=EDGE_CURVE('',#2055,#2056,#2447,.T.);
#1485=EDGE_CURVE('',#2055,#2057,#206,.T.);
#1486=EDGE_CURVE('',#2058,#2057,#2448,.T.);
#1487=EDGE_CURVE('',#2058,#2059,#207,.T.);
#1488=EDGE_CURVE('',#2059,#2060,#2449,.T.);
#1489=EDGE_CURVE('',#2060,#2061,#208,.T.);
#1490=EDGE_CURVE('',#2061,#2056,#2450,.T.);
#1491=EDGE_CURVE('',#2062,#2063,#11,.T.);
#1492=EDGE_CURVE('',#2057,#2062,#2451,.F.);
#1493=EDGE_CURVE('',#2063,#2055,#2452,.T.);
#1494=EDGE_CURVE('',#2064,#2065,#2453,.T.);
#1495=EDGE_CURVE('',#2065,#2066,#209,.T.);
#1496=EDGE_CURVE('',#2067,#2066,#2454,.T.);
#1497=EDGE_CURVE('',#2064,#2067,#2455,.T.);
#1498=EDGE_CURVE('',#2067,#2068,#2456,.T.);
#1499=EDGE_CURVE('',#2068,#2069,#210,.F.);
#1500=EDGE_CURVE('',#2064,#2069,#2457,.T.);
#1501=EDGE_CURVE('',#2066,#2068,#2458,.T.);
#1502=EDGE_CURVE('',#2070,#2071,#2459,.T.);
#1503=EDGE_CURVE('',#2070,#2072,#211,.T.);
#1504=EDGE_CURVE('',#2072,#2073,#2460,.T.);
#1505=EDGE_CURVE('',#2073,#2071,#2461,.T.);
#1506=EDGE_CURVE('',#2074,#2073,#2462,.T.);
#1507=EDGE_CURVE('',#2074,#2075,#212,.F.);
#1508=EDGE_CURVE('',#2075,#2071,#2463,.T.);
#1509=EDGE_CURVE('',#2075,#2070,#2464,.F.);
#1510=EDGE_CURVE('',#2076,#2077,#2465,.T.);
#1511=EDGE_CURVE('',#2076,#2078,#213,.T.);
#1512=EDGE_CURVE('',#2078,#2079,#2466,.T.);
#1513=EDGE_CURVE('',#2079,#2077,#2467,.T.);
#1514=EDGE_CURVE('',#2080,#2079,#2468,.T.);
#1515=EDGE_CURVE('',#2080,#2081,#214,.F.);
#1516=EDGE_CURVE('',#2081,#2077,#2469,.T.);
#1517=EDGE_CURVE('',#2081,#2076,#2470,.F.);
#1518=EDGE_CURVE('',#2082,#2083,#2471,.T.);
#1519=EDGE_CURVE('',#2083,#2084,#215,.T.);
#1520=EDGE_CURVE('',#2085,#2084,#2472,.T.);
#1521=EDGE_CURVE('',#2082,#2085,#2473,.T.);
#1522=EDGE_CURVE('',#2082,#2086,#2474,.T.);
#1523=EDGE_CURVE('',#2085,#2087,#2475,.T.);
#1524=EDGE_CURVE('',#2086,#2087,#2476,.T.);
#1525=EDGE_CURVE('',#2088,#2087,#2477,.T.);
#1526=EDGE_CURVE('',#2088,#2089,#216,.T.);
#1527=EDGE_CURVE('',#2089,#2086,#2478,.T.);
#1528=EDGE_CURVE('',#2084,#2088,#2479,.T.);
#1529=EDGE_CURVE('',#2090,#2091,#2480,.T.);
#1530=EDGE_CURVE('',#2090,#2092,#2481,.T.);
#1531=EDGE_CURVE('',#2092,#2093,#2482,.T.);
#1532=EDGE_CURVE('',#2091,#2093,#2483,.T.);
#1533=EDGE_CURVE('',#2094,#2091,#2484,.T.);
#1534=EDGE_CURVE('',#2094,#2095,#217,.T.);
#1535=EDGE_CURVE('',#2095,#2090,#2485,.T.);
#1536=EDGE_CURVE('',#2096,#2092,#2486,.T.);
#1537=EDGE_CURVE('',#2096,#2097,#218,.F.);
#1538=EDGE_CURVE('',#2097,#2093,#2487,.T.);
#1539=EDGE_CURVE('',#2097,#2094,#2488,.F.);
#1540=EDGE_CURVE('',#2098,#2099,#2489,.T.);
#1541=EDGE_CURVE('',#2099,#2100,#219,.T.);
#1542=EDGE_CURVE('',#2101,#2100,#2490,.T.);
#1543=EDGE_CURVE('',#2098,#2101,#2491,.T.);
#1544=EDGE_CURVE('',#2102,#2101,#2492,.T.);
#1545=EDGE_CURVE('',#2102,#2103,#220,.T.);
#1546=EDGE_CURVE('',#2103,#2098,#2493,.T.);
#1547=EDGE_CURVE('',#2100,#2102,#2494,.T.);
#1548=EDGE_CURVE('',#2104,#2105,#2495,.T.);
#1549=EDGE_CURVE('',#2104,#2106,#221,.F.);
#1550=EDGE_CURVE('',#2106,#2107,#2496,.T.);
#1551=EDGE_CURVE('',#2105,#2107,#2497,.T.);
#1552=EDGE_CURVE('',#2108,#2107,#2498,.T.);
#1553=EDGE_CURVE('',#2108,#2109,#222,.T.);
#1554=EDGE_CURVE('',#2109,#2105,#2499,.T.);
#1555=EDGE_CURVE('',#2106,#2108,#2500,.T.);
#1556=EDGE_CURVE('',#2110,#2111,#2501,.T.);
#1557=EDGE_CURVE('',#2111,#2112,#223,.T.);
#1558=EDGE_CURVE('',#2113,#2112,#2502,.T.);
#1559=EDGE_CURVE('',#2110,#2113,#2503,.T.);
#1560=EDGE_CURVE('',#2113,#2114,#2504,.T.);
#1561=EDGE_CURVE('',#2114,#2115,#224,.F.);
#1562=EDGE_CURVE('',#2110,#2115,#2505,.T.);
#1563=EDGE_CURVE('',#2112,#2114,#2506,.F.);
#1564=EDGE_CURVE('',#2116,#2117,#2507,.T.);
#1565=EDGE_CURVE('',#2116,#2118,#225,.T.);
#1566=EDGE_CURVE('',#2118,#2119,#2508,.T.);
#1567=EDGE_CURVE('',#2119,#2117,#2509,.T.);
#1568=EDGE_CURVE('',#2120,#2119,#2510,.T.);
#1569=EDGE_CURVE('',#2120,#2121,#226,.F.);
#1570=EDGE_CURVE('',#2121,#2117,#2511,.T.);
#1571=EDGE_CURVE('',#2121,#2116,#2512,.F.);
#1572=EDGE_CURVE('',#2122,#2123,#2513,.T.);
#1573=EDGE_CURVE('',#2122,#2124,#227,.F.);
#1574=EDGE_CURVE('',#2124,#2125,#2514,.T.);
#1575=EDGE_CURVE('',#2123,#2125,#2515,.T.);
#1576=EDGE_CURVE('',#2126,#2125,#2516,.T.);
#1577=EDGE_CURVE('',#2126,#2127,#228,.T.);
#1578=EDGE_CURVE('',#2127,#2123,#2517,.T.);
#1579=EDGE_CURVE('',#2124,#2126,#2518,.F.);
#1580=EDGE_CURVE('',#2128,#2129,#2519,.T.);
#1581=EDGE_CURVE('',#2128,#2130,#229,.F.);
#1582=EDGE_CURVE('',#2130,#2131,#2520,.T.);
#1583=EDGE_CURVE('',#2129,#2131,#2521,.T.);
#1584=EDGE_CURVE('',#2129,#2132,#2522,.T.);
#1585=EDGE_CURVE('',#2131,#2133,#2523,.T.);
#1586=EDGE_CURVE('',#2132,#2133,#2524,.T.);
#1587=EDGE_CURVE('',#2134,#2133,#2525,.T.);
#1588=EDGE_CURVE('',#2134,#2135,#230,.T.);
#1589=EDGE_CURVE('',#2135,#2132,#2526,.T.);
#1590=EDGE_CURVE('',#2130,#2134,#2527,.T.);
#1591=EDGE_CURVE('',#2136,#2137,#2528,.T.);
#1592=EDGE_CURVE('',#2137,#2138,#231,.T.);
#1593=EDGE_CURVE('',#2139,#2138,#2529,.T.);
#1594=EDGE_CURVE('',#2136,#2139,#2530,.T.);
#1595=EDGE_CURVE('',#2139,#2140,#2531,.T.);
#1596=EDGE_CURVE('',#2140,#2141,#232,.F.);
#1597=EDGE_CURVE('',#2136,#2141,#2532,.T.);
#1598=EDGE_CURVE('',#2138,#2140,#2533,.T.);
#1599=EDGE_CURVE('',#2142,#2143,#2534,.T.);
#1600=EDGE_CURVE('',#2142,#2144,#233,.F.);
#1601=EDGE_CURVE('',#2144,#2145,#2535,.T.);
#1602=EDGE_CURVE('',#2143,#2145,#2536,.T.);
#1603=EDGE_CURVE('',#2143,#2146,#2537,.T.);
#1604=EDGE_CURVE('',#2145,#2147,#2538,.T.);
#1605=EDGE_CURVE('',#2146,#2147,#2539,.T.);
#1606=EDGE_CURVE('',#2148,#2147,#2540,.T.);
#1607=EDGE_CURVE('',#2148,#2149,#234,.T.);
#1608=EDGE_CURVE('',#2149,#2146,#2541,.T.);
#1609=EDGE_CURVE('',#2144,#2148,#2542,.T.);
#1610=EDGE_CURVE('',#2150,#2151,#2543,.T.);
#1611=EDGE_CURVE('',#2150,#2152,#235,.T.);
#1612=EDGE_CURVE('',#2152,#2153,#2544,.T.);
#1613=EDGE_CURVE('',#2153,#2151,#2545,.T.);
#1614=EDGE_CURVE('',#2154,#2155,#2546,.T.);
#1615=EDGE_CURVE('',#2154,#2156,#236,.F.);
#1616=EDGE_CURVE('',#2156,#2157,#2547,.T.);
#1617=EDGE_CURVE('',#2155,#2157,#2548,.T.);
#1618=EDGE_CURVE('',#2153,#2155,#2549,.T.);
#1619=EDGE_CURVE('',#2151,#2157,#2550,.T.);
#1620=EDGE_CURVE('',#2156,#2150,#2551,.F.);
#1621=EDGE_CURVE('',#2158,#2159,#2552,.T.);
#1622=EDGE_CURVE('',#2158,#2160,#237,.T.);
#1623=EDGE_CURVE('',#2160,#2161,#2553,.T.);
#1624=EDGE_CURVE('',#2161,#2159,#2554,.T.);
#1625=EDGE_CURVE('',#2162,#2163,#2555,.T.);
#1626=EDGE_CURVE('',#2162,#2164,#238,.F.);
#1627=EDGE_CURVE('',#2164,#2165,#2556,.T.);
#1628=EDGE_CURVE('',#2163,#2165,#2557,.T.);
#1629=EDGE_CURVE('',#2161,#2163,#2558,.T.);
#1630=EDGE_CURVE('',#2159,#2165,#2559,.T.);
#1631=EDGE_CURVE('',#2164,#2158,#2560,.F.);
#1632=EDGE_CURVE('',#2166,#2167,#2561,.T.);
#1633=EDGE_CURVE('',#2166,#2168,#239,.T.);
#1634=EDGE_CURVE('',#2168,#2169,#2562,.T.);
#1635=EDGE_CURVE('',#2169,#2167,#2563,.T.);
#1636=EDGE_CURVE('',#2170,#2169,#2564,.T.);
#1637=EDGE_CURVE('',#2170,#2171,#240,.F.);
#1638=EDGE_CURVE('',#2171,#2167,#2565,.T.);
#1639=EDGE_CURVE('',#2171,#2166,#2566,.F.);
#1640=EDGE_CURVE('',#2172,#2173,#2567,.T.);
#1641=EDGE_CURVE('',#2173,#2174,#241,.T.);
#1642=EDGE_CURVE('',#2175,#2174,#2568,.T.);
#1643=EDGE_CURVE('',#2172,#2175,#2569,.T.);
#1644=EDGE_CURVE('',#2176,#2175,#2570,.T.);
#1645=EDGE_CURVE('',#2176,#2177,#242,.T.);
#1646=EDGE_CURVE('',#2177,#2172,#2571,.T.);
#1647=EDGE_CURVE('',#2174,#2176,#2572,.T.);
#1648=EDGE_CURVE('',#2178,#2179,#2573,.T.);
#1649=EDGE_CURVE('',#2179,#2180,#243,.T.);
#1650=EDGE_CURVE('',#2181,#2180,#2574,.T.);
#1651=EDGE_CURVE('',#2178,#2181,#2575,.T.);
#1652=EDGE_CURVE('',#2182,#2181,#2576,.T.);
#1653=EDGE_CURVE('',#2182,#2183,#244,.T.);
#1654=EDGE_CURVE('',#2183,#2178,#2577,.T.);
#1655=EDGE_CURVE('',#2180,#2182,#2578,.T.);
#1656=EDGE_CURVE('',#2184,#2185,#2579,.T.);
#1657=EDGE_CURVE('',#2184,#2186,#245,.F.);
#1658=EDGE_CURVE('',#2186,#2187,#2580,.T.);
#1659=EDGE_CURVE('',#2185,#2187,#2581,.T.);
#1660=EDGE_CURVE('',#2188,#2187,#2582,.T.);
#1661=EDGE_CURVE('',#2188,#2189,#246,.T.);
#1662=EDGE_CURVE('',#2189,#2185,#2583,.T.);
#1663=EDGE_CURVE('',#2186,#2188,#2584,.T.);
#1664=EDGE_CURVE('',#2190,#2191,#2585,.T.);
#1665=EDGE_CURVE('',#2190,#2192,#247,.F.);
#1666=EDGE_CURVE('',#2192,#2193,#2586,.T.);
#1667=EDGE_CURVE('',#2191,#2193,#2587,.T.);
#1668=EDGE_CURVE('',#2194,#2193,#2588,.T.);
#1669=EDGE_CURVE('',#2194,#2195,#248,.T.);
#1670=EDGE_CURVE('',#2195,#2191,#2589,.T.);
#1671=EDGE_CURVE('',#2192,#2194,#2590,.T.);
#1672=EDGE_CURVE('',#2196,#2197,#2591,.T.);
#1673=EDGE_CURVE('',#2196,#2198,#249,.F.);
#1674=EDGE_CURVE('',#2198,#2199,#2592,.T.);
#1675=EDGE_CURVE('',#2197,#2199,#2593,.T.);
#1676=EDGE_CURVE('',#2200,#2199,#2594,.T.);
#1677=EDGE_CURVE('',#2200,#2201,#250,.T.);
#1678=EDGE_CURVE('',#2201,#2197,#2595,.T.);
#1679=EDGE_CURVE('',#2198,#2200,#2596,.F.);
#1680=EDGE_CURVE('',#2202,#2203,#2597,.T.);
#1681=EDGE_CURVE('',#2203,#2204,#251,.F.);
#1682=EDGE_CURVE('',#2205,#2204,#2598,.T.);
#1683=EDGE_CURVE('',#2205,#2202,#2599,.T.);
#1684=EDGE_CURVE('',#2205,#2206,#2600,.T.);
#1685=EDGE_CURVE('',#2206,#2207,#252,.T.);
#1686=EDGE_CURVE('',#2202,#2207,#2601,.T.);
#1687=EDGE_CURVE('',#2207,#2203,#2602,.F.);
#1688=EDGE_CURVE('',#2208,#2209,#2603,.T.);
#1689=EDGE_CURVE('',#2209,#2210,#253,.T.);
#1690=EDGE_CURVE('',#2211,#2210,#2604,.T.);
#1691=EDGE_CURVE('',#2208,#2211,#2605,.T.);
#1692=EDGE_CURVE('',#2211,#2212,#2606,.T.);
#1693=EDGE_CURVE('',#2212,#2213,#254,.F.);
#1694=EDGE_CURVE('',#2208,#2213,#2607,.T.);
#1695=EDGE_CURVE('',#2210,#2212,#2608,.T.);
#1696=EDGE_CURVE('',#2214,#2215,#2609,.T.);
#1697=EDGE_CURVE('',#2215,#2216,#255,.F.);
#1698=EDGE_CURVE('',#2217,#2216,#2610,.T.);
#1699=EDGE_CURVE('',#2217,#2214,#2611,.T.);
#1700=EDGE_CURVE('',#2217,#2218,#2612,.T.);
#1701=EDGE_CURVE('',#2218,#2219,#256,.T.);
#1702=EDGE_CURVE('',#2214,#2219,#2613,.T.);
#1703=EDGE_CURVE('',#2219,#2215,#2614,.F.);
#1704=EDGE_CURVE('',#2069,#2065,#2615,.T.);
#1705=EDGE_CURVE('',#2089,#2083,#2616,.T.);
#1706=EDGE_CURVE('',#2078,#2080,#2617,.T.);
#1707=EDGE_CURVE('',#2109,#2104,#2618,.T.);
#1708=EDGE_CURVE('',#2095,#2096,#2619,.T.);
#1709=EDGE_CURVE('',#2115,#2111,#2620,.T.);
#1710=EDGE_CURVE('',#2141,#2137,#2621,.T.);
#1711=EDGE_CURVE('',#2135,#2128,#2622,.T.);
#1712=EDGE_CURVE('',#2118,#2120,#2623,.T.);
#1713=EDGE_CURVE('',#2189,#2184,#2624,.T.);
#1714=EDGE_CURVE('',#2152,#2154,#2625,.T.);
#1715=EDGE_CURVE('',#2204,#2206,#2626,.T.);
#1716=EDGE_CURVE('',#2213,#2209,#2627,.T.);
#1717=EDGE_CURVE('',#2149,#2142,#2628,.T.);
#1718=EDGE_CURVE('',#2201,#2196,#2629,.T.);
#1719=EDGE_CURVE('',#2195,#2190,#2630,.T.);
#1720=EDGE_CURVE('',#2160,#2162,#2631,.T.);
#1721=EDGE_CURVE('',#2216,#2218,#2632,.T.);
#1722=EDGE_CURVE('',#2061,#2220,#2633,.F.);
#1723=EDGE_CURVE('',#2220,#2221,#2634,.T.);
#1724=EDGE_CURVE('',#2221,#2056,#2635,.T.);
#1725=EDGE_CURVE('',#2183,#2179,#2636,.T.);
#1726=EDGE_CURVE('',#2177,#2173,#2637,.T.);
#1727=EDGE_CURVE('',#2168,#2170,#2638,.T.);
#1728=EDGE_CURVE('',#2103,#2099,#2639,.T.);
#1729=EDGE_CURVE('',#2072,#2074,#2640,.T.);
#1730=EDGE_CURVE('',#2127,#2122,#2641,.T.);
#1731=EDGE_CURVE('',#2222,#2062,#2642,.T.);
#1732=EDGE_CURVE('',#2063,#2222,#2643,.T.);
#1733=EDGE_CURVE('',#2223,#2060,#2644,.T.);
#1734=EDGE_CURVE('',#2059,#2224,#2645,.F.);
#1735=EDGE_CURVE('',#2223,#2224,#2646,.T.);
#1736=EDGE_CURVE('',#2225,#2226,#2647,.T.);
#1737=EDGE_CURVE('',#2226,#2058,#2648,.T.);
#1738=EDGE_CURVE('',#2225,#2222,#2649,.T.);
#1739=EDGE_CURVE('',#2221,#2227,#2650,.T.);
#1740=EDGE_CURVE('',#2227,#2051,#2651,.T.);
#1741=EDGE_CURVE('',#2228,#2054,#2652,.T.);
#1742=EDGE_CURVE('',#2228,#2225,#2653,.T.);
#1743=EDGE_CURVE('',#2053,#2229,#2654,.T.);
#1744=EDGE_CURVE('',#2230,#2229,#2655,.T.);
#1745=EDGE_CURVE('',#2228,#2230,#2656,.T.);
#1746=EDGE_CURVE('',#2231,#2229,#2657,.T.);
#1747=EDGE_CURVE('',#2232,#2231,#2658,.T.);
#1748=EDGE_CURVE('',#2232,#2230,#2659,.T.);
#1749=EDGE_CURVE('',#2233,#2233,#12,.T.);
#1750=EDGE_CURVE('',#2234,#2234,#13,.T.);
#1751=EDGE_CURVE('',#2227,#2232,#2660,.T.);
#1752=EDGE_CURVE('',#2052,#2231,#2661,.T.);
#1753=EDGE_CURVE('',#2235,#2235,#14,.T.);
#1754=EDGE_CURVE('',#2236,#2236,#15,.F.);
#1755=EDGE_CURVE('',#2224,#2226,#16,.T.);
#1756=EDGE_CURVE('',#2220,#2223,#17,.T.);
#1757=EDGE_CURVE('',#2237,#2237,#18,.F.);
#1758=EDGE_CURVE('',#2053,#2238,#2662,.T.);
#1759=EDGE_CURVE('',#2238,#2239,#2663,.T.);
#1760=EDGE_CURVE('',#2240,#2239,#2664,.T.);
#1761=EDGE_CURVE('',#2241,#2240,#2665,.T.);
#1762=EDGE_CURVE('',#2241,#2052,#2666,.T.);
#1763=EDGE_CURVE('',#2242,#2243,#2667,.T.);
#1764=EDGE_CURVE('',#2244,#2243,#2668,.T.);
#1765=EDGE_CURVE('',#2245,#2244,#257,.T.);
#1766=EDGE_CURVE('',#2246,#2245,#2669,.T.);
#1767=EDGE_CURVE('',#2247,#2246,#258,.T.);
#1768=EDGE_CURVE('',#2247,#2248,#2670,.T.);
#1769=EDGE_CURVE('',#2242,#2248,#259,.T.);
#1770=EDGE_CURVE('',#2249,#2250,#19,.T.);
#1771=EDGE_CURVE('',#2250,#2242,#2671,.T.);
#1772=EDGE_CURVE('',#2248,#2249,#2672,.F.);
#1773=EDGE_CURVE('',#2251,#2252,#2673,.T.);
#1774=EDGE_CURVE('',#2251,#2253,#2674,.T.);
#1775=EDGE_CURVE('',#2253,#2254,#2675,.T.);
#1776=EDGE_CURVE('',#2252,#2254,#260,.T.);
#1777=EDGE_CURVE('',#2253,#2255,#2676,.T.);
#1778=EDGE_CURVE('',#2251,#2256,#2677,.T.);
#1779=EDGE_CURVE('',#2255,#2256,#261,.F.);
#1780=EDGE_CURVE('',#2254,#2255,#2678,.T.);
#1781=EDGE_CURVE('',#2257,#2258,#2679,.T.);
#1782=EDGE_CURVE('',#2259,#2258,#2680,.T.);
#1783=EDGE_CURVE('',#2260,#2259,#2681,.T.);
#1784=EDGE_CURVE('',#2257,#2260,#262,.T.);
#1785=EDGE_CURVE('',#2261,#2259,#2682,.T.);
#1786=EDGE_CURVE('',#2262,#2258,#2683,.T.);
#1787=EDGE_CURVE('',#2261,#2262,#263,.F.);
#1788=EDGE_CURVE('',#2262,#2257,#2684,.F.);
#1789=EDGE_CURVE('',#2263,#2264,#2685,.T.);
#1790=EDGE_CURVE('',#2265,#2264,#2686,.T.);
#1791=EDGE_CURVE('',#2266,#2265,#2687,.T.);
#1792=EDGE_CURVE('',#2263,#2266,#264,.T.);
#1793=EDGE_CURVE('',#2267,#2265,#2688,.T.);
#1794=EDGE_CURVE('',#2268,#2264,#2689,.T.);
#1795=EDGE_CURVE('',#2267,#2268,#265,.F.);
#1796=EDGE_CURVE('',#2268,#2263,#2690,.F.);
#1797=EDGE_CURVE('',#2269,#2270,#2691,.T.);
#1798=EDGE_CURVE('',#2271,#2270,#266,.T.);
#1799=EDGE_CURVE('',#2272,#2271,#2692,.T.);
#1800=EDGE_CURVE('',#2269,#2272,#2693,.T.);
#1801=EDGE_CURVE('',#2273,#2272,#2694,.T.);
#1802=EDGE_CURVE('',#2274,#2273,#267,.T.);
#1803=EDGE_CURVE('',#2274,#2269,#2695,.T.);
#1804=EDGE_CURVE('',#2270,#2274,#2696,.F.);
#1805=EDGE_CURVE('',#2275,#2276,#2697,.T.);
#1806=EDGE_CURVE('',#2277,#2275,#268,.T.);
#1807=EDGE_CURVE('',#2277,#2278,#2698,.T.);
#1808=EDGE_CURVE('',#2276,#2278,#2699,.T.);
#1809=EDGE_CURVE('',#2279,#2278,#2700,.T.);
#1810=EDGE_CURVE('',#2280,#2279,#269,.F.);
#1811=EDGE_CURVE('',#2280,#2276,#2701,.T.);
#1812=EDGE_CURVE('',#2279,#2277,#2702,.F.);
#1813=EDGE_CURVE('',#2281,#2282,#2703,.T.);
#1814=EDGE_CURVE('',#2281,#2283,#2704,.T.);
#1815=EDGE_CURVE('',#2283,#2284,#2705,.T.);
#1816=EDGE_CURVE('',#2282,#2284,#270,.T.);
#1817=EDGE_CURVE('',#2285,#2283,#2706,.T.);
#1818=EDGE_CURVE('',#2286,#2281,#2707,.T.);
#1819=EDGE_CURVE('',#2285,#2286,#271,.T.);
#1820=EDGE_CURVE('',#2284,#2285,#2708,.F.);
#1821=EDGE_CURVE('',#2287,#2288,#2709,.T.);
#1822=EDGE_CURVE('',#2288,#2289,#2710,.T.);
#1823=EDGE_CURVE('',#2290,#2289,#2711,.T.);
#1824=EDGE_CURVE('',#2287,#2290,#272,.F.);
#1825=EDGE_CURVE('',#2291,#2289,#2712,.T.);
#1826=EDGE_CURVE('',#2292,#2288,#2713,.T.);
#1827=EDGE_CURVE('',#2291,#2292,#273,.T.);
#1828=EDGE_CURVE('',#2290,#2291,#2714,.T.);
#1829=EDGE_CURVE('',#2293,#2294,#2715,.T.);
#1830=EDGE_CURVE('',#2293,#2295,#2716,.T.);
#1831=EDGE_CURVE('',#2295,#2296,#2717,.T.);
#1832=EDGE_CURVE('',#2294,#2296,#274,.T.);
#1833=EDGE_CURVE('',#2295,#2297,#2718,.T.);
#1834=EDGE_CURVE('',#2293,#2298,#2719,.T.);
#1835=EDGE_CURVE('',#2297,#2298,#275,.F.);
#1836=EDGE_CURVE('',#2296,#2297,#2720,.F.);
#1837=EDGE_CURVE('',#2299,#2300,#2721,.T.);
#1838=EDGE_CURVE('',#2301,#2300,#2722,.T.);
#1839=EDGE_CURVE('',#2302,#2301,#2723,.T.);
#1840=EDGE_CURVE('',#2299,#2302,#276,.T.);
#1841=EDGE_CURVE('',#2303,#2301,#2724,.T.);
#1842=EDGE_CURVE('',#2304,#2300,#2725,.T.);
#1843=EDGE_CURVE('',#2303,#2304,#277,.F.);
#1844=EDGE_CURVE('',#2304,#2299,#2726,.F.);
#1845=EDGE_CURVE('',#2305,#2306,#2727,.T.);
#1846=EDGE_CURVE('',#2306,#2307,#2728,.T.);
#1847=EDGE_CURVE('',#2308,#2307,#2729,.T.);
#1848=EDGE_CURVE('',#2305,#2308,#278,.F.);
#1849=EDGE_CURVE('',#2309,#2307,#2730,.T.);
#1850=EDGE_CURVE('',#2310,#2306,#2731,.T.);
#1851=EDGE_CURVE('',#2309,#2310,#279,.T.);
#1852=EDGE_CURVE('',#2308,#2309,#2732,.F.);
#1853=EDGE_CURVE('',#2311,#2312,#2733,.T.);
#1854=EDGE_CURVE('',#2313,#2312,#2734,.T.);
#1855=EDGE_CURVE('',#2314,#2313,#280,.F.);
#1856=EDGE_CURVE('',#2314,#2311,#2735,.T.);
#1857=EDGE_CURVE('',#2315,#2311,#2736,.T.);
#1858=EDGE_CURVE('',#2316,#2315,#281,.T.);
#1859=EDGE_CURVE('',#2316,#2312,#2737,.T.);
#1860=EDGE_CURVE('',#2313,#2316,#2738,.F.);
#1861=EDGE_CURVE('',#2317,#2318,#2739,.T.);
#1862=EDGE_CURVE('',#2317,#2319,#2740,.T.);
#1863=EDGE_CURVE('',#2319,#2320,#2741,.T.);
#1864=EDGE_CURVE('',#2318,#2320,#282,.T.);
#1865=EDGE_CURVE('',#2319,#2321,#2742,.T.);
#1866=EDGE_CURVE('',#2317,#2322,#2743,.T.);
#1867=EDGE_CURVE('',#2321,#2322,#283,.F.);
#1868=EDGE_CURVE('',#2320,#2321,#2744,.F.);
#1869=EDGE_CURVE('',#2323,#2324,#2745,.T.);
#1870=EDGE_CURVE('',#2325,#2324,#2746,.T.);
#1871=EDGE_CURVE('',#2326,#2325,#284,.F.);
#1872=EDGE_CURVE('',#2326,#2323,#2747,.T.);
#1873=EDGE_CURVE('',#2327,#2323,#2748,.T.);
#1874=EDGE_CURVE('',#2328,#2327,#285,.T.);
#1875=EDGE_CURVE('',#2328,#2324,#2749,.T.);
#1876=EDGE_CURVE('',#2325,#2328,#2750,.F.);
#1877=EDGE_CURVE('',#2329,#2330,#2751,.T.);
#1878=EDGE_CURVE('',#2331,#2329,#286,.T.);
#1879=EDGE_CURVE('',#2331,#2332,#2752,.T.);
#1880=EDGE_CURVE('',#2330,#2332,#2753,.T.);
#1881=EDGE_CURVE('',#2333,#2332,#2754,.T.);
#1882=EDGE_CURVE('',#2334,#2333,#287,.F.);
#1883=EDGE_CURVE('',#2334,#2330,#2755,.T.);
#1884=EDGE_CURVE('',#2333,#2331,#2756,.F.);
#1885=EDGE_CURVE('',#2335,#2336,#2757,.T.);
#1886=EDGE_CURVE('',#2337,#2335,#288,.T.);
#1887=EDGE_CURVE('',#2337,#2338,#2758,.T.);
#1888=EDGE_CURVE('',#2336,#2338,#2759,.T.);
#1889=EDGE_CURVE('',#2339,#2338,#2760,.T.);
#1890=EDGE_CURVE('',#2340,#2339,#289,.F.);
#1891=EDGE_CURVE('',#2340,#2336,#2761,.T.);
#1892=EDGE_CURVE('',#2339,#2337,#2762,.F.);
#1893=EDGE_CURVE('',#2341,#2342,#2763,.T.);
#1894=EDGE_CURVE('',#2343,#2342,#2764,.T.);
#1895=EDGE_CURVE('',#2344,#2343,#2765,.T.);
#1896=EDGE_CURVE('',#2341,#2344,#290,.T.);
#1897=EDGE_CURVE('',#2345,#2343,#2766,.T.);
#1898=EDGE_CURVE('',#2346,#2342,#2767,.T.);
#1899=EDGE_CURVE('',#2345,#2346,#291,.F.);
#1900=EDGE_CURVE('',#2346,#2341,#2768,.F.);
#1901=EDGE_CURVE('',#2347,#2348,#2769,.T.);
#1902=EDGE_CURVE('',#2347,#2349,#2770,.T.);
#1903=EDGE_CURVE('',#2349,#2350,#2771,.T.);
#1904=EDGE_CURVE('',#2348,#2350,#292,.T.);
#1905=EDGE_CURVE('',#2351,#2349,#2772,.T.);
#1906=EDGE_CURVE('',#2352,#2347,#2773,.T.);
#1907=EDGE_CURVE('',#2351,#2352,#293,.T.);
#1908=EDGE_CURVE('',#2350,#2351,#2774,.F.);
#1909=EDGE_CURVE('',#2353,#2354,#2775,.T.);
#1910=EDGE_CURVE('',#2353,#2355,#2776,.T.);
#1911=EDGE_CURVE('',#2355,#2356,#2777,.T.);
#1912=EDGE_CURVE('',#2354,#2356,#294,.T.);
#1913=EDGE_CURVE('',#2357,#2355,#2778,.T.);
#1914=EDGE_CURVE('',#2358,#2353,#2779,.T.);
#1915=EDGE_CURVE('',#2357,#2358,#295,.T.);
#1916=EDGE_CURVE('',#2356,#2357,#2780,.F.);
#1917=EDGE_CURVE('',#2359,#2360,#2781,.T.);
#1918=EDGE_CURVE('',#2360,#2361,#2782,.T.);
#1919=EDGE_CURVE('',#2362,#2361,#2783,.T.);
#1920=EDGE_CURVE('',#2359,#2362,#296,.F.);
#1921=EDGE_CURVE('',#2363,#2361,#2784,.T.);
#1922=EDGE_CURVE('',#2364,#2360,#2785,.T.);
#1923=EDGE_CURVE('',#2363,#2364,#297,.T.);
#1924=EDGE_CURVE('',#2362,#2363,#2786,.F.);
#1925=EDGE_CURVE('',#2365,#2366,#2787,.T.);
#1926=EDGE_CURVE('',#2366,#2367,#2788,.T.);
#1927=EDGE_CURVE('',#2368,#2367,#2789,.T.);
#1928=EDGE_CURVE('',#2365,#2368,#298,.F.);
#1929=EDGE_CURVE('',#2369,#2367,#2790,.T.);
#1930=EDGE_CURVE('',#2370,#2366,#2791,.T.);
#1931=EDGE_CURVE('',#2369,#2370,#299,.T.);
#1932=EDGE_CURVE('',#2368,#2369,#2792,.F.);
#1933=EDGE_CURVE('',#2371,#2372,#2793,.T.);
#1934=EDGE_CURVE('',#2372,#2373,#2794,.T.);
#1935=EDGE_CURVE('',#2374,#2373,#2795,.T.);
#1936=EDGE_CURVE('',#2371,#2374,#300,.F.);
#1937=EDGE_CURVE('',#2375,#2373,#2796,.T.);
#1938=EDGE_CURVE('',#2376,#2372,#2797,.T.);
#1939=EDGE_CURVE('',#2375,#2376,#301,.T.);
#1940=EDGE_CURVE('',#2374,#2375,#2798,.F.);
#1941=EDGE_CURVE('',#2377,#2378,#2799,.T.);
#1942=EDGE_CURVE('',#2379,#2377,#2800,.T.);
#1943=EDGE_CURVE('',#2379,#2380,#2801,.T.);
#1944=EDGE_CURVE('',#2378,#2380,#302,.F.);
#1945=EDGE_CURVE('',#2379,#2381,#2802,.T.);
#1946=EDGE_CURVE('',#2377,#2382,#2803,.T.);
#1947=EDGE_CURVE('',#2381,#2382,#303,.T.);
#1948=EDGE_CURVE('',#2382,#2378,#2804,.F.);
#1949=EDGE_CURVE('',#2383,#2384,#2805,.T.);
#1950=EDGE_CURVE('',#2383,#2385,#2806,.T.);
#1951=EDGE_CURVE('',#2385,#2386,#2807,.T.);
#1952=EDGE_CURVE('',#2384,#2386,#304,.T.);
#1953=EDGE_CURVE('',#2385,#2387,#2808,.T.);
#1954=EDGE_CURVE('',#2383,#2388,#2809,.T.);
#1955=EDGE_CURVE('',#2387,#2388,#305,.F.);
#1956=EDGE_CURVE('',#2386,#2387,#2810,.F.);
#1957=EDGE_CURVE('',#2389,#2390,#2811,.T.);
#1958=EDGE_CURVE('',#2391,#2389,#2812,.T.);
#1959=EDGE_CURVE('',#2391,#2392,#2813,.T.);
#1960=EDGE_CURVE('',#2390,#2392,#306,.F.);
#1961=EDGE_CURVE('',#2391,#2393,#2814,.T.);
#1962=EDGE_CURVE('',#2389,#2394,#2815,.T.);
#1963=EDGE_CURVE('',#2393,#2394,#307,.T.);
#1964=EDGE_CURVE('',#2394,#2390,#2816,.F.);
#1965=EDGE_CURVE('',#2335,#2340,#2817,.T.);
#1966=EDGE_CURVE('',#2327,#2326,#2818,.T.);
#1967=EDGE_CURVE('',#2329,#2334,#2819,.T.);
#1968=EDGE_CURVE('',#2315,#2314,#2820,.T.);
#1969=EDGE_CURVE('',#2275,#2280,#2821,.T.);
#1970=EDGE_CURVE('',#2273,#2271,#2822,.T.);
#1971=EDGE_CURVE('',#2256,#2252,#2823,.T.);
#1972=EDGE_CURVE('',#2266,#2267,#2824,.T.);
#1973=EDGE_CURVE('',#2292,#2287,#2825,.T.);
#1974=EDGE_CURVE('',#2298,#2294,#2826,.T.);
#1975=EDGE_CURVE('',#2322,#2318,#2827,.T.);
#1976=EDGE_CURVE('',#2302,#2303,#2828,.T.);
#1977=EDGE_CURVE('',#2364,#2359,#2829,.T.);
#1978=EDGE_CURVE('',#2380,#2381,#2830,.T.);
#1979=EDGE_CURVE('',#2388,#2384,#2831,.T.);
#1980=EDGE_CURVE('',#2376,#2371,#2832,.T.);
#1981=EDGE_CURVE('',#2370,#2365,#2833,.T.);
#1982=EDGE_CURVE('',#2392,#2393,#2834,.T.);
#1983=EDGE_CURVE('',#2395,#2243,#2835,.T.);
#1984=EDGE_CURVE('',#2396,#2395,#2836,.T.);
#1985=EDGE_CURVE('',#2244,#2396,#2837,.T.);
#1986=EDGE_CURVE('',#2358,#2354,#2838,.T.);
#1987=EDGE_CURVE('',#2352,#2348,#2839,.T.);
#1988=EDGE_CURVE('',#2344,#2345,#2840,.T.);
#1989=EDGE_CURVE('',#2286,#2282,#2841,.T.);
#1990=EDGE_CURVE('',#2260,#2261,#2842,.T.);
#1991=EDGE_CURVE('',#2310,#2305,#2843,.T.);
#1992=EDGE_CURVE('',#2397,#2249,#2844,.T.);
#1993=EDGE_CURVE('',#2250,#2397,#2845,.T.);
#1994=EDGE_CURVE('',#2398,#2245,#2846,.T.);
#1995=EDGE_CURVE('',#2398,#2399,#2847,.T.);
#1996=EDGE_CURVE('',#2246,#2399,#2848,.F.);
#1997=EDGE_CURVE('',#2400,#2401,#2849,.T.);
#1998=EDGE_CURVE('',#2400,#2397,#2850,.T.);
#1999=EDGE_CURVE('',#2401,#2247,#2851,.T.);
#2000=EDGE_CURVE('',#2402,#2400,#2852,.T.);
#2001=EDGE_CURVE('',#2402,#2238,#2853,.T.);
#2002=EDGE_CURVE('',#2403,#2241,#2854,.T.);
#2003=EDGE_CURVE('',#2395,#2403,#2855,.T.);
#2004=EDGE_CURVE('',#2402,#2404,#2856,.T.);
#2005=EDGE_CURVE('',#2404,#2239,#2857,.T.);
#2006=EDGE_CURVE('',#2405,#2404,#2858,.T.);
#2007=EDGE_CURVE('',#2405,#2240,#2859,.T.);
#2008=EDGE_CURVE('',#2406,#2406,#20,.T.);
#2009=EDGE_CURVE('',#2407,#2407,#21,.T.);
#2010=EDGE_CURVE('',#2403,#2405,#2860,.T.);
#2011=EDGE_CURVE('',#2408,#2408,#22,.F.);
#2012=EDGE_CURVE('',#2396,#2398,#23,.T.);
#2013=EDGE_CURVE('',#2399,#2401,#24,.T.);
#2014=EDGE_CURVE('',#2409,#2409,#25,.T.);
#2015=EDGE_CURVE('',#2410,#2410,#26,.T.);
#2016=EDGE_CURVE('',#2411,#2411,#27,.T.);
#2017=EDGE_CURVE('',#2412,#2412,#28,.T.);
#2018=EDGE_CURVE('',#2413,#2414,#29,.T.);
#2019=EDGE_CURVE('',#2415,#2413,#2861,.T.);
#2020=EDGE_CURVE('',#2415,#2416,#30,.T.);
#2021=EDGE_CURVE('',#2416,#2414,#2862,.T.);
#2022=EDGE_CURVE('',#2414,#2417,#2863,.T.);
#2023=EDGE_CURVE('',#2416,#2418,#2864,.T.);
#2024=EDGE_CURVE('',#2418,#2417,#2865,.T.);
#2025=EDGE_CURVE('',#2417,#2419,#2866,.T.);
#2026=EDGE_CURVE('',#2418,#2420,#2867,.T.);
#2027=EDGE_CURVE('',#2420,#2419,#2868,.T.);
#2028=EDGE_CURVE('',#2421,#2419,#2869,.T.);
#2029=EDGE_CURVE('',#2422,#2420,#2870,.T.);
#2030=EDGE_CURVE('',#2422,#2421,#2871,.T.);
#2031=EDGE_CURVE('',#2423,#2421,#31,.T.);
#2032=EDGE_CURVE('',#2424,#2422,#32,.T.);
#2033=EDGE_CURVE('',#2424,#2423,#2872,.T.);
#2034=EDGE_CURVE('',#2423,#2425,#2873,.T.);
#2035=EDGE_CURVE('',#2424,#2426,#2874,.T.);
#2036=EDGE_CURVE('',#2426,#2425,#2875,.T.);
#2037=EDGE_CURVE('',#2413,#2425,#2876,.T.);
#2038=EDGE_CURVE('',#2415,#2426,#2877,.T.);
#2039=EDGE_CURVE('',#2427,#2427,#33,.T.);
#2040=EDGE_CURVE('',#2428,#2428,#34,.T.);
#2041=EDGE_CURVE('',#2429,#2429,#35,.T.);
#2042=EDGE_CURVE('',#2430,#2430,#36,.T.);
#2043=VERTEX_POINT('',#6716);
#2044=VERTEX_POINT('',#6717);
#2045=VERTEX_POINT('',#6719);
#2046=VERTEX_POINT('',#6721);
#2047=VERTEX_POINT('',#6725);
#2048=VERTEX_POINT('',#6727);
#2049=VERTEX_POINT('',#6731);
#2050=VERTEX_POINT('',#6733);
#2051=VERTEX_POINT('',#6743);
#2052=VERTEX_POINT('',#6744);
#2053=VERTEX_POINT('',#6746);
#2054=VERTEX_POINT('',#6748);
#2055=VERTEX_POINT('',#6752);
#2056=VERTEX_POINT('',#6753);
#2057=VERTEX_POINT('',#6755);
#2058=VERTEX_POINT('',#6757);
#2059=VERTEX_POINT('',#6759);
#2060=VERTEX_POINT('',#6761);
#2061=VERTEX_POINT('',#6763);
#2062=VERTEX_POINT('',#6767);
#2063=VERTEX_POINT('',#6768);
#2064=VERTEX_POINT('',#6773);
#2065=VERTEX_POINT('',#6774);
#2066=VERTEX_POINT('',#6776);
#2067=VERTEX_POINT('',#6778);
#2068=VERTEX_POINT('',#6782);
#2069=VERTEX_POINT('',#6784);
#2070=VERTEX_POINT('',#6790);
#2071=VERTEX_POINT('',#6791);
#2072=VERTEX_POINT('',#6793);
#2073=VERTEX_POINT('',#6795);
#2074=VERTEX_POINT('',#6799);
#2075=VERTEX_POINT('',#6801);
#2076=VERTEX_POINT('',#6807);
#2077=VERTEX_POINT('',#6808);
#2078=VERTEX_POINT('',#6810);
#2079=VERTEX_POINT('',#6812);
#2080=VERTEX_POINT('',#6816);
#2081=VERTEX_POINT('',#6818);
#2082=VERTEX_POINT('',#6824);
#2083=VERTEX_POINT('',#6825);
#2084=VERTEX_POINT('',#6827);
#2085=VERTEX_POINT('',#6829);
#2086=VERTEX_POINT('',#6833);
#2087=VERTEX_POINT('',#6835);
#2088=VERTEX_POINT('',#6839);
#2089=VERTEX_POINT('',#6841);
#2090=VERTEX_POINT('',#6847);
#2091=VERTEX_POINT('',#6848);
#2092=VERTEX_POINT('',#6850);
#2093=VERTEX_POINT('',#6852);
#2094=VERTEX_POINT('',#6856);
#2095=VERTEX_POINT('',#6858);
#2096=VERTEX_POINT('',#6862);
#2097=VERTEX_POINT('',#6864);
#2098=VERTEX_POINT('',#6870);
#2099=VERTEX_POINT('',#6871);
#2100=VERTEX_POINT('',#6873);
#2101=VERTEX_POINT('',#6875);
#2102=VERTEX_POINT('',#6879);
#2103=VERTEX_POINT('',#6881);
#2104=VERTEX_POINT('',#6887);
#2105=VERTEX_POINT('',#6888);
#2106=VERTEX_POINT('',#6890);
#2107=VERTEX_POINT('',#6892);
#2108=VERTEX_POINT('',#6896);
#2109=VERTEX_POINT('',#6898);
#2110=VERTEX_POINT('',#6904);
#2111=VERTEX_POINT('',#6905);
#2112=VERTEX_POINT('',#6907);
#2113=VERTEX_POINT('',#6909);
#2114=VERTEX_POINT('',#6913);
#2115=VERTEX_POINT('',#6915);
#2116=VERTEX_POINT('',#6921);
#2117=VERTEX_POINT('',#6922);
#2118=VERTEX_POINT('',#6924);
#2119=VERTEX_POINT('',#6926);
#2120=VERTEX_POINT('',#6930);
#2121=VERTEX_POINT('',#6932);
#2122=VERTEX_POINT('',#6938);
#2123=VERTEX_POINT('',#6939);
#2124=VERTEX_POINT('',#6941);
#2125=VERTEX_POINT('',#6943);
#2126=VERTEX_POINT('',#6947);
#2127=VERTEX_POINT('',#6949);
#2128=VERTEX_POINT('',#6955);
#2129=VERTEX_POINT('',#6956);
#2130=VERTEX_POINT('',#6958);
#2131=VERTEX_POINT('',#6960);
#2132=VERTEX_POINT('',#6964);
#2133=VERTEX_POINT('',#6966);
#2134=VERTEX_POINT('',#6970);
#2135=VERTEX_POINT('',#6972);
#2136=VERTEX_POINT('',#6978);
#2137=VERTEX_POINT('',#6979);
#2138=VERTEX_POINT('',#6981);
#2139=VERTEX_POINT('',#6983);
#2140=VERTEX_POINT('',#6987);
#2141=VERTEX_POINT('',#6989);
#2142=VERTEX_POINT('',#6995);
#2143=VERTEX_POINT('',#6996);
#2144=VERTEX_POINT('',#6998);
#2145=VERTEX_POINT('',#7000);
#2146=VERTEX_POINT('',#7004);
#2147=VERTEX_POINT('',#7006);
#2148=VERTEX_POINT('',#7010);
#2149=VERTEX_POINT('',#7012);
#2150=VERTEX_POINT('',#7018);
#2151=VERTEX_POINT('',#7019);
#2152=VERTEX_POINT('',#7021);
#2153=VERTEX_POINT('',#7023);
#2154=VERTEX_POINT('',#7027);
#2155=VERTEX_POINT('',#7028);
#2156=VERTEX_POINT('',#7030);
#2157=VERTEX_POINT('',#7032);
#2158=VERTEX_POINT('',#7041);
#2159=VERTEX_POINT('',#7042);
#2160=VERTEX_POINT('',#7044);
#2161=VERTEX_POINT('',#7046);
#2162=VERTEX_POINT('',#7050);
#2163=VERTEX_POINT('',#7051);
#2164=VERTEX_POINT('',#7053);
#2165=VERTEX_POINT('',#7055);
#2166=VERTEX_POINT('',#7064);
#2167=VERTEX_POINT('',#7065);
#2168=VERTEX_POINT('',#7067);
#2169=VERTEX_POINT('',#7069);
#2170=VERTEX_POINT('',#7073);
#2171=VERTEX_POINT('',#7075);
#2172=VERTEX_POINT('',#7081);
#2173=VERTEX_POINT('',#7082);
#2174=VERTEX_POINT('',#7084);
#2175=VERTEX_POINT('',#7086);
#2176=VERTEX_POINT('',#7090);
#2177=VERTEX_POINT('',#7092);
#2178=VERTEX_POINT('',#7098);
#2179=VERTEX_POINT('',#7099);
#2180=VERTEX_POINT('',#7101);
#2181=VERTEX_POINT('',#7103);
#2182=VERTEX_POINT('',#7107);
#2183=VERTEX_POINT('',#7109);
#2184=VERTEX_POINT('',#7115);
#2185=VERTEX_POINT('',#7116);
#2186=VERTEX_POINT('',#7118);
#2187=VERTEX_POINT('',#7120);
#2188=VERTEX_POINT('',#7124);
#2189=VERTEX_POINT('',#7126);
#2190=VERTEX_POINT('',#7132);
#2191=VERTEX_POINT('',#7133);
#2192=VERTEX_POINT('',#7135);
#2193=VERTEX_POINT('',#7137);
#2194=VERTEX_POINT('',#7141);
#2195=VERTEX_POINT('',#7143);
#2196=VERTEX_POINT('',#7149);
#2197=VERTEX_POINT('',#7150);
#2198=VERTEX_POINT('',#7152);
#2199=VERTEX_POINT('',#7154);
#2200=VERTEX_POINT('',#7158);
#2201=VERTEX_POINT('',#7160);
#2202=VERTEX_POINT('',#7166);
#2203=VERTEX_POINT('',#7167);
#2204=VERTEX_POINT('',#7169);
#2205=VERTEX_POINT('',#7171);
#2206=VERTEX_POINT('',#7175);
#2207=VERTEX_POINT('',#7177);
#2208=VERTEX_POINT('',#7183);
#2209=VERTEX_POINT('',#7184);
#2210=VERTEX_POINT('',#7186);
#2211=VERTEX_POINT('',#7188);
#2212=VERTEX_POINT('',#7192);
#2213=VERTEX_POINT('',#7194);
#2214=VERTEX_POINT('',#7200);
#2215=VERTEX_POINT('',#7201);
#2216=VERTEX_POINT('',#7203);
#2217=VERTEX_POINT('',#7205);
#2218=VERTEX_POINT('',#7209);
#2219=VERTEX_POINT('',#7211);
#2220=VERTEX_POINT('',#7235);
#2221=VERTEX_POINT('',#7237);
#2222=VERTEX_POINT('',#7247);
#2223=VERTEX_POINT('',#7251);
#2224=VERTEX_POINT('',#7253);
#2225=VERTEX_POINT('',#7257);
#2226=VERTEX_POINT('',#7258);
#2227=VERTEX_POINT('',#7263);
#2228=VERTEX_POINT('',#7266);
#2229=VERTEX_POINT('',#7270);
#2230=VERTEX_POINT('',#7272);
#2231=VERTEX_POINT('',#7276);
#2232=VERTEX_POINT('',#7278);
#2233=VERTEX_POINT('',#7282);
#2234=VERTEX_POINT('',#7284);
#2235=VERTEX_POINT('',#7290);
#2236=VERTEX_POINT('',#7292);
#2237=VERTEX_POINT('',#7324);
#2238=VERTEX_POINT('',#7327);
#2239=VERTEX_POINT('',#7329);
#2240=VERTEX_POINT('',#7331);
#2241=VERTEX_POINT('',#7333);
#2242=VERTEX_POINT('',#7337);
#2243=VERTEX_POINT('',#7338);
#2244=VERTEX_POINT('',#7340);
#2245=VERTEX_POINT('',#7342);
#2246=VERTEX_POINT('',#7344);
#2247=VERTEX_POINT('',#7346);
#2248=VERTEX_POINT('',#7348);
#2249=VERTEX_POINT('',#7352);
#2250=VERTEX_POINT('',#7353);
#2251=VERTEX_POINT('',#7358);
#2252=VERTEX_POINT('',#7359);
#2253=VERTEX_POINT('',#7361);
#2254=VERTEX_POINT('',#7363);
#2255=VERTEX_POINT('',#7367);
#2256=VERTEX_POINT('',#7369);
#2257=VERTEX_POINT('',#7375);
#2258=VERTEX_POINT('',#7376);
#2259=VERTEX_POINT('',#7378);
#2260=VERTEX_POINT('',#7380);
#2261=VERTEX_POINT('',#7384);
#2262=VERTEX_POINT('',#7386);
#2263=VERTEX_POINT('',#7392);
#2264=VERTEX_POINT('',#7393);
#2265=VERTEX_POINT('',#7395);
#2266=VERTEX_POINT('',#7397);
#2267=VERTEX_POINT('',#7401);
#2268=VERTEX_POINT('',#7403);
#2269=VERTEX_POINT('',#7409);
#2270=VERTEX_POINT('',#7410);
#2271=VERTEX_POINT('',#7412);
#2272=VERTEX_POINT('',#7414);
#2273=VERTEX_POINT('',#7418);
#2274=VERTEX_POINT('',#7420);
#2275=VERTEX_POINT('',#7426);
#2276=VERTEX_POINT('',#7427);
#2277=VERTEX_POINT('',#7429);
#2278=VERTEX_POINT('',#7431);
#2279=VERTEX_POINT('',#7435);
#2280=VERTEX_POINT('',#7437);
#2281=VERTEX_POINT('',#7443);
#2282=VERTEX_POINT('',#7444);
#2283=VERTEX_POINT('',#7446);
#2284=VERTEX_POINT('',#7448);
#2285=VERTEX_POINT('',#7452);
#2286=VERTEX_POINT('',#7454);
#2287=VERTEX_POINT('',#7460);
#2288=VERTEX_POINT('',#7461);
#2289=VERTEX_POINT('',#7463);
#2290=VERTEX_POINT('',#7465);
#2291=VERTEX_POINT('',#7469);
#2292=VERTEX_POINT('',#7471);
#2293=VERTEX_POINT('',#7477);
#2294=VERTEX_POINT('',#7478);
#2295=VERTEX_POINT('',#7480);
#2296=VERTEX_POINT('',#7482);
#2297=VERTEX_POINT('',#7486);
#2298=VERTEX_POINT('',#7488);
#2299=VERTEX_POINT('',#7494);
#2300=VERTEX_POINT('',#7495);
#2301=VERTEX_POINT('',#7497);
#2302=VERTEX_POINT('',#7499);
#2303=VERTEX_POINT('',#7503);
#2304=VERTEX_POINT('',#7505);
#2305=VERTEX_POINT('',#7511);
#2306=VERTEX_POINT('',#7512);
#2307=VERTEX_POINT('',#7514);
#2308=VERTEX_POINT('',#7516);
#2309=VERTEX_POINT('',#7520);
#2310=VERTEX_POINT('',#7522);
#2311=VERTEX_POINT('',#7528);
#2312=VERTEX_POINT('',#7529);
#2313=VERTEX_POINT('',#7531);
#2314=VERTEX_POINT('',#7533);
#2315=VERTEX_POINT('',#7537);
#2316=VERTEX_POINT('',#7539);
#2317=VERTEX_POINT('',#7545);
#2318=VERTEX_POINT('',#7546);
#2319=VERTEX_POINT('',#7548);
#2320=VERTEX_POINT('',#7550);
#2321=VERTEX_POINT('',#7554);
#2322=VERTEX_POINT('',#7556);
#2323=VERTEX_POINT('',#7562);
#2324=VERTEX_POINT('',#7563);
#2325=VERTEX_POINT('',#7565);
#2326=VERTEX_POINT('',#7567);
#2327=VERTEX_POINT('',#7571);
#2328=VERTEX_POINT('',#7573);
#2329=VERTEX_POINT('',#7579);
#2330=VERTEX_POINT('',#7580);
#2331=VERTEX_POINT('',#7582);
#2332=VERTEX_POINT('',#7584);
#2333=VERTEX_POINT('',#7588);
#2334=VERTEX_POINT('',#7590);
#2335=VERTEX_POINT('',#7596);
#2336=VERTEX_POINT('',#7597);
#2337=VERTEX_POINT('',#7599);
#2338=VERTEX_POINT('',#7601);
#2339=VERTEX_POINT('',#7605);
#2340=VERTEX_POINT('',#7607);
#2341=VERTEX_POINT('',#7613);
#2342=VERTEX_POINT('',#7614);
#2343=VERTEX_POINT('',#7616);
#2344=VERTEX_POINT('',#7618);
#2345=VERTEX_POINT('',#7622);
#2346=VERTEX_POINT('',#7624);
#2347=VERTEX_POINT('',#7630);
#2348=VERTEX_POINT('',#7631);
#2349=VERTEX_POINT('',#7633);
#2350=VERTEX_POINT('',#7635);
#2351=VERTEX_POINT('',#7639);
#2352=VERTEX_POINT('',#7641);
#2353=VERTEX_POINT('',#7647);
#2354=VERTEX_POINT('',#7648);
#2355=VERTEX_POINT('',#7650);
#2356=VERTEX_POINT('',#7652);
#2357=VERTEX_POINT('',#7656);
#2358=VERTEX_POINT('',#7658);
#2359=VERTEX_POINT('',#7664);
#2360=VERTEX_POINT('',#7665);
#2361=VERTEX_POINT('',#7667);
#2362=VERTEX_POINT('',#7669);
#2363=VERTEX_POINT('',#7673);
#2364=VERTEX_POINT('',#7675);
#2365=VERTEX_POINT('',#7681);
#2366=VERTEX_POINT('',#7682);
#2367=VERTEX_POINT('',#7684);
#2368=VERTEX_POINT('',#7686);
#2369=VERTEX_POINT('',#7690);
#2370=VERTEX_POINT('',#7692);
#2371=VERTEX_POINT('',#7698);
#2372=VERTEX_POINT('',#7699);
#2373=VERTEX_POINT('',#7701);
#2374=VERTEX_POINT('',#7703);
#2375=VERTEX_POINT('',#7707);
#2376=VERTEX_POINT('',#7709);
#2377=VERTEX_POINT('',#7715);
#2378=VERTEX_POINT('',#7716);
#2379=VERTEX_POINT('',#7718);
#2380=VERTEX_POINT('',#7720);
#2381=VERTEX_POINT('',#7724);
#2382=VERTEX_POINT('',#7726);
#2383=VERTEX_POINT('',#7732);
#2384=VERTEX_POINT('',#7733);
#2385=VERTEX_POINT('',#7735);
#2386=VERTEX_POINT('',#7737);
#2387=VERTEX_POINT('',#7741);
#2388=VERTEX_POINT('',#7743);
#2389=VERTEX_POINT('',#7749);
#2390=VERTEX_POINT('',#7750);
#2391=VERTEX_POINT('',#7752);
#2392=VERTEX_POINT('',#7754);
#2393=VERTEX_POINT('',#7758);
#2394=VERTEX_POINT('',#7760);
#2395=VERTEX_POINT('',#7784);
#2396=VERTEX_POINT('',#7786);
#2397=VERTEX_POINT('',#7796);
#2398=VERTEX_POINT('',#7800);
#2399=VERTEX_POINT('',#7802);
#2400=VERTEX_POINT('',#7806);
#2401=VERTEX_POINT('',#7807);
#2402=VERTEX_POINT('',#7812);
#2403=VERTEX_POINT('',#7815);
#2404=VERTEX_POINT('',#7819);
#2405=VERTEX_POINT('',#7823);
#2406=VERTEX_POINT('',#7827);
#2407=VERTEX_POINT('',#7829);
#2408=VERTEX_POINT('',#7834);
#2409=VERTEX_POINT('',#7868);
#2410=VERTEX_POINT('',#7870);
#2411=VERTEX_POINT('',#7873);
#2412=VERTEX_POINT('',#7875);
#2413=VERTEX_POINT('',#7881);
#2414=VERTEX_POINT('',#7882);
#2415=VERTEX_POINT('',#7884);
#2416=VERTEX_POINT('',#7886);
#2417=VERTEX_POINT('',#7890);
#2418=VERTEX_POINT('',#7892);
#2419=VERTEX_POINT('',#7896);
#2420=VERTEX_POINT('',#7898);
#2421=VERTEX_POINT('',#7902);
#2422=VERTEX_POINT('',#7904);
#2423=VERTEX_POINT('',#7908);
#2424=VERTEX_POINT('',#7910);
#2425=VERTEX_POINT('',#7914);
#2426=VERTEX_POINT('',#7916);
#2427=VERTEX_POINT('',#7926);
#2428=VERTEX_POINT('',#7928);
#2429=VERTEX_POINT('',#7931);
#2430=VERTEX_POINT('',#7933);
#2431=LINE('',#6715,#2878);
#2432=LINE('',#6718,#2879);
#2433=LINE('',#6720,#2880);
#2434=LINE('',#6722,#2881);
#2435=LINE('',#6724,#2882);
#2436=LINE('',#6726,#2883);
#2437=LINE('',#6728,#2884);
#2438=LINE('',#6730,#2885);
#2439=LINE('',#6732,#2886);
#2440=LINE('',#6734,#2887);
#2441=LINE('',#6736,#2888);
#2442=LINE('',#6737,#2889);
#2443=LINE('',#6742,#2890);
#2444=LINE('',#6745,#2891);
#2445=LINE('',#6747,#2892);
#2446=LINE('',#6749,#2893);
#2447=LINE('',#6751,#2894);
#2448=LINE('',#6756,#2895);
#2449=LINE('',#6760,#2896);
#2450=LINE('',#6764,#2897);
#2451=LINE('',#6769,#2898);
#2452=LINE('',#6770,#2899);
#2453=LINE('',#6772,#2900);
#2454=LINE('',#6777,#2901);
#2455=LINE('',#6779,#2902);
#2456=LINE('',#6781,#2903);
#2457=LINE('',#6785,#2904);
#2458=LINE('',#6787,#2905);
#2459=LINE('',#6789,#2906);
#2460=LINE('',#6794,#2907);
#2461=LINE('',#6796,#2908);
#2462=LINE('',#6798,#2909);
#2463=LINE('',#6802,#2910);
#2464=LINE('',#6804,#2911);
#2465=LINE('',#6806,#2912);
#2466=LINE('',#6811,#2913);
#2467=LINE('',#6813,#2914);
#2468=LINE('',#6815,#2915);
#2469=LINE('',#6819,#2916);
#2470=LINE('',#6821,#2917);
#2471=LINE('',#6823,#2918);
#2472=LINE('',#6828,#2919);
#2473=LINE('',#6830,#2920);
#2474=LINE('',#6832,#2921);
#2475=LINE('',#6834,#2922);
#2476=LINE('',#6836,#2923);
#2477=LINE('',#6838,#2924);
#2478=LINE('',#6842,#2925);
#2479=LINE('',#6844,#2926);
#2480=LINE('',#6846,#2927);
#2481=LINE('',#6849,#2928);
#2482=LINE('',#6851,#2929);
#2483=LINE('',#6853,#2930);
#2484=LINE('',#6855,#2931);
#2485=LINE('',#6859,#2932);
#2486=LINE('',#6861,#2933);
#2487=LINE('',#6865,#2934);
#2488=LINE('',#6867,#2935);
#2489=LINE('',#6869,#2936);
#2490=LINE('',#6874,#2937);
#2491=LINE('',#6876,#2938);
#2492=LINE('',#6878,#2939);
#2493=LINE('',#6882,#2940);
#2494=LINE('',#6884,#2941);
#2495=LINE('',#6886,#2942);
#2496=LINE('',#6891,#2943);
#2497=LINE('',#6893,#2944);
#2498=LINE('',#6895,#2945);
#2499=LINE('',#6899,#2946);
#2500=LINE('',#6901,#2947);
#2501=LINE('',#6903,#2948);
#2502=LINE('',#6908,#2949);
#2503=LINE('',#6910,#2950);
#2504=LINE('',#6912,#2951);
#2505=LINE('',#6916,#2952);
#2506=LINE('',#6918,#2953);
#2507=LINE('',#6920,#2954);
#2508=LINE('',#6925,#2955);
#2509=LINE('',#6927,#2956);
#2510=LINE('',#6929,#2957);
#2511=LINE('',#6933,#2958);
#2512=LINE('',#6935,#2959);
#2513=LINE('',#6937,#2960);
#2514=LINE('',#6942,#2961);
#2515=LINE('',#6944,#2962);
#2516=LINE('',#6946,#2963);
#2517=LINE('',#6950,#2964);
#2518=LINE('',#6952,#2965);
#2519=LINE('',#6954,#2966);
#2520=LINE('',#6959,#2967);
#2521=LINE('',#6961,#2968);
#2522=LINE('',#6963,#2969);
#2523=LINE('',#6965,#2970);
#2524=LINE('',#6967,#2971);
#2525=LINE('',#6969,#2972);
#2526=LINE('',#6973,#2973);
#2527=LINE('',#6975,#2974);
#2528=LINE('',#6977,#2975);
#2529=LINE('',#6982,#2976);
#2530=LINE('',#6984,#2977);
#2531=LINE('',#6986,#2978);
#2532=LINE('',#6990,#2979);
#2533=LINE('',#6992,#2980);
#2534=LINE('',#6994,#2981);
#2535=LINE('',#6999,#2982);
#2536=LINE('',#7001,#2983);
#2537=LINE('',#7003,#2984);
#2538=LINE('',#7005,#2985);
#2539=LINE('',#7007,#2986);
#2540=LINE('',#7009,#2987);
#2541=LINE('',#7013,#2988);
#2542=LINE('',#7015,#2989);
#2543=LINE('',#7017,#2990);
#2544=LINE('',#7022,#2991);
#2545=LINE('',#7024,#2992);
#2546=LINE('',#7026,#2993);
#2547=LINE('',#7031,#2994);
#2548=LINE('',#7033,#2995);
#2549=LINE('',#7035,#2996);
#2550=LINE('',#7036,#2997);
#2551=LINE('',#7038,#2998);
#2552=LINE('',#7040,#2999);
#2553=LINE('',#7045,#3000);
#2554=LINE('',#7047,#3001);
#2555=LINE('',#7049,#3002);
#2556=LINE('',#7054,#3003);
#2557=LINE('',#7056,#3004);
#2558=LINE('',#7058,#3005);
#2559=LINE('',#7059,#3006);
#2560=LINE('',#7061,#3007);
#2561=LINE('',#7063,#3008);
#2562=LINE('',#7068,#3009);
#2563=LINE('',#7070,#3010);
#2564=LINE('',#7072,#3011);
#2565=LINE('',#7076,#3012);
#2566=LINE('',#7078,#3013);
#2567=LINE('',#7080,#3014);
#2568=LINE('',#7085,#3015);
#2569=LINE('',#7087,#3016);
#2570=LINE('',#7089,#3017);
#2571=LINE('',#7093,#3018);
#2572=LINE('',#7095,#3019);
#2573=LINE('',#7097,#3020);
#2574=LINE('',#7102,#3021);
#2575=LINE('',#7104,#3022);
#2576=LINE('',#7106,#3023);
#2577=LINE('',#7110,#3024);
#2578=LINE('',#7112,#3025);
#2579=LINE('',#7114,#3026);
#2580=LINE('',#7119,#3027);
#2581=LINE('',#7121,#3028);
#2582=LINE('',#7123,#3029);
#2583=LINE('',#7127,#3030);
#2584=LINE('',#7129,#3031);
#2585=LINE('',#7131,#3032);
#2586=LINE('',#7136,#3033);
#2587=LINE('',#7138,#3034);
#2588=LINE('',#7140,#3035);
#2589=LINE('',#7144,#3036);
#2590=LINE('',#7146,#3037);
#2591=LINE('',#7148,#3038);
#2592=LINE('',#7153,#3039);
#2593=LINE('',#7155,#3040);
#2594=LINE('',#7157,#3041);
#2595=LINE('',#7161,#3042);
#2596=LINE('',#7163,#3043);
#2597=LINE('',#7165,#3044);
#2598=LINE('',#7170,#3045);
#2599=LINE('',#7172,#3046);
#2600=LINE('',#7174,#3047);
#2601=LINE('',#7178,#3048);
#2602=LINE('',#7180,#3049);
#2603=LINE('',#7182,#3050);
#2604=LINE('',#7187,#3051);
#2605=LINE('',#7189,#3052);
#2606=LINE('',#7191,#3053);
#2607=LINE('',#7195,#3054);
#2608=LINE('',#7197,#3055);
#2609=LINE('',#7199,#3056);
#2610=LINE('',#7204,#3057);
#2611=LINE('',#7206,#3058);
#2612=LINE('',#7208,#3059);
#2613=LINE('',#7212,#3060);
#2614=LINE('',#7214,#3061);
#2615=LINE('',#7216,#3062);
#2616=LINE('',#7217,#3063);
#2617=LINE('',#7218,#3064);
#2618=LINE('',#7219,#3065);
#2619=LINE('',#7220,#3066);
#2620=LINE('',#7221,#3067);
#2621=LINE('',#7222,#3068);
#2622=LINE('',#7223,#3069);
#2623=LINE('',#7224,#3070);
#2624=LINE('',#7225,#3071);
#2625=LINE('',#7226,#3072);
#2626=LINE('',#7227,#3073);
#2627=LINE('',#7228,#3074);
#2628=LINE('',#7229,#3075);
#2629=LINE('',#7230,#3076);
#2630=LINE('',#7231,#3077);
#2631=LINE('',#7232,#3078);
#2632=LINE('',#7233,#3079);
#2633=LINE('',#7234,#3080);
#2634=LINE('',#7236,#3081);
#2635=LINE('',#7238,#3082);
#2636=LINE('',#7239,#3083);
#2637=LINE('',#7240,#3084);
#2638=LINE('',#7241,#3085);
#2639=LINE('',#7242,#3086);
#2640=LINE('',#7243,#3087);
#2641=LINE('',#7244,#3088);
#2642=LINE('',#7246,#3089);
#2643=LINE('',#7248,#3090);
#2644=LINE('',#7250,#3091);
#2645=LINE('',#7252,#3092);
#2646=LINE('',#7254,#3093);
#2647=LINE('',#7256,#3094);
#2648=LINE('',#7259,#3095);
#2649=LINE('',#7260,#3096);
#2650=LINE('',#7262,#3097);
#2651=LINE('',#7264,#3098);
#2652=LINE('',#7265,#3099);
#2653=LINE('',#7267,#3100);
#2654=LINE('',#7269,#3101);
#2655=LINE('',#7271,#3102);
#2656=LINE('',#7273,#3103);
#2657=LINE('',#7275,#3104);
#2658=LINE('',#7277,#3105);
#2659=LINE('',#7279,#3106);
#2660=LINE('',#7286,#3107);
#2661=LINE('',#7287,#3108);
#2662=LINE('',#7326,#3109);
#2663=LINE('',#7328,#3110);
#2664=LINE('',#7330,#3111);
#2665=LINE('',#7332,#3112);
#2666=LINE('',#7334,#3113);
#2667=LINE('',#7336,#3114);
#2668=LINE('',#7339,#3115);
#2669=LINE('',#7343,#3116);
#2670=LINE('',#7347,#3117);
#2671=LINE('',#7354,#3118);
#2672=LINE('',#7355,#3119);
#2673=LINE('',#7357,#3120);
#2674=LINE('',#7360,#3121);
#2675=LINE('',#7362,#3122);
#2676=LINE('',#7366,#3123);
#2677=LINE('',#7368,#3124);
#2678=LINE('',#7372,#3125);
#2679=LINE('',#7374,#3126);
#2680=LINE('',#7377,#3127);
#2681=LINE('',#7379,#3128);
#2682=LINE('',#7383,#3129);
#2683=LINE('',#7385,#3130);
#2684=LINE('',#7389,#3131);
#2685=LINE('',#7391,#3132);
#2686=LINE('',#7394,#3133);
#2687=LINE('',#7396,#3134);
#2688=LINE('',#7400,#3135);
#2689=LINE('',#7402,#3136);
#2690=LINE('',#7406,#3137);
#2691=LINE('',#7408,#3138);
#2692=LINE('',#7413,#3139);
#2693=LINE('',#7415,#3140);
#2694=LINE('',#7417,#3141);
#2695=LINE('',#7421,#3142);
#2696=LINE('',#7423,#3143);
#2697=LINE('',#7425,#3144);
#2698=LINE('',#7430,#3145);
#2699=LINE('',#7432,#3146);
#2700=LINE('',#7434,#3147);
#2701=LINE('',#7438,#3148);
#2702=LINE('',#7440,#3149);
#2703=LINE('',#7442,#3150);
#2704=LINE('',#7445,#3151);
#2705=LINE('',#7447,#3152);
#2706=LINE('',#7451,#3153);
#2707=LINE('',#7453,#3154);
#2708=LINE('',#7457,#3155);
#2709=LINE('',#7459,#3156);
#2710=LINE('',#7462,#3157);
#2711=LINE('',#7464,#3158);
#2712=LINE('',#7468,#3159);
#2713=LINE('',#7470,#3160);
#2714=LINE('',#7474,#3161);
#2715=LINE('',#7476,#3162);
#2716=LINE('',#7479,#3163);
#2717=LINE('',#7481,#3164);
#2718=LINE('',#7485,#3165);
#2719=LINE('',#7487,#3166);
#2720=LINE('',#7491,#3167);
#2721=LINE('',#7493,#3168);
#2722=LINE('',#7496,#3169);
#2723=LINE('',#7498,#3170);
#2724=LINE('',#7502,#3171);
#2725=LINE('',#7504,#3172);
#2726=LINE('',#7508,#3173);
#2727=LINE('',#7510,#3174);
#2728=LINE('',#7513,#3175);
#2729=LINE('',#7515,#3176);
#2730=LINE('',#7519,#3177);
#2731=LINE('',#7521,#3178);
#2732=LINE('',#7525,#3179);
#2733=LINE('',#7527,#3180);
#2734=LINE('',#7530,#3181);
#2735=LINE('',#7534,#3182);
#2736=LINE('',#7536,#3183);
#2737=LINE('',#7540,#3184);
#2738=LINE('',#7542,#3185);
#2739=LINE('',#7544,#3186);
#2740=LINE('',#7547,#3187);
#2741=LINE('',#7549,#3188);
#2742=LINE('',#7553,#3189);
#2743=LINE('',#7555,#3190);
#2744=LINE('',#7559,#3191);
#2745=LINE('',#7561,#3192);
#2746=LINE('',#7564,#3193);
#2747=LINE('',#7568,#3194);
#2748=LINE('',#7570,#3195);
#2749=LINE('',#7574,#3196);
#2750=LINE('',#7576,#3197);
#2751=LINE('',#7578,#3198);
#2752=LINE('',#7583,#3199);
#2753=LINE('',#7585,#3200);
#2754=LINE('',#7587,#3201);
#2755=LINE('',#7591,#3202);
#2756=LINE('',#7593,#3203);
#2757=LINE('',#7595,#3204);
#2758=LINE('',#7600,#3205);
#2759=LINE('',#7602,#3206);
#2760=LINE('',#7604,#3207);
#2761=LINE('',#7608,#3208);
#2762=LINE('',#7610,#3209);
#2763=LINE('',#7612,#3210);
#2764=LINE('',#7615,#3211);
#2765=LINE('',#7617,#3212);
#2766=LINE('',#7621,#3213);
#2767=LINE('',#7623,#3214);
#2768=LINE('',#7627,#3215);
#2769=LINE('',#7629,#3216);
#2770=LINE('',#7632,#3217);
#2771=LINE('',#7634,#3218);
#2772=LINE('',#7638,#3219);
#2773=LINE('',#7640,#3220);
#2774=LINE('',#7644,#3221);
#2775=LINE('',#7646,#3222);
#2776=LINE('',#7649,#3223);
#2777=LINE('',#7651,#3224);
#2778=LINE('',#7655,#3225);
#2779=LINE('',#7657,#3226);
#2780=LINE('',#7661,#3227);
#2781=LINE('',#7663,#3228);
#2782=LINE('',#7666,#3229);
#2783=LINE('',#7668,#3230);
#2784=LINE('',#7672,#3231);
#2785=LINE('',#7674,#3232);
#2786=LINE('',#7678,#3233);
#2787=LINE('',#7680,#3234);
#2788=LINE('',#7683,#3235);
#2789=LINE('',#7685,#3236);
#2790=LINE('',#7689,#3237);
#2791=LINE('',#7691,#3238);
#2792=LINE('',#7695,#3239);
#2793=LINE('',#7697,#3240);
#2794=LINE('',#7700,#3241);
#2795=LINE('',#7702,#3242);
#2796=LINE('',#7706,#3243);
#2797=LINE('',#7708,#3244);
#2798=LINE('',#7712,#3245);
#2799=LINE('',#7714,#3246);
#2800=LINE('',#7717,#3247);
#2801=LINE('',#7719,#3248);
#2802=LINE('',#7723,#3249);
#2803=LINE('',#7725,#3250);
#2804=LINE('',#7729,#3251);
#2805=LINE('',#7731,#3252);
#2806=LINE('',#7734,#3253);
#2807=LINE('',#7736,#3254);
#2808=LINE('',#7740,#3255);
#2809=LINE('',#7742,#3256);
#2810=LINE('',#7746,#3257);
#2811=LINE('',#7748,#3258);
#2812=LINE('',#7751,#3259);
#2813=LINE('',#7753,#3260);
#2814=LINE('',#7757,#3261);
#2815=LINE('',#7759,#3262);
#2816=LINE('',#7763,#3263);
#2817=LINE('',#7765,#3264);
#2818=LINE('',#7766,#3265);
#2819=LINE('',#7767,#3266);
#2820=LINE('',#7768,#3267);
#2821=LINE('',#7769,#3268);
#2822=LINE('',#7770,#3269);
#2823=LINE('',#7771,#3270);
#2824=LINE('',#7772,#3271);
#2825=LINE('',#7773,#3272);
#2826=LINE('',#7774,#3273);
#2827=LINE('',#7775,#3274);
#2828=LINE('',#7776,#3275);
#2829=LINE('',#7777,#3276);
#2830=LINE('',#7778,#3277);
#2831=LINE('',#7779,#3278);
#2832=LINE('',#7780,#3279);
#2833=LINE('',#7781,#3280);
#2834=LINE('',#7782,#3281);
#2835=LINE('',#7783,#3282);
#2836=LINE('',#7785,#3283);
#2837=LINE('',#7787,#3284);
#2838=LINE('',#7788,#3285);
#2839=LINE('',#7789,#3286);
#2840=LINE('',#7790,#3287);
#2841=LINE('',#7791,#3288);
#2842=LINE('',#7792,#3289);
#2843=LINE('',#7793,#3290);
#2844=LINE('',#7795,#3291);
#2845=LINE('',#7797,#3292);
#2846=LINE('',#7799,#3293);
#2847=LINE('',#7801,#3294);
#2848=LINE('',#7803,#3295);
#2849=LINE('',#7805,#3296);
#2850=LINE('',#7808,#3297);
#2851=LINE('',#7809,#3298);
#2852=LINE('',#7811,#3299);
#2853=LINE('',#7813,#3300);
#2854=LINE('',#7814,#3301);
#2855=LINE('',#7816,#3302);
#2856=LINE('',#7818,#3303);
#2857=LINE('',#7820,#3304);
#2858=LINE('',#7822,#3305);
#2859=LINE('',#7824,#3306);
#2860=LINE('',#7831,#3307);
#2861=LINE('',#7883,#3308);
#2862=LINE('',#7887,#3309);
#2863=LINE('',#7889,#3310);
#2864=LINE('',#7891,#3311);
#2865=LINE('',#7893,#3312);
#2866=LINE('',#7895,#3313);
#2867=LINE('',#7897,#3314);
#2868=LINE('',#7899,#3315);
#2869=LINE('',#7901,#3316);
#2870=LINE('',#7903,#3317);
#2871=LINE('',#7905,#3318);
#2872=LINE('',#7911,#3319);
#2873=LINE('',#7913,#3320);
#2874=LINE('',#7915,#3321);
#2875=LINE('',#7917,#3322);
#2876=LINE('',#7919,#3323);
#2877=LINE('',#7920,#3324);
#2878=VECTOR('',#5494,1.);
#2879=VECTOR('',#5495,1.);
#2880=VECTOR('',#5496,1.);
#2881=VECTOR('',#5497,1.);
#2882=VECTOR('',#5500,1.);
#2883=VECTOR('',#5501,1.);
#2884=VECTOR('',#5502,1.);
#2885=VECTOR('',#5505,1.);
#2886=VECTOR('',#5506,1.);
#2887=VECTOR('',#5507,1.);
#2888=VECTOR('',#5510,1.);
#2889=VECTOR('',#5511,1.);
#2890=VECTOR('',#5520,1.);
#2891=VECTOR('',#5521,1.);
#2892=VECTOR('',#5522,1.);
#2893=VECTOR('',#5523,1.);
#2894=VECTOR('',#5526,1.);
#2895=VECTOR('',#5529,1.);
#2896=VECTOR('',#5532,1.);
#2897=VECTOR('',#5535,1.);
#2898=VECTOR('',#5540,1.);
#2899=VECTOR('',#5541,1.);
#2900=VECTOR('',#5544,1.);
#2901=VECTOR('',#5547,1.);
#2902=VECTOR('',#5548,1.);
#2903=VECTOR('',#5551,1.);
#2904=VECTOR('',#5554,1.);
#2905=VECTOR('',#5557,1.);
#2906=VECTOR('',#5560,1.);
#2907=VECTOR('',#5563,1.);
#2908=VECTOR('',#5564,1.);
#2909=VECTOR('',#5567,1.);
#2910=VECTOR('',#5570,1.);
#2911=VECTOR('',#5573,1.);
#2912=VECTOR('',#5576,1.);
#2913=VECTOR('',#5579,1.);
#2914=VECTOR('',#5580,1.);
#2915=VECTOR('',#5583,1.);
#2916=VECTOR('',#5586,1.);
#2917=VECTOR('',#5589,1.);
#2918=VECTOR('',#5592,1.);
#2919=VECTOR('',#5595,1.);
#2920=VECTOR('',#5596,1.);
#2921=VECTOR('',#5599,1.);
#2922=VECTOR('',#5600,1.);
#2923=VECTOR('',#5601,1.);
#2924=VECTOR('',#5604,1.);
#2925=VECTOR('',#5607,1.);
#2926=VECTOR('',#5610,1.);
#2927=VECTOR('',#5613,1.);
#2928=VECTOR('',#5614,1.);
#2929=VECTOR('',#5615,1.);
#2930=VECTOR('',#5616,1.);
#2931=VECTOR('',#5619,1.);
#2932=VECTOR('',#5622,1.);
#2933=VECTOR('',#5625,1.);
#2934=VECTOR('',#5628,1.);
#2935=VECTOR('',#5631,1.);
#2936=VECTOR('',#5634,1.);
#2937=VECTOR('',#5637,1.);
#2938=VECTOR('',#5638,1.);
#2939=VECTOR('',#5641,1.);
#2940=VECTOR('',#5644,1.);
#2941=VECTOR('',#5647,1.);
#2942=VECTOR('',#5650,1.);
#2943=VECTOR('',#5653,1.);
#2944=VECTOR('',#5654,1.);
#2945=VECTOR('',#5657,1.);
#2946=VECTOR('',#5660,1.);
#2947=VECTOR('',#5663,1.);
#2948=VECTOR('',#5666,1.);
#2949=VECTOR('',#5669,1.);
#2950=VECTOR('',#5670,1.);
#2951=VECTOR('',#5673,1.);
#2952=VECTOR('',#5676,1.);
#2953=VECTOR('',#5679,1.);
#2954=VECTOR('',#5682,1.);
#2955=VECTOR('',#5685,1.);
#2956=VECTOR('',#5686,1.);
#2957=VECTOR('',#5689,1.);
#2958=VECTOR('',#5692,1.);
#2959=VECTOR('',#5695,1.);
#2960=VECTOR('',#5698,1.);
#2961=VECTOR('',#5701,1.);
#2962=VECTOR('',#5702,1.);
#2963=VECTOR('',#5705,1.);
#2964=VECTOR('',#5708,1.);
#2965=VECTOR('',#5711,1.);
#2966=VECTOR('',#5714,1.);
#2967=VECTOR('',#5717,1.);
#2968=VECTOR('',#5718,1.);
#2969=VECTOR('',#5721,1.);
#2970=VECTOR('',#5722,1.);
#2971=VECTOR('',#5723,1.);
#2972=VECTOR('',#5726,1.);
#2973=VECTOR('',#5729,1.);
#2974=VECTOR('',#5732,1.);
#2975=VECTOR('',#5735,1.);
#2976=VECTOR('',#5738,1.);
#2977=VECTOR('',#5739,1.);
#2978=VECTOR('',#5742,1.);
#2979=VECTOR('',#5745,1.);
#2980=VECTOR('',#5748,1.);
#2981=VECTOR('',#5751,1.);
#2982=VECTOR('',#5754,1.);
#2983=VECTOR('',#5755,1.);
#2984=VECTOR('',#5758,1.);
#2985=VECTOR('',#5759,1.);
#2986=VECTOR('',#5760,1.);
#2987=VECTOR('',#5763,1.);
#2988=VECTOR('',#5766,1.);
#2989=VECTOR('',#5769,1.);
#2990=VECTOR('',#5772,1.);
#2991=VECTOR('',#5775,1.);
#2992=VECTOR('',#5776,1.);
#2993=VECTOR('',#5779,1.);
#2994=VECTOR('',#5782,1.);
#2995=VECTOR('',#5783,1.);
#2996=VECTOR('',#5786,1.);
#2997=VECTOR('',#5787,1.);
#2998=VECTOR('',#5790,1.);
#2999=VECTOR('',#5793,1.);
#3000=VECTOR('',#5796,1.);
#3001=VECTOR('',#5797,1.);
#3002=VECTOR('',#5800,1.);
#3003=VECTOR('',#5803,1.);
#3004=VECTOR('',#5804,1.);
#3005=VECTOR('',#5807,1.);
#3006=VECTOR('',#5808,1.);
#3007=VECTOR('',#5811,1.);
#3008=VECTOR('',#5814,1.);
#3009=VECTOR('',#5817,1.);
#3010=VECTOR('',#5818,1.);
#3011=VECTOR('',#5821,1.);
#3012=VECTOR('',#5824,1.);
#3013=VECTOR('',#5827,1.);
#3014=VECTOR('',#5830,1.);
#3015=VECTOR('',#5833,1.);
#3016=VECTOR('',#5834,1.);
#3017=VECTOR('',#5837,1.);
#3018=VECTOR('',#5840,1.);
#3019=VECTOR('',#5843,1.);
#3020=VECTOR('',#5846,1.);
#3021=VECTOR('',#5849,1.);
#3022=VECTOR('',#5850,1.);
#3023=VECTOR('',#5853,1.);
#3024=VECTOR('',#5856,1.);
#3025=VECTOR('',#5859,1.);
#3026=VECTOR('',#5862,1.);
#3027=VECTOR('',#5865,1.);
#3028=VECTOR('',#5866,1.);
#3029=VECTOR('',#5869,1.);
#3030=VECTOR('',#5872,1.);
#3031=VECTOR('',#5875,1.);
#3032=VECTOR('',#5878,1.);
#3033=VECTOR('',#5881,1.);
#3034=VECTOR('',#5882,1.);
#3035=VECTOR('',#5885,1.);
#3036=VECTOR('',#5888,1.);
#3037=VECTOR('',#5891,1.);
#3038=VECTOR('',#5894,1.);
#3039=VECTOR('',#5897,1.);
#3040=VECTOR('',#5898,1.);
#3041=VECTOR('',#5901,1.);
#3042=VECTOR('',#5904,1.);
#3043=VECTOR('',#5907,1.);
#3044=VECTOR('',#5910,1.);
#3045=VECTOR('',#5913,1.);
#3046=VECTOR('',#5914,1.);
#3047=VECTOR('',#5917,1.);
#3048=VECTOR('',#5920,1.);
#3049=VECTOR('',#5923,1.);
#3050=VECTOR('',#5926,1.);
#3051=VECTOR('',#5929,1.);
#3052=VECTOR('',#5930,1.);
#3053=VECTOR('',#5933,1.);
#3054=VECTOR('',#5936,1.);
#3055=VECTOR('',#5939,1.);
#3056=VECTOR('',#5942,1.);
#3057=VECTOR('',#5945,1.);
#3058=VECTOR('',#5946,1.);
#3059=VECTOR('',#5949,1.);
#3060=VECTOR('',#5952,1.);
#3061=VECTOR('',#5955,1.);
#3062=VECTOR('',#5958,1.);
#3063=VECTOR('',#5959,1.);
#3064=VECTOR('',#5960,1.);
#3065=VECTOR('',#5961,1.);
#3066=VECTOR('',#5962,1.);
#3067=VECTOR('',#5963,1.);
#3068=VECTOR('',#5964,1.);
#3069=VECTOR('',#5965,1.);
#3070=VECTOR('',#5966,1.);
#3071=VECTOR('',#5967,1.);
#3072=VECTOR('',#5968,1.);
#3073=VECTOR('',#5969,1.);
#3074=VECTOR('',#5970,1.);
#3075=VECTOR('',#5971,1.);
#3076=VECTOR('',#5972,1.);
#3077=VECTOR('',#5973,1.);
#3078=VECTOR('',#5974,1.);
#3079=VECTOR('',#5975,1.);
#3080=VECTOR('',#5976,1.);
#3081=VECTOR('',#5977,1.);
#3082=VECTOR('',#5978,1.);
#3083=VECTOR('',#5979,1.);
#3084=VECTOR('',#5980,1.);
#3085=VECTOR('',#5981,1.);
#3086=VECTOR('',#5982,1.);
#3087=VECTOR('',#5983,1.);
#3088=VECTOR('',#5984,1.);
#3089=VECTOR('',#5987,1.);
#3090=VECTOR('',#5988,1.);
#3091=VECTOR('',#5991,1.);
#3092=VECTOR('',#5992,1.);
#3093=VECTOR('',#5993,1.);
#3094=VECTOR('',#5996,1.);
#3095=VECTOR('',#5997,1.);
#3096=VECTOR('',#5998,1.);
#3097=VECTOR('',#6001,1.);
#3098=VECTOR('',#6002,1.);
#3099=VECTOR('',#6003,1.);
#3100=VECTOR('',#6004,1.);
#3101=VECTOR('',#6007,1.);
#3102=VECTOR('',#6008,1.);
#3103=VECTOR('',#6009,1.);
#3104=VECTOR('',#6012,1.);
#3105=VECTOR('',#6013,1.);
#3106=VECTOR('',#6014,1.);
#3107=VECTOR('',#6023,1.);
#3108=VECTOR('',#6024,1.);
#3109=VECTOR('',#6095,1.);
#3110=VECTOR('',#6096,1.);
#3111=VECTOR('',#6097,1.);
#3112=VECTOR('',#6098,1.);
#3113=VECTOR('',#6099,1.);
#3114=VECTOR('',#6102,1.);
#3115=VECTOR('',#6103,1.);
#3116=VECTOR('',#6106,1.);
#3117=VECTOR('',#6109,1.);
#3118=VECTOR('',#6116,1.);
#3119=VECTOR('',#6117,1.);
#3120=VECTOR('',#6120,1.);
#3121=VECTOR('',#6121,1.);
#3122=VECTOR('',#6122,1.);
#3123=VECTOR('',#6127,1.);
#3124=VECTOR('',#6128,1.);
#3125=VECTOR('',#6133,1.);
#3126=VECTOR('',#6136,1.);
#3127=VECTOR('',#6137,1.);
#3128=VECTOR('',#6138,1.);
#3129=VECTOR('',#6143,1.);
#3130=VECTOR('',#6144,1.);
#3131=VECTOR('',#6149,1.);
#3132=VECTOR('',#6152,1.);
#3133=VECTOR('',#6153,1.);
#3134=VECTOR('',#6154,1.);
#3135=VECTOR('',#6159,1.);
#3136=VECTOR('',#6160,1.);
#3137=VECTOR('',#6165,1.);
#3138=VECTOR('',#6168,1.);
#3139=VECTOR('',#6171,1.);
#3140=VECTOR('',#6172,1.);
#3141=VECTOR('',#6175,1.);
#3142=VECTOR('',#6178,1.);
#3143=VECTOR('',#6181,1.);
#3144=VECTOR('',#6184,1.);
#3145=VECTOR('',#6187,1.);
#3146=VECTOR('',#6188,1.);
#3147=VECTOR('',#6191,1.);
#3148=VECTOR('',#6194,1.);
#3149=VECTOR('',#6197,1.);
#3150=VECTOR('',#6200,1.);
#3151=VECTOR('',#6201,1.);
#3152=VECTOR('',#6202,1.);
#3153=VECTOR('',#6207,1.);
#3154=VECTOR('',#6208,1.);
#3155=VECTOR('',#6213,1.);
#3156=VECTOR('',#6216,1.);
#3157=VECTOR('',#6217,1.);
#3158=VECTOR('',#6218,1.);
#3159=VECTOR('',#6223,1.);
#3160=VECTOR('',#6224,1.);
#3161=VECTOR('',#6229,1.);
#3162=VECTOR('',#6232,1.);
#3163=VECTOR('',#6233,1.);
#3164=VECTOR('',#6234,1.);
#3165=VECTOR('',#6239,1.);
#3166=VECTOR('',#6240,1.);
#3167=VECTOR('',#6245,1.);
#3168=VECTOR('',#6248,1.);
#3169=VECTOR('',#6249,1.);
#3170=VECTOR('',#6250,1.);
#3171=VECTOR('',#6255,1.);
#3172=VECTOR('',#6256,1.);
#3173=VECTOR('',#6261,1.);
#3174=VECTOR('',#6264,1.);
#3175=VECTOR('',#6265,1.);
#3176=VECTOR('',#6266,1.);
#3177=VECTOR('',#6271,1.);
#3178=VECTOR('',#6272,1.);
#3179=VECTOR('',#6277,1.);
#3180=VECTOR('',#6280,1.);
#3181=VECTOR('',#6281,1.);
#3182=VECTOR('',#6284,1.);
#3183=VECTOR('',#6287,1.);
#3184=VECTOR('',#6290,1.);
#3185=VECTOR('',#6293,1.);
#3186=VECTOR('',#6296,1.);
#3187=VECTOR('',#6297,1.);
#3188=VECTOR('',#6298,1.);
#3189=VECTOR('',#6303,1.);
#3190=VECTOR('',#6304,1.);
#3191=VECTOR('',#6309,1.);
#3192=VECTOR('',#6312,1.);
#3193=VECTOR('',#6313,1.);
#3194=VECTOR('',#6316,1.);
#3195=VECTOR('',#6319,1.);
#3196=VECTOR('',#6322,1.);
#3197=VECTOR('',#6325,1.);
#3198=VECTOR('',#6328,1.);
#3199=VECTOR('',#6331,1.);
#3200=VECTOR('',#6332,1.);
#3201=VECTOR('',#6335,1.);
#3202=VECTOR('',#6338,1.);
#3203=VECTOR('',#6341,1.);
#3204=VECTOR('',#6344,1.);
#3205=VECTOR('',#6347,1.);
#3206=VECTOR('',#6348,1.);
#3207=VECTOR('',#6351,1.);
#3208=VECTOR('',#6354,1.);
#3209=VECTOR('',#6357,1.);
#3210=VECTOR('',#6360,1.);
#3211=VECTOR('',#6361,1.);
#3212=VECTOR('',#6362,1.);
#3213=VECTOR('',#6367,1.);
#3214=VECTOR('',#6368,1.);
#3215=VECTOR('',#6373,1.);
#3216=VECTOR('',#6376,1.);
#3217=VECTOR('',#6377,1.);
#3218=VECTOR('',#6378,1.);
#3219=VECTOR('',#6383,1.);
#3220=VECTOR('',#6384,1.);
#3221=VECTOR('',#6389,1.);
#3222=VECTOR('',#6392,1.);
#3223=VECTOR('',#6393,1.);
#3224=VECTOR('',#6394,1.);
#3225=VECTOR('',#6399,1.);
#3226=VECTOR('',#6400,1.);
#3227=VECTOR('',#6405,1.);
#3228=VECTOR('',#6408,1.);
#3229=VECTOR('',#6409,1.);
#3230=VECTOR('',#6410,1.);
#3231=VECTOR('',#6415,1.);
#3232=VECTOR('',#6416,1.);
#3233=VECTOR('',#6421,1.);
#3234=VECTOR('',#6424,1.);
#3235=VECTOR('',#6425,1.);
#3236=VECTOR('',#6426,1.);
#3237=VECTOR('',#6431,1.);
#3238=VECTOR('',#6432,1.);
#3239=VECTOR('',#6437,1.);
#3240=VECTOR('',#6440,1.);
#3241=VECTOR('',#6441,1.);
#3242=VECTOR('',#6442,1.);
#3243=VECTOR('',#6447,1.);
#3244=VECTOR('',#6448,1.);
#3245=VECTOR('',#6453,1.);
#3246=VECTOR('',#6456,1.);
#3247=VECTOR('',#6457,1.);
#3248=VECTOR('',#6458,1.);
#3249=VECTOR('',#6463,1.);
#3250=VECTOR('',#6464,1.);
#3251=VECTOR('',#6469,1.);
#3252=VECTOR('',#6472,1.);
#3253=VECTOR('',#6473,1.);
#3254=VECTOR('',#6474,1.);
#3255=VECTOR('',#6479,1.);
#3256=VECTOR('',#6480,1.);
#3257=VECTOR('',#6485,1.);
#3258=VECTOR('',#6488,1.);
#3259=VECTOR('',#6489,1.);
#3260=VECTOR('',#6490,1.);
#3261=VECTOR('',#6495,1.);
#3262=VECTOR('',#6496,1.);
#3263=VECTOR('',#6501,1.);
#3264=VECTOR('',#6504,1.);
#3265=VECTOR('',#6505,1.);
#3266=VECTOR('',#6506,1.);
#3267=VECTOR('',#6507,1.);
#3268=VECTOR('',#6508,1.);
#3269=VECTOR('',#6509,1.);
#3270=VECTOR('',#6510,1.);
#3271=VECTOR('',#6511,1.);
#3272=VECTOR('',#6512,1.);
#3273=VECTOR('',#6513,1.);
#3274=VECTOR('',#6514,1.);
#3275=VECTOR('',#6515,1.);
#3276=VECTOR('',#6516,1.);
#3277=VECTOR('',#6517,1.);
#3278=VECTOR('',#6518,1.);
#3279=VECTOR('',#6519,1.);
#3280=VECTOR('',#6520,1.);
#3281=VECTOR('',#6521,1.);
#3282=VECTOR('',#6522,1.);
#3283=VECTOR('',#6523,1.);
#3284=VECTOR('',#6524,1.);
#3285=VECTOR('',#6525,1.);
#3286=VECTOR('',#6526,1.);
#3287=VECTOR('',#6527,1.);
#3288=VECTOR('',#6528,1.);
#3289=VECTOR('',#6529,1.);
#3290=VECTOR('',#6530,1.);
#3291=VECTOR('',#6533,1.);
#3292=VECTOR('',#6534,1.);
#3293=VECTOR('',#6537,1.);
#3294=VECTOR('',#6538,1.);
#3295=VECTOR('',#6539,1.);
#3296=VECTOR('',#6542,1.);
#3297=VECTOR('',#6543,1.);
#3298=VECTOR('',#6544,1.);
#3299=VECTOR('',#6547,1.);
#3300=VECTOR('',#6548,1.);
#3301=VECTOR('',#6549,1.);
#3302=VECTOR('',#6550,1.);
#3303=VECTOR('',#6553,1.);
#3304=VECTOR('',#6554,1.);
#3305=VECTOR('',#6557,1.);
#3306=VECTOR('',#6558,1.);
#3307=VECTOR('',#6567,1.);
#3308=VECTOR('',#6656,1.);
#3309=VECTOR('',#6659,1.);
#3310=VECTOR('',#6662,1.);
#3311=VECTOR('',#6663,1.);
#3312=VECTOR('',#6664,1.);
#3313=VECTOR('',#6667,1.);
#3314=VECTOR('',#6668,1.);
#3315=VECTOR('',#6669,1.);
#3316=VECTOR('',#6672,1.);
#3317=VECTOR('',#6673,1.);
#3318=VECTOR('',#6674,1.);
#3319=VECTOR('',#6681,1.);
#3320=VECTOR('',#6684,1.);
#3321=VECTOR('',#6685,1.);
#3322=VECTOR('',#6686,1.);
#3323=VECTOR('',#6689,1.);
#3324=VECTOR('',#6690,1.);
#3325=EDGE_LOOP('',(#318,#319,#320,#321));
#3326=EDGE_LOOP('',(#322,#323,#324,#325));
#3327=EDGE_LOOP('',(#326,#327,#328,#329));
#3328=EDGE_LOOP('',(#330,#331,#332,#333));
#3329=EDGE_LOOP('',(#334,#335,#336,#337));
#3330=EDGE_LOOP('',(#338,#339,#340,#341));
#3331=EDGE_LOOP('',(#342,#343,#344,#345));
#3332=EDGE_LOOP('',(#346,#347,#348,#349,#350,#351,#352));
#3333=EDGE_LOOP('',(#353,#354,#355,#356));
#3334=EDGE_LOOP('',(#357,#358,#359,#360));
#3335=EDGE_LOOP('',(#361,#362,#363,#364));
#3336=EDGE_LOOP('',(#365,#366,#367));
#3337=EDGE_LOOP('',(#368,#369,#370,#371));
#3338=EDGE_LOOP('',(#372,#373,#374,#375));
#3339=EDGE_LOOP('',(#376,#377,#378));
#3340=EDGE_LOOP('',(#379,#380,#381,#382));
#3341=EDGE_LOOP('',(#383,#384,#385,#386));
#3342=EDGE_LOOP('',(#387,#388,#389));
#3343=EDGE_LOOP('',(#390,#391,#392,#393));
#3344=EDGE_LOOP('',(#394,#395,#396,#397));
#3345=EDGE_LOOP('',(#398,#399,#400,#401));
#3346=EDGE_LOOP('',(#402,#403,#404,#405));
#3347=EDGE_LOOP('',(#406,#407,#408,#409));
#3348=EDGE_LOOP('',(#410,#411,#412,#413));
#3349=EDGE_LOOP('',(#414,#415,#416,#417));
#3350=EDGE_LOOP('',(#418,#419,#420,#421));
#3351=EDGE_LOOP('',(#422,#423,#424,#425));
#3352=EDGE_LOOP('',(#426,#427,#428,#429));
#3353=EDGE_LOOP('',(#430,#431,#432));
#3354=EDGE_LOOP('',(#433,#434,#435,#436));
#3355=EDGE_LOOP('',(#437,#438,#439,#440));
#3356=EDGE_LOOP('',(#441,#442,#443));
#3357=EDGE_LOOP('',(#444,#445,#446,#447));
#3358=EDGE_LOOP('',(#448,#449,#450,#451));
#3359=EDGE_LOOP('',(#452,#453,#454));
#3360=EDGE_LOOP('',(#455,#456,#457,#458));
#3361=EDGE_LOOP('',(#459,#460,#461,#462));
#3362=EDGE_LOOP('',(#463,#464,#465));
#3363=EDGE_LOOP('',(#466,#467,#468,#469));
#3364=EDGE_LOOP('',(#470,#471,#472,#473));
#3365=EDGE_LOOP('',(#474,#475,#476));
#3366=EDGE_LOOP('',(#477,#478,#479,#480));
#3367=EDGE_LOOP('',(#481,#482,#483,#484));
#3368=EDGE_LOOP('',(#485,#486,#487,#488));
#3369=EDGE_LOOP('',(#489,#490,#491,#492));
#3370=EDGE_LOOP('',(#493,#494,#495,#496));
#3371=EDGE_LOOP('',(#497,#498,#499,#500));
#3372=EDGE_LOOP('',(#501,#502,#503));
#3373=EDGE_LOOP('',(#504,#505,#506,#507));
#3374=EDGE_LOOP('',(#508,#509,#510,#511));
#3375=EDGE_LOOP('',(#512,#513,#514,#515));
#3376=EDGE_LOOP('',(#516,#517,#518,#519));
#3377=EDGE_LOOP('',(#520,#521,#522,#523));
#3378=EDGE_LOOP('',(#524,#525,#526,#527));
#3379=EDGE_LOOP('',(#528,#529,#530,#531));
#3380=EDGE_LOOP('',(#532,#533,#534,#535));
#3381=EDGE_LOOP('',(#536,#537,#538,#539));
#3382=EDGE_LOOP('',(#540,#541,#542,#543));
#3383=EDGE_LOOP('',(#544,#545,#546,#547));
#3384=EDGE_LOOP('',(#548,#549,#550,#551));
#3385=EDGE_LOOP('',(#552,#553,#554,#555));
#3386=EDGE_LOOP('',(#556,#557,#558,#559));
#3387=EDGE_LOOP('',(#560,#561,#562));
#3388=EDGE_LOOP('',(#563,#564,#565,#566));
#3389=EDGE_LOOP('',(#567,#568,#569,#570));
#3390=EDGE_LOOP('',(#571,#572,#573));
#3391=EDGE_LOOP('',(#574,#575,#576,#577));
#3392=EDGE_LOOP('',(#578,#579,#580,#581));
#3393=EDGE_LOOP('',(#582,#583,#584));
#3394=EDGE_LOOP('',(#585,#586,#587,#588));
#3395=EDGE_LOOP('',(#589,#590,#591,#592));
#3396=EDGE_LOOP('',(#593,#594,#595));
#3397=EDGE_LOOP('',(#596,#597,#598,#599));
#3398=EDGE_LOOP('',(#600,#601,#602,#603));
#3399=EDGE_LOOP('',(#604,#605,#606));
#3400=EDGE_LOOP('',(#607,#608,#609,#610));
#3401=EDGE_LOOP('',(#611,#612,#613,#614));
#3402=EDGE_LOOP('',(#615,#616,#617));
#3403=EDGE_LOOP('',(#618,#619,#620,#621));
#3404=EDGE_LOOP('',(#622,#623,#624,#625));
#3405=EDGE_LOOP('',(#626,#627,#628));
#3406=EDGE_LOOP('',(#629,#630,#631,#632));
#3407=EDGE_LOOP('',(#633,#634,#635,#636));
#3408=EDGE_LOOP('',(#637,#638,#639));
#3409=EDGE_LOOP('',(#640,#641,#642,#643));
#3410=EDGE_LOOP('',(#644,#645,#646,#647));
#3411=EDGE_LOOP('',(#648,#649,#650));
#3412=EDGE_LOOP('',(#651,#652,#653));
#3413=EDGE_LOOP('',(#654,#655,#656,#657));
#3414=EDGE_LOOP('',(#658,#659,#660));
#3415=EDGE_LOOP('',(#661,#662,#663));
#3416=EDGE_LOOP('',(#664,#665,#666,#667));
#3417=EDGE_LOOP('',(#668,#669,#670));
#3418=EDGE_LOOP('',(#671,#672,#673));
#3419=EDGE_LOOP('',(#674,#675,#676,#677));
#3420=EDGE_LOOP('',(#678,#679,#680));
#3421=EDGE_LOOP('',(#681,#682,#683));
#3422=EDGE_LOOP('',(#684,#685,#686,#687));
#3423=EDGE_LOOP('',(#688,#689,#690));
#3424=EDGE_LOOP('',(#691,#692,#693));
#3425=EDGE_LOOP('',(#694,#695,#696,#697));
#3426=EDGE_LOOP('',(#698,#699,#700));
#3427=EDGE_LOOP('',(#701,#702,#703));
#3428=EDGE_LOOP('',(#704,#705,#706,#707));
#3429=EDGE_LOOP('',(#708,#709,#710));
#3430=EDGE_LOOP('',(#711,#712,#713,#714));
#3431=EDGE_LOOP('',(#715,#716,#717));
#3432=EDGE_LOOP('',(#718,#719,#720));
#3433=EDGE_LOOP('',(#721,#722,#723));
#3434=EDGE_LOOP('',(#724,#725,#726));
#3435=EDGE_LOOP('',(#727,#728,#729));
#3436=EDGE_LOOP('',(#730,#731,#732));
#3437=EDGE_LOOP('',(#733,#734,#735));
#3438=EDGE_LOOP('',(#736,#737,#738,#739));
#3439=EDGE_LOOP('',(#740,#741,#742,#743,#744,#745));
#3440=EDGE_LOOP('',(#746,#747,#748,#749,#750,#751,#752,#753,#754,#755));
#3441=EDGE_LOOP('',(#756,#757,#758,#759,#760));
#3442=EDGE_LOOP('',(#761,#762,#763,#764));
#3443=EDGE_LOOP('',(#765));
#3444=EDGE_LOOP('',(#766));
#3445=EDGE_LOOP('',(#767,#768,#769,#770,#771));
#3446=EDGE_LOOP('',(#772));
#3447=EDGE_LOOP('',(#773));
#3448=EDGE_LOOP('',(#774,#775,#776,#777,#778,#779,#780,#781,#782,#783));
#3449=EDGE_LOOP('',(#784));
#3450=EDGE_LOOP('',(#785));
#3451=EDGE_LOOP('',(#786,#787,#788,#789));
#3452=EDGE_LOOP('',(#790,#791,#792,#793));
#3453=EDGE_LOOP('',(#794,#795,#796,#797));
#3454=EDGE_LOOP('',(#798,#799,#800,#801));
#3455=EDGE_LOOP('',(#802,#803,#804,#805));
#3456=EDGE_LOOP('',(#806,#807,#808,#809));
#3457=EDGE_LOOP('',(#810,#811,#812,#813));
#3458=EDGE_LOOP('',(#814,#815,#816,#817));
#3459=EDGE_LOOP('',(#818,#819,#820,#821));
#3460=EDGE_LOOP('',(#822,#823,#824,#825));
#3461=EDGE_LOOP('',(#826,#827,#828,#829));
#3462=EDGE_LOOP('',(#830,#831,#832,#833));
#3463=EDGE_LOOP('',(#834,#835,#836,#837));
#3464=EDGE_LOOP('',(#838,#839,#840,#841));
#3465=EDGE_LOOP('',(#842,#843,#844,#845));
#3466=EDGE_LOOP('',(#846,#847,#848,#849));
#3467=EDGE_LOOP('',(#850,#851,#852,#853));
#3468=EDGE_LOOP('',(#854,#855,#856,#857));
#3469=EDGE_LOOP('',(#858,#859,#860,#861));
#3470=EDGE_LOOP('',(#862,#863,#864,#865));
#3471=EDGE_LOOP('',(#866,#867,#868,#869));
#3472=EDGE_LOOP('',(#870,#871,#872,#873));
#3473=EDGE_LOOP('',(#874,#875,#876,#877));
#3474=EDGE_LOOP('',(#878,#879,#880,#881));
#3475=EDGE_LOOP('',(#882,#883,#884,#885));
#3476=EDGE_LOOP('',(#886,#887,#888,#889));
#3477=EDGE_LOOP('',(#890));
#3478=EDGE_LOOP('',(#891));
#3479=EDGE_LOOP('',(#892,#893,#894,#895,#896,#897,#898,#899));
#3480=EDGE_LOOP('',(#900,#901,#902,#903,#904,#905,#906));
#3481=EDGE_LOOP('',(#907,#908,#909,#910));
#3482=EDGE_LOOP('',(#911,#912,#913,#914));
#3483=EDGE_LOOP('',(#915,#916,#917,#918));
#3484=EDGE_LOOP('',(#919,#920,#921));
#3485=EDGE_LOOP('',(#922,#923,#924,#925));
#3486=EDGE_LOOP('',(#926,#927,#928,#929));
#3487=EDGE_LOOP('',(#930,#931,#932));
#3488=EDGE_LOOP('',(#933,#934,#935,#936));
#3489=EDGE_LOOP('',(#937,#938,#939,#940));
#3490=EDGE_LOOP('',(#941,#942,#943));
#3491=EDGE_LOOP('',(#944,#945,#946,#947));
#3492=EDGE_LOOP('',(#948,#949,#950,#951));
#3493=EDGE_LOOP('',(#952,#953,#954));
#3494=EDGE_LOOP('',(#955,#956,#957,#958));
#3495=EDGE_LOOP('',(#959,#960,#961,#962));
#3496=EDGE_LOOP('',(#963,#964,#965));
#3497=EDGE_LOOP('',(#966,#967,#968,#969));
#3498=EDGE_LOOP('',(#970,#971,#972,#973));
#3499=EDGE_LOOP('',(#974,#975,#976));
#3500=EDGE_LOOP('',(#977,#978,#979,#980));
#3501=EDGE_LOOP('',(#981,#982,#983,#984));
#3502=EDGE_LOOP('',(#985,#986,#987));
#3503=EDGE_LOOP('',(#988,#989,#990,#991));
#3504=EDGE_LOOP('',(#992,#993,#994,#995));
#3505=EDGE_LOOP('',(#996,#997,#998));
#3506=EDGE_LOOP('',(#999,#1000,#1001,#1002));
#3507=EDGE_LOOP('',(#1003,#1004,#1005,#1006));
#3508=EDGE_LOOP('',(#1007,#1008,#1009));
#3509=EDGE_LOOP('',(#1010,#1011,#1012,#1013));
#3510=EDGE_LOOP('',(#1014,#1015,#1016,#1017));
#3511=EDGE_LOOP('',(#1018,#1019,#1020));
#3512=EDGE_LOOP('',(#1021,#1022,#1023,#1024));
#3513=EDGE_LOOP('',(#1025,#1026,#1027,#1028));
#3514=EDGE_LOOP('',(#1029,#1030,#1031));
#3515=EDGE_LOOP('',(#1032,#1033,#1034,#1035));
#3516=EDGE_LOOP('',(#1036,#1037,#1038,#1039));
#3517=EDGE_LOOP('',(#1040,#1041,#1042));
#3518=EDGE_LOOP('',(#1043,#1044,#1045,#1046));
#3519=EDGE_LOOP('',(#1047,#1048,#1049,#1050));
#3520=EDGE_LOOP('',(#1051,#1052,#1053));
#3521=EDGE_LOOP('',(#1054,#1055,#1056,#1057));
#3522=EDGE_LOOP('',(#1058,#1059,#1060,#1061));
#3523=EDGE_LOOP('',(#1062,#1063,#1064));
#3524=EDGE_LOOP('',(#1065,#1066,#1067,#1068));
#3525=EDGE_LOOP('',(#1069,#1070,#1071,#1072));
#3526=EDGE_LOOP('',(#1073,#1074,#1075));
#3527=EDGE_LOOP('',(#1076,#1077,#1078,#1079));
#3528=EDGE_LOOP('',(#1080,#1081,#1082,#1083));
#3529=EDGE_LOOP('',(#1084,#1085,#1086));
#3530=EDGE_LOOP('',(#1087,#1088,#1089,#1090));
#3531=EDGE_LOOP('',(#1091,#1092,#1093,#1094));
#3532=EDGE_LOOP('',(#1095,#1096,#1097));
#3533=EDGE_LOOP('',(#1098,#1099,#1100,#1101));
#3534=EDGE_LOOP('',(#1102,#1103,#1104,#1105));
#3535=EDGE_LOOP('',(#1106,#1107,#1108));
#3536=EDGE_LOOP('',(#1109,#1110,#1111,#1112));
#3537=EDGE_LOOP('',(#1113,#1114,#1115,#1116));
#3538=EDGE_LOOP('',(#1117,#1118,#1119));
#3539=EDGE_LOOP('',(#1120,#1121,#1122,#1123));
#3540=EDGE_LOOP('',(#1124,#1125,#1126,#1127));
#3541=EDGE_LOOP('',(#1128,#1129,#1130));
#3542=EDGE_LOOP('',(#1131,#1132,#1133,#1134));
#3543=EDGE_LOOP('',(#1135,#1136,#1137,#1138));
#3544=EDGE_LOOP('',(#1139,#1140,#1141));
#3545=EDGE_LOOP('',(#1142,#1143,#1144,#1145));
#3546=EDGE_LOOP('',(#1146,#1147,#1148,#1149));
#3547=EDGE_LOOP('',(#1150,#1151,#1152));
#3548=EDGE_LOOP('',(#1153,#1154,#1155,#1156));
#3549=EDGE_LOOP('',(#1157,#1158,#1159,#1160));
#3550=EDGE_LOOP('',(#1161,#1162,#1163));
#3551=EDGE_LOOP('',(#1164,#1165,#1166,#1167));
#3552=EDGE_LOOP('',(#1168,#1169,#1170,#1171));
#3553=EDGE_LOOP('',(#1172,#1173,#1174));
#3554=EDGE_LOOP('',(#1175,#1176,#1177));
#3555=EDGE_LOOP('',(#1178,#1179,#1180));
#3556=EDGE_LOOP('',(#1181,#1182,#1183));
#3557=EDGE_LOOP('',(#1184,#1185,#1186));
#3558=EDGE_LOOP('',(#1187,#1188,#1189));
#3559=EDGE_LOOP('',(#1190,#1191,#1192));
#3560=EDGE_LOOP('',(#1193,#1194,#1195));
#3561=EDGE_LOOP('',(#1196,#1197,#1198));
#3562=EDGE_LOOP('',(#1199,#1200,#1201));
#3563=EDGE_LOOP('',(#1202,#1203,#1204));
#3564=EDGE_LOOP('',(#1205,#1206,#1207));
#3565=EDGE_LOOP('',(#1208,#1209,#1210));
#3566=EDGE_LOOP('',(#1211,#1212,#1213));
#3567=EDGE_LOOP('',(#1214,#1215,#1216));
#3568=EDGE_LOOP('',(#1217,#1218,#1219));
#3569=EDGE_LOOP('',(#1220,#1221,#1222));
#3570=EDGE_LOOP('',(#1223,#1224,#1225));
#3571=EDGE_LOOP('',(#1226,#1227,#1228));
#3572=EDGE_LOOP('',(#1229,#1230,#1231,#1232));
#3573=EDGE_LOOP('',(#1233,#1234,#1235));
#3574=EDGE_LOOP('',(#1236,#1237,#1238));
#3575=EDGE_LOOP('',(#1239,#1240,#1241));
#3576=EDGE_LOOP('',(#1242,#1243,#1244));
#3577=EDGE_LOOP('',(#1245,#1246,#1247));
#3578=EDGE_LOOP('',(#1248,#1249,#1250));
#3579=EDGE_LOOP('',(#1251,#1252,#1253));
#3580=EDGE_LOOP('',(#1254,#1255,#1256,#1257));
#3581=EDGE_LOOP('',(#1258,#1259,#1260,#1261,#1262,#1263));
#3582=EDGE_LOOP('',(#1264,#1265,#1266,#1267,#1268,#1269,#1270,#1271,#1272,
#1273,#1274,#1275));
#3583=EDGE_LOOP('',(#1276,#1277,#1278,#1279));
#3584=EDGE_LOOP('',(#1280,#1281,#1282,#1283));
#3585=EDGE_LOOP('',(#1284));
#3586=EDGE_LOOP('',(#1285));
#3587=EDGE_LOOP('',(#1286,#1287,#1288,#1289));
#3588=EDGE_LOOP('',(#1290));
#3589=EDGE_LOOP('',(#1291));
#3590=EDGE_LOOP('',(#1292,#1293,#1294,#1295,#1296,#1297,#1298,#1299,#1300,
#1301));
#3591=EDGE_LOOP('',(#1302));
#3592=EDGE_LOOP('',(#1303));
#3593=EDGE_LOOP('',(#1304,#1305,#1306,#1307));
#3594=EDGE_LOOP('',(#1308,#1309,#1310,#1311));
#3595=EDGE_LOOP('',(#1312));
#3596=EDGE_LOOP('',(#1313));
#3597=EDGE_LOOP('',(#1314,#1315,#1316,#1317));
#3598=EDGE_LOOP('',(#1318,#1319,#1320,#1321));
#3599=EDGE_LOOP('',(#1322,#1323,#1324,#1325));
#3600=EDGE_LOOP('',(#1326,#1327,#1328,#1329));
#3601=EDGE_LOOP('',(#1330,#1331,#1332,#1333));
#3602=EDGE_LOOP('',(#1334,#1335,#1336,#1337));
#3603=EDGE_LOOP('',(#1338,#1339,#1340,#1341));
#3604=EDGE_LOOP('',(#1342,#1343,#1344,#1345));
#3605=EDGE_LOOP('',(#1346,#1347,#1348,#1349));
#3606=EDGE_LOOP('',(#1350,#1351,#1352,#1353));
#3607=EDGE_LOOP('',(#1354,#1355,#1356,#1357));
#3608=EDGE_LOOP('',(#1358,#1359,#1360,#1361));
#3609=EDGE_LOOP('',(#1362,#1363,#1364,#1365));
#3610=EDGE_LOOP('',(#1366,#1367,#1368,#1369));
#3611=EDGE_LOOP('',(#1370,#1371,#1372,#1373));
#3612=EDGE_LOOP('',(#1374,#1375,#1376,#1377));
#3613=EDGE_LOOP('',(#1378,#1379,#1380,#1381));
#3614=EDGE_LOOP('',(#1382,#1383,#1384,#1385));
#3615=EDGE_LOOP('',(#1386,#1387,#1388,#1389));
#3616=EDGE_LOOP('',(#1390,#1391,#1392,#1393));
#3617=EDGE_LOOP('',(#1394,#1395,#1396,#1397));
#3618=EDGE_LOOP('',(#1398,#1399,#1400,#1401));
#3619=EDGE_LOOP('',(#1402,#1403,#1404,#1405));
#3620=EDGE_LOOP('',(#1406,#1407,#1408,#1409));
#3621=EDGE_LOOP('',(#1410));
#3622=EDGE_LOOP('',(#1411));
#3623=EDGE_LOOP('',(#1412));
#3624=EDGE_LOOP('',(#1413));
#3625=EDGE_LOOP('',(#1414));
#3626=EDGE_LOOP('',(#1415));
#3627=EDGE_LOOP('',(#1416));
#3628=EDGE_LOOP('',(#1417));
#3629=EDGE_LOOP('',(#1418,#1419,#1420,#1421));
#3630=EDGE_LOOP('',(#1422,#1423,#1424,#1425));
#3631=EDGE_LOOP('',(#1426,#1427,#1428,#1429));
#3632=EDGE_LOOP('',(#1430,#1431,#1432,#1433));
#3633=EDGE_LOOP('',(#1434,#1435,#1436,#1437));
#3634=EDGE_LOOP('',(#1438,#1439,#1440,#1441));
#3635=EDGE_LOOP('',(#1442,#1443,#1444,#1445));
#3636=EDGE_LOOP('',(#1446,#1447,#1448,#1449,#1450,#1451,#1452));
#3637=EDGE_LOOP('',(#1453,#1454,#1455,#1456,#1457,#1458,#1459));
#3638=EDGE_LOOP('',(#1460));
#3639=EDGE_LOOP('',(#1461));
#3640=EDGE_LOOP('',(#1462));
#3641=EDGE_LOOP('',(#1463));
#3642=EDGE_LOOP('',(#1464));
#3643=EDGE_LOOP('',(#1465));
#3644=EDGE_LOOP('',(#1466));
#3645=EDGE_LOOP('',(#1467));
#3646=FACE_BOUND('',#3325,.T.);
#3647=FACE_BOUND('',#3326,.T.);
#3648=FACE_BOUND('',#3327,.T.);
#3649=FACE_BOUND('',#3328,.T.);
#3650=FACE_BOUND('',#3329,.T.);
#3651=FACE_BOUND('',#3330,.T.);
#3652=FACE_BOUND('',#3331,.T.);
#3653=FACE_BOUND('',#3332,.T.);
#3654=FACE_BOUND('',#3333,.T.);
#3655=FACE_BOUND('',#3334,.T.);
#3656=FACE_BOUND('',#3335,.T.);
#3657=FACE_BOUND('',#3336,.T.);
#3658=FACE_BOUND('',#3337,.T.);
#3659=FACE_BOUND('',#3338,.T.);
#3660=FACE_BOUND('',#3339,.T.);
#3661=FACE_BOUND('',#3340,.T.);
#3662=FACE_BOUND('',#3341,.T.);
#3663=FACE_BOUND('',#3342,.T.);
#3664=FACE_BOUND('',#3343,.T.);
#3665=FACE_BOUND('',#3344,.T.);
#3666=FACE_BOUND('',#3345,.T.);
#3667=FACE_BOUND('',#3346,.T.);
#3668=FACE_BOUND('',#3347,.T.);
#3669=FACE_BOUND('',#3348,.T.);
#3670=FACE_BOUND('',#3349,.T.);
#3671=FACE_BOUND('',#3350,.T.);
#3672=FACE_BOUND('',#3351,.T.);
#3673=FACE_BOUND('',#3352,.T.);
#3674=FACE_BOUND('',#3353,.T.);
#3675=FACE_BOUND('',#3354,.T.);
#3676=FACE_BOUND('',#3355,.T.);
#3677=FACE_BOUND('',#3356,.T.);
#3678=FACE_BOUND('',#3357,.T.);
#3679=FACE_BOUND('',#3358,.T.);
#3680=FACE_BOUND('',#3359,.T.);
#3681=FACE_BOUND('',#3360,.T.);
#3682=FACE_BOUND('',#3361,.T.);
#3683=FACE_BOUND('',#3362,.T.);
#3684=FACE_BOUND('',#3363,.T.);
#3685=FACE_BOUND('',#3364,.T.);
#3686=FACE_BOUND('',#3365,.T.);
#3687=FACE_BOUND('',#3366,.T.);
#3688=FACE_BOUND('',#3367,.T.);
#3689=FACE_BOUND('',#3368,.T.);
#3690=FACE_BOUND('',#3369,.T.);
#3691=FACE_BOUND('',#3370,.T.);
#3692=FACE_BOUND('',#3371,.T.);
#3693=FACE_BOUND('',#3372,.T.);
#3694=FACE_BOUND('',#3373,.T.);
#3695=FACE_BOUND('',#3374,.T.);
#3696=FACE_BOUND('',#3375,.T.);
#3697=FACE_BOUND('',#3376,.T.);
#3698=FACE_BOUND('',#3377,.T.);
#3699=FACE_BOUND('',#3378,.T.);
#3700=FACE_BOUND('',#3379,.T.);
#3701=FACE_BOUND('',#3380,.T.);
#3702=FACE_BOUND('',#3381,.T.);
#3703=FACE_BOUND('',#3382,.T.);
#3704=FACE_BOUND('',#3383,.T.);
#3705=FACE_BOUND('',#3384,.T.);
#3706=FACE_BOUND('',#3385,.T.);
#3707=FACE_BOUND('',#3386,.T.);
#3708=FACE_BOUND('',#3387,.T.);
#3709=FACE_BOUND('',#3388,.T.);
#3710=FACE_BOUND('',#3389,.T.);
#3711=FACE_BOUND('',#3390,.T.);
#3712=FACE_BOUND('',#3391,.T.);
#3713=FACE_BOUND('',#3392,.T.);
#3714=FACE_BOUND('',#3393,.T.);
#3715=FACE_BOUND('',#3394,.T.);
#3716=FACE_BOUND('',#3395,.T.);
#3717=FACE_BOUND('',#3396,.T.);
#3718=FACE_BOUND('',#3397,.T.);
#3719=FACE_BOUND('',#3398,.T.);
#3720=FACE_BOUND('',#3399,.T.);
#3721=FACE_BOUND('',#3400,.T.);
#3722=FACE_BOUND('',#3401,.T.);
#3723=FACE_BOUND('',#3402,.T.);
#3724=FACE_BOUND('',#3403,.T.);
#3725=FACE_BOUND('',#3404,.T.);
#3726=FACE_BOUND('',#3405,.T.);
#3727=FACE_BOUND('',#3406,.T.);
#3728=FACE_BOUND('',#3407,.T.);
#3729=FACE_BOUND('',#3408,.T.);
#3730=FACE_BOUND('',#3409,.T.);
#3731=FACE_BOUND('',#3410,.T.);
#3732=FACE_BOUND('',#3411,.T.);
#3733=FACE_BOUND('',#3412,.T.);
#3734=FACE_BOUND('',#3413,.T.);
#3735=FACE_BOUND('',#3414,.T.);
#3736=FACE_BOUND('',#3415,.T.);
#3737=FACE_BOUND('',#3416,.T.);
#3738=FACE_BOUND('',#3417,.T.);
#3739=FACE_BOUND('',#3418,.T.);
#3740=FACE_BOUND('',#3419,.T.);
#3741=FACE_BOUND('',#3420,.T.);
#3742=FACE_BOUND('',#3421,.T.);
#3743=FACE_BOUND('',#3422,.T.);
#3744=FACE_BOUND('',#3423,.T.);
#3745=FACE_BOUND('',#3424,.T.);
#3746=FACE_BOUND('',#3425,.T.);
#3747=FACE_BOUND('',#3426,.T.);
#3748=FACE_BOUND('',#3427,.T.);
#3749=FACE_BOUND('',#3428,.T.);
#3750=FACE_BOUND('',#3429,.T.);
#3751=FACE_BOUND('',#3430,.T.);
#3752=FACE_BOUND('',#3431,.T.);
#3753=FACE_BOUND('',#3432,.T.);
#3754=FACE_BOUND('',#3433,.T.);
#3755=FACE_BOUND('',#3434,.T.);
#3756=FACE_BOUND('',#3435,.T.);
#3757=FACE_BOUND('',#3436,.T.);
#3758=FACE_BOUND('',#3437,.T.);
#3759=FACE_BOUND('',#3438,.T.);
#3760=FACE_BOUND('',#3439,.T.);
#3761=FACE_BOUND('',#3440,.T.);
#3762=FACE_BOUND('',#3441,.T.);
#3763=FACE_BOUND('',#3442,.T.);
#3764=FACE_BOUND('',#3443,.T.);
#3765=FACE_BOUND('',#3444,.T.);
#3766=FACE_BOUND('',#3445,.T.);
#3767=FACE_BOUND('',#3446,.T.);
#3768=FACE_BOUND('',#3447,.T.);
#3769=FACE_BOUND('',#3448,.T.);
#3770=FACE_BOUND('',#3449,.T.);
#3771=FACE_BOUND('',#3450,.T.);
#3772=FACE_BOUND('',#3451,.T.);
#3773=FACE_BOUND('',#3452,.T.);
#3774=FACE_BOUND('',#3453,.T.);
#3775=FACE_BOUND('',#3454,.T.);
#3776=FACE_BOUND('',#3455,.T.);
#3777=FACE_BOUND('',#3456,.T.);
#3778=FACE_BOUND('',#3457,.T.);
#3779=FACE_BOUND('',#3458,.T.);
#3780=FACE_BOUND('',#3459,.T.);
#3781=FACE_BOUND('',#3460,.T.);
#3782=FACE_BOUND('',#3461,.T.);
#3783=FACE_BOUND('',#3462,.T.);
#3784=FACE_BOUND('',#3463,.T.);
#3785=FACE_BOUND('',#3464,.T.);
#3786=FACE_BOUND('',#3465,.T.);
#3787=FACE_BOUND('',#3466,.T.);
#3788=FACE_BOUND('',#3467,.T.);
#3789=FACE_BOUND('',#3468,.T.);
#3790=FACE_BOUND('',#3469,.T.);
#3791=FACE_BOUND('',#3470,.T.);
#3792=FACE_BOUND('',#3471,.T.);
#3793=FACE_BOUND('',#3472,.T.);
#3794=FACE_BOUND('',#3473,.T.);
#3795=FACE_BOUND('',#3474,.T.);
#3796=FACE_BOUND('',#3475,.T.);
#3797=FACE_BOUND('',#3476,.T.);
#3798=FACE_BOUND('',#3477,.T.);
#3799=FACE_BOUND('',#3478,.T.);
#3800=FACE_BOUND('',#3479,.T.);
#3801=FACE_BOUND('',#3480,.T.);
#3802=FACE_BOUND('',#3481,.T.);
#3803=FACE_BOUND('',#3482,.T.);
#3804=FACE_BOUND('',#3483,.T.);
#3805=FACE_BOUND('',#3484,.T.);
#3806=FACE_BOUND('',#3485,.T.);
#3807=FACE_BOUND('',#3486,.T.);
#3808=FACE_BOUND('',#3487,.T.);
#3809=FACE_BOUND('',#3488,.T.);
#3810=FACE_BOUND('',#3489,.T.);
#3811=FACE_BOUND('',#3490,.T.);
#3812=FACE_BOUND('',#3491,.T.);
#3813=FACE_BOUND('',#3492,.T.);
#3814=FACE_BOUND('',#3493,.T.);
#3815=FACE_BOUND('',#3494,.T.);
#3816=FACE_BOUND('',#3495,.T.);
#3817=FACE_BOUND('',#3496,.T.);
#3818=FACE_BOUND('',#3497,.T.);
#3819=FACE_BOUND('',#3498,.T.);
#3820=FACE_BOUND('',#3499,.T.);
#3821=FACE_BOUND('',#3500,.T.);
#3822=FACE_BOUND('',#3501,.T.);
#3823=FACE_BOUND('',#3502,.T.);
#3824=FACE_BOUND('',#3503,.T.);
#3825=FACE_BOUND('',#3504,.T.);
#3826=FACE_BOUND('',#3505,.T.);
#3827=FACE_BOUND('',#3506,.T.);
#3828=FACE_BOUND('',#3507,.T.);
#3829=FACE_BOUND('',#3508,.T.);
#3830=FACE_BOUND('',#3509,.T.);
#3831=FACE_BOUND('',#3510,.T.);
#3832=FACE_BOUND('',#3511,.T.);
#3833=FACE_BOUND('',#3512,.T.);
#3834=FACE_BOUND('',#3513,.T.);
#3835=FACE_BOUND('',#3514,.T.);
#3836=FACE_BOUND('',#3515,.T.);
#3837=FACE_BOUND('',#3516,.T.);
#3838=FACE_BOUND('',#3517,.T.);
#3839=FACE_BOUND('',#3518,.T.);
#3840=FACE_BOUND('',#3519,.T.);
#3841=FACE_BOUND('',#3520,.T.);
#3842=FACE_BOUND('',#3521,.T.);
#3843=FACE_BOUND('',#3522,.T.);
#3844=FACE_BOUND('',#3523,.T.);
#3845=FACE_BOUND('',#3524,.T.);
#3846=FACE_BOUND('',#3525,.T.);
#3847=FACE_BOUND('',#3526,.T.);
#3848=FACE_BOUND('',#3527,.T.);
#3849=FACE_BOUND('',#3528,.T.);
#3850=FACE_BOUND('',#3529,.T.);
#3851=FACE_BOUND('',#3530,.T.);
#3852=FACE_BOUND('',#3531,.T.);
#3853=FACE_BOUND('',#3532,.T.);
#3854=FACE_BOUND('',#3533,.T.);
#3855=FACE_BOUND('',#3534,.T.);
#3856=FACE_BOUND('',#3535,.T.);
#3857=FACE_BOUND('',#3536,.T.);
#3858=FACE_BOUND('',#3537,.T.);
#3859=FACE_BOUND('',#3538,.T.);
#3860=FACE_BOUND('',#3539,.T.);
#3861=FACE_BOUND('',#3540,.T.);
#3862=FACE_BOUND('',#3541,.T.);
#3863=FACE_BOUND('',#3542,.T.);
#3864=FACE_BOUND('',#3543,.T.);
#3865=FACE_BOUND('',#3544,.T.);
#3866=FACE_BOUND('',#3545,.T.);
#3867=FACE_BOUND('',#3546,.T.);
#3868=FACE_BOUND('',#3547,.T.);
#3869=FACE_BOUND('',#3548,.T.);
#3870=FACE_BOUND('',#3549,.T.);
#3871=FACE_BOUND('',#3550,.T.);
#3872=FACE_BOUND('',#3551,.T.);
#3873=FACE_BOUND('',#3552,.T.);
#3874=FACE_BOUND('',#3553,.T.);
#3875=FACE_BOUND('',#3554,.T.);
#3876=FACE_BOUND('',#3555,.T.);
#3877=FACE_BOUND('',#3556,.T.);
#3878=FACE_BOUND('',#3557,.T.);
#3879=FACE_BOUND('',#3558,.T.);
#3880=FACE_BOUND('',#3559,.T.);
#3881=FACE_BOUND('',#3560,.T.);
#3882=FACE_BOUND('',#3561,.T.);
#3883=FACE_BOUND('',#3562,.T.);
#3884=FACE_BOUND('',#3563,.T.);
#3885=FACE_BOUND('',#3564,.T.);
#3886=FACE_BOUND('',#3565,.T.);
#3887=FACE_BOUND('',#3566,.T.);
#3888=FACE_BOUND('',#3567,.T.);
#3889=FACE_BOUND('',#3568,.T.);
#3890=FACE_BOUND('',#3569,.T.);
#3891=FACE_BOUND('',#3570,.T.);
#3892=FACE_BOUND('',#3571,.T.);
#3893=FACE_BOUND('',#3572,.T.);
#3894=FACE_BOUND('',#3573,.T.);
#3895=FACE_BOUND('',#3574,.T.);
#3896=FACE_BOUND('',#3575,.T.);
#3897=FACE_BOUND('',#3576,.T.);
#3898=FACE_BOUND('',#3577,.T.);
#3899=FACE_BOUND('',#3578,.T.);
#3900=FACE_BOUND('',#3579,.T.);
#3901=FACE_BOUND('',#3580,.T.);
#3902=FACE_BOUND('',#3581,.T.);
#3903=FACE_BOUND('',#3582,.T.);
#3904=FACE_BOUND('',#3583,.T.);
#3905=FACE_BOUND('',#3584,.T.);
#3906=FACE_BOUND('',#3585,.T.);
#3907=FACE_BOUND('',#3586,.T.);
#3908=FACE_BOUND('',#3587,.T.);
#3909=FACE_BOUND('',#3588,.T.);
#3910=FACE_BOUND('',#3589,.T.);
#3911=FACE_BOUND('',#3590,.T.);
#3912=FACE_BOUND('',#3591,.T.);
#3913=FACE_BOUND('',#3592,.T.);
#3914=FACE_BOUND('',#3593,.T.);
#3915=FACE_BOUND('',#3594,.T.);
#3916=FACE_BOUND('',#3595,.T.);
#3917=FACE_BOUND('',#3596,.T.);
#3918=FACE_BOUND('',#3597,.T.);
#3919=FACE_BOUND('',#3598,.T.);
#3920=FACE_BOUND('',#3599,.T.);
#3921=FACE_BOUND('',#3600,.T.);
#3922=FACE_BOUND('',#3601,.T.);
#3923=FACE_BOUND('',#3602,.T.);
#3924=FACE_BOUND('',#3603,.T.);
#3925=FACE_BOUND('',#3604,.T.);
#3926=FACE_BOUND('',#3605,.T.);
#3927=FACE_BOUND('',#3606,.T.);
#3928=FACE_BOUND('',#3607,.T.);
#3929=FACE_BOUND('',#3608,.T.);
#3930=FACE_BOUND('',#3609,.T.);
#3931=FACE_BOUND('',#3610,.T.);
#3932=FACE_BOUND('',#3611,.T.);
#3933=FACE_BOUND('',#3612,.T.);
#3934=FACE_BOUND('',#3613,.T.);
#3935=FACE_BOUND('',#3614,.T.);
#3936=FACE_BOUND('',#3615,.T.);
#3937=FACE_BOUND('',#3616,.T.);
#3938=FACE_BOUND('',#3617,.T.);
#3939=FACE_BOUND('',#3618,.T.);
#3940=FACE_BOUND('',#3619,.T.);
#3941=FACE_BOUND('',#3620,.T.);
#3942=FACE_BOUND('',#3621,.T.);
#3943=FACE_BOUND('',#3622,.T.);
#3944=FACE_BOUND('',#3623,.T.);
#3945=FACE_BOUND('',#3624,.T.);
#3946=FACE_BOUND('',#3625,.T.);
#3947=FACE_BOUND('',#3626,.T.);
#3948=FACE_BOUND('',#3627,.T.);
#3949=FACE_BOUND('',#3628,.T.);
#3950=FACE_BOUND('',#3629,.T.);
#3951=FACE_BOUND('',#3630,.T.);
#3952=FACE_BOUND('',#3631,.T.);
#3953=FACE_BOUND('',#3632,.T.);
#3954=FACE_BOUND('',#3633,.T.);
#3955=FACE_BOUND('',#3634,.T.);
#3956=FACE_BOUND('',#3635,.T.);
#3957=FACE_BOUND('',#3636,.T.);
#3958=FACE_BOUND('',#3637,.T.);
#3959=FACE_BOUND('',#3638,.T.);
#3960=FACE_BOUND('',#3639,.T.);
#3961=FACE_BOUND('',#3640,.T.);
#3962=FACE_BOUND('',#3641,.T.);
#3963=FACE_BOUND('',#3642,.T.);
#3964=FACE_BOUND('',#3643,.T.);
#3965=FACE_BOUND('',#3644,.T.);
#3966=FACE_BOUND('',#3645,.T.);
#3967=PLANE('',#5103);
#3968=PLANE('',#5104);
#3969=PLANE('',#5105);
#3970=PLANE('',#5106);
#3971=PLANE('',#5107);
#3972=PLANE('',#5108);
#3973=PLANE('',#5110);
#3974=PLANE('',#5111);
#3975=PLANE('',#5117);
#3976=PLANE('',#5119);
#3977=PLANE('',#5121);
#3978=PLANE('',#5122);
#3979=PLANE('',#5124);
#3980=PLANE('',#5126);
#3981=PLANE('',#5127);
#3982=PLANE('',#5129);
#3983=PLANE('',#5131);
#3984=PLANE('',#5132);
#3985=PLANE('',#5134);
#3986=PLANE('',#5135);
#3987=PLANE('',#5137);
#3988=PLANE('',#5138);
#3989=PLANE('',#5139);
#3990=PLANE('',#5141);
#3991=PLANE('',#5143);
#3992=PLANE('',#5144);
#3993=PLANE('',#5146);
#3994=PLANE('',#5148);
#3995=PLANE('',#5149);
#3996=PLANE('',#5151);
#3997=PLANE('',#5153);
#3998=PLANE('',#5154);
#3999=PLANE('',#5156);
#4000=PLANE('',#5158);
#4001=PLANE('',#5159);
#4002=PLANE('',#5161);
#4003=PLANE('',#5163);
#4004=PLANE('',#5164);
#4005=PLANE('',#5166);
#4006=PLANE('',#5168);
#4007=PLANE('',#5169);
#4008=PLANE('',#5171);
#4009=PLANE('',#5172);
#4010=PLANE('',#5174);
#4011=PLANE('',#5175);
#4012=PLANE('',#5177);
#4013=PLANE('',#5179);
#4014=PLANE('',#5180);
#4015=PLANE('',#5182);
#4016=PLANE('',#5183);
#4017=PLANE('',#5185);
#4018=PLANE('',#5186);
#4019=PLANE('',#5188);
#4020=PLANE('',#5190);
#4021=PLANE('',#5191);
#4022=PLANE('',#5192);
#4023=PLANE('',#5194);
#4024=PLANE('',#5196);
#4025=PLANE('',#5197);
#4026=PLANE('',#5198);
#4027=PLANE('',#5200);
#4028=PLANE('',#5202);
#4029=PLANE('',#5203);
#4030=PLANE('',#5205);
#4031=PLANE('',#5207);
#4032=PLANE('',#5208);
#4033=PLANE('',#5210);
#4034=PLANE('',#5212);
#4035=PLANE('',#5213);
#4036=PLANE('',#5215);
#4037=PLANE('',#5217);
#4038=PLANE('',#5218);
#4039=PLANE('',#5220);
#4040=PLANE('',#5222);
#4041=PLANE('',#5223);
#4042=PLANE('',#5225);
#4043=PLANE('',#5227);
#4044=PLANE('',#5228);
#4045=PLANE('',#5230);
#4046=PLANE('',#5232);
#4047=PLANE('',#5233);
#4048=PLANE('',#5235);
#4049=PLANE('',#5237);
#4050=PLANE('',#5238);
#4051=PLANE('',#5240);
#4052=PLANE('',#5242);
#4053=PLANE('',#5243);
#4054=PLANE('',#5244);
#4055=PLANE('',#5245);
#4056=PLANE('',#5246);
#4057=PLANE('',#5247);
#4058=PLANE('',#5248);
#4059=PLANE('',#5249);
#4060=PLANE('',#5253);
#4061=PLANE('',#5257);
#4062=PLANE('',#5286);
#4063=PLANE('',#5288);
#4064=PLANE('',#5289);
#4065=PLANE('',#5295);
#4066=PLANE('',#5297);
#4067=PLANE('',#5299);
#4068=PLANE('',#5300);
#4069=PLANE('',#5302);
#4070=PLANE('',#5304);
#4071=PLANE('',#5305);
#4072=PLANE('',#5307);
#4073=PLANE('',#5309);
#4074=PLANE('',#5310);
#4075=PLANE('',#5312);
#4076=PLANE('',#5314);
#4077=PLANE('',#5315);
#4078=PLANE('',#5317);
#4079=PLANE('',#5319);
#4080=PLANE('',#5320);
#4081=PLANE('',#5322);
#4082=PLANE('',#5324);
#4083=PLANE('',#5325);
#4084=PLANE('',#5327);
#4085=PLANE('',#5329);
#4086=PLANE('',#5330);
#4087=PLANE('',#5332);
#4088=PLANE('',#5334);
#4089=PLANE('',#5335);
#4090=PLANE('',#5337);
#4091=PLANE('',#5339);
#4092=PLANE('',#5340);
#4093=PLANE('',#5342);
#4094=PLANE('',#5344);
#4095=PLANE('',#5345);
#4096=PLANE('',#5347);
#4097=PLANE('',#5349);
#4098=PLANE('',#5350);
#4099=PLANE('',#5352);
#4100=PLANE('',#5354);
#4101=PLANE('',#5355);
#4102=PLANE('',#5357);
#4103=PLANE('',#5359);
#4104=PLANE('',#5360);
#4105=PLANE('',#5362);
#4106=PLANE('',#5364);
#4107=PLANE('',#5365);
#4108=PLANE('',#5367);
#4109=PLANE('',#5369);
#4110=PLANE('',#5370);
#4111=PLANE('',#5372);
#4112=PLANE('',#5374);
#4113=PLANE('',#5375);
#4114=PLANE('',#5377);
#4115=PLANE('',#5379);
#4116=PLANE('',#5380);
#4117=PLANE('',#5382);
#4118=PLANE('',#5384);
#4119=PLANE('',#5385);
#4120=PLANE('',#5387);
#4121=PLANE('',#5389);
#4122=PLANE('',#5390);
#4123=PLANE('',#5392);
#4124=PLANE('',#5394);
#4125=PLANE('',#5395);
#4126=PLANE('',#5397);
#4127=PLANE('',#5399);
#4128=PLANE('',#5400);
#4129=PLANE('',#5402);
#4130=PLANE('',#5404);
#4131=PLANE('',#5405);
#4132=PLANE('',#5407);
#4133=PLANE('',#5409);
#4134=PLANE('',#5410);
#4135=PLANE('',#5412);
#4136=PLANE('',#5414);
#4137=PLANE('',#5415);
#4138=PLANE('',#5416);
#4139=PLANE('',#5417);
#4140=PLANE('',#5418);
#4141=PLANE('',#5419);
#4142=PLANE('',#5420);
#4143=PLANE('',#5421);
#4144=PLANE('',#5425);
#4145=PLANE('',#5428);
#4146=PLANE('',#5433);
#4147=PLANE('',#5465);
#4148=PLANE('',#5466);
#4149=PLANE('',#5471);
#4150=PLANE('',#5472);
#4151=PLANE('',#5473);
#4152=PLANE('',#5477);
#4153=PLANE('',#5478);
#4154=PLANE('',#5479);
#4155=PLANE('',#5480);
#4156=PLANE('',#5488);
#4157=PLANE('',#5489);
#4158=ADVANCED_FACE('',(#3646),#3967,.T.);
#4159=ADVANCED_FACE('',(#3647),#3968,.F.);
#4160=ADVANCED_FACE('',(#3648),#3969,.F.);
#4161=ADVANCED_FACE('',(#3649),#3970,.T.);
#4162=ADVANCED_FACE('',(#3650),#3971,.T.);
#4163=ADVANCED_FACE('',(#3651),#3972,.F.);
#4164=ADVANCED_FACE('',(#3652),#3973,.T.);
#4165=ADVANCED_FACE('',(#3653),#3974,.T.);
#4166=ADVANCED_FACE('',(#3654),#37,.T.);
#4167=ADVANCED_FACE('',(#3655),#3975,.T.);
#4168=ADVANCED_FACE('',(#3656),#3976,.F.);
#4169=ADVANCED_FACE('',(#3657),#3977,.F.);
#4170=ADVANCED_FACE('',(#3658),#3978,.T.);
#4171=ADVANCED_FACE('',(#3659),#3979,.F.);
#4172=ADVANCED_FACE('',(#3660),#3980,.F.);
#4173=ADVANCED_FACE('',(#3661),#3981,.T.);
#4174=ADVANCED_FACE('',(#3662),#3982,.F.);
#4175=ADVANCED_FACE('',(#3663),#3983,.F.);
#4176=ADVANCED_FACE('',(#3664),#3984,.T.);
#4177=ADVANCED_FACE('',(#3665),#3985,.F.);
#4178=ADVANCED_FACE('',(#3666),#3986,.T.);
#4179=ADVANCED_FACE('',(#3667),#3987,.F.);
#4180=ADVANCED_FACE('',(#3668),#3988,.T.);
#4181=ADVANCED_FACE('',(#3669),#3989,.T.);
#4182=ADVANCED_FACE('',(#3670),#3990,.F.);
#4183=ADVANCED_FACE('',(#3671),#3991,.F.);
#4184=ADVANCED_FACE('',(#3672),#3992,.T.);
#4185=ADVANCED_FACE('',(#3673),#3993,.T.);
#4186=ADVANCED_FACE('',(#3674),#3994,.F.);
#4187=ADVANCED_FACE('',(#3675),#3995,.F.);
#4188=ADVANCED_FACE('',(#3676),#3996,.T.);
#4189=ADVANCED_FACE('',(#3677),#3997,.F.);
#4190=ADVANCED_FACE('',(#3678),#3998,.T.);
#4191=ADVANCED_FACE('',(#3679),#3999,.F.);
#4192=ADVANCED_FACE('',(#3680),#4000,.F.);
#4193=ADVANCED_FACE('',(#3681),#4001,.T.);
#4194=ADVANCED_FACE('',(#3682),#4002,.F.);
#4195=ADVANCED_FACE('',(#3683),#4003,.F.);
#4196=ADVANCED_FACE('',(#3684),#4004,.F.);
#4197=ADVANCED_FACE('',(#3685),#4005,.T.);
#4198=ADVANCED_FACE('',(#3686),#4006,.F.);
#4199=ADVANCED_FACE('',(#3687),#4007,.F.);
#4200=ADVANCED_FACE('',(#3688),#4008,.F.);
#4201=ADVANCED_FACE('',(#3689),#4009,.T.);
#4202=ADVANCED_FACE('',(#3690),#4010,.F.);
#4203=ADVANCED_FACE('',(#3691),#4011,.T.);
#4204=ADVANCED_FACE('',(#3692),#4012,.F.);
#4205=ADVANCED_FACE('',(#3693),#4013,.F.);
#4206=ADVANCED_FACE('',(#3694),#4014,.F.);
#4207=ADVANCED_FACE('',(#3695),#4015,.F.);
#4208=ADVANCED_FACE('',(#3696),#4016,.T.);
#4209=ADVANCED_FACE('',(#3697),#4017,.F.);
#4210=ADVANCED_FACE('',(#3698),#4018,.T.);
#4211=ADVANCED_FACE('',(#3699),#4019,.F.);
#4212=ADVANCED_FACE('',(#3700),#4020,.T.);
#4213=ADVANCED_FACE('',(#3701),#4021,.F.);
#4214=ADVANCED_FACE('',(#3702),#4022,.T.);
#4215=ADVANCED_FACE('',(#3703),#4023,.F.);
#4216=ADVANCED_FACE('',(#3704),#4024,.T.);
#4217=ADVANCED_FACE('',(#3705),#4025,.F.);
#4218=ADVANCED_FACE('',(#3706),#4026,.T.);
#4219=ADVANCED_FACE('',(#3707),#4027,.F.);
#4220=ADVANCED_FACE('',(#3708),#4028,.F.);
#4221=ADVANCED_FACE('',(#3709),#4029,.T.);
#4222=ADVANCED_FACE('',(#3710),#4030,.T.);
#4223=ADVANCED_FACE('',(#3711),#4031,.F.);
#4224=ADVANCED_FACE('',(#3712),#4032,.T.);
#4225=ADVANCED_FACE('',(#3713),#4033,.T.);
#4226=ADVANCED_FACE('',(#3714),#4034,.F.);
#4227=ADVANCED_FACE('',(#3715),#4035,.F.);
#4228=ADVANCED_FACE('',(#3716),#4036,.T.);
#4229=ADVANCED_FACE('',(#3717),#4037,.F.);
#4230=ADVANCED_FACE('',(#3718),#4038,.F.);
#4231=ADVANCED_FACE('',(#3719),#4039,.T.);
#4232=ADVANCED_FACE('',(#3720),#4040,.F.);
#4233=ADVANCED_FACE('',(#3721),#4041,.F.);
#4234=ADVANCED_FACE('',(#3722),#4042,.T.);
#4235=ADVANCED_FACE('',(#3723),#4043,.F.);
#4236=ADVANCED_FACE('',(#3724),#4044,.F.);
#4237=ADVANCED_FACE('',(#3725),#4045,.T.);
#4238=ADVANCED_FACE('',(#3726),#4046,.F.);
#4239=ADVANCED_FACE('',(#3727),#4047,.T.);
#4240=ADVANCED_FACE('',(#3728),#4048,.F.);
#4241=ADVANCED_FACE('',(#3729),#4049,.F.);
#4242=ADVANCED_FACE('',(#3730),#4050,.F.);
#4243=ADVANCED_FACE('',(#3731),#4051,.T.);
#4244=ADVANCED_FACE('',(#3732),#4052,.F.);
#4245=ADVANCED_FACE('',(#3733,#3734,#3735,#3736,#3737,#3738,#3739,#3740,
#3741,#3742,#3743,#3744,#3745,#3746,#3747,#3748,#3749,#3750,#3751,#3752,
#3753,#3754,#3755,#3756,#3757),#4053,.T.);
#4246=ADVANCED_FACE('',(#3758),#4054,.F.);
#4247=ADVANCED_FACE('',(#3759),#4055,.F.);
#4248=ADVANCED_FACE('',(#3760),#4056,.T.);
#4249=ADVANCED_FACE('',(#3761),#4057,.T.);
#4250=ADVANCED_FACE('',(#3762),#4058,.F.);
#4251=ADVANCED_FACE('',(#3763),#4059,.T.);
#4252=ADVANCED_FACE('',(#3764,#3765),#38,.F.);
#4253=ADVANCED_FACE('',(#3766),#4060,.T.);
#4254=ADVANCED_FACE('',(#3767,#3768),#39,.F.);
#4255=ADVANCED_FACE('',(#3769,#3770,#3771),#4061,.T.);
#4256=ADVANCED_FACE('',(#3772),#40,.T.);
#4257=ADVANCED_FACE('',(#3773),#41,.T.);
#4258=ADVANCED_FACE('',(#3774),#42,.T.);
#4259=ADVANCED_FACE('',(#3775),#43,.T.);
#4260=ADVANCED_FACE('',(#3776),#44,.T.);
#4261=ADVANCED_FACE('',(#3777),#45,.T.);
#4262=ADVANCED_FACE('',(#3778),#46,.T.);
#4263=ADVANCED_FACE('',(#3779),#47,.T.);
#4264=ADVANCED_FACE('',(#3780),#48,.T.);
#4265=ADVANCED_FACE('',(#3781),#49,.T.);
#4266=ADVANCED_FACE('',(#3782),#50,.T.);
#4267=ADVANCED_FACE('',(#3783),#51,.T.);
#4268=ADVANCED_FACE('',(#3784),#52,.T.);
#4269=ADVANCED_FACE('',(#3785),#53,.T.);
#4270=ADVANCED_FACE('',(#3786),#54,.T.);
#4271=ADVANCED_FACE('',(#3787),#55,.T.);
#4272=ADVANCED_FACE('',(#3788),#56,.T.);
#4273=ADVANCED_FACE('',(#3789),#57,.T.);
#4274=ADVANCED_FACE('',(#3790),#58,.T.);
#4275=ADVANCED_FACE('',(#3791),#59,.T.);
#4276=ADVANCED_FACE('',(#3792),#60,.T.);
#4277=ADVANCED_FACE('',(#3793),#61,.T.);
#4278=ADVANCED_FACE('',(#3794),#62,.T.);
#4279=ADVANCED_FACE('',(#3795),#63,.T.);
#4280=ADVANCED_FACE('',(#3796),#64,.T.);
#4281=ADVANCED_FACE('',(#3797),#65,.T.);
#4282=ADVANCED_FACE('',(#3798,#3799),#4062,.F.);
#4283=ADVANCED_FACE('',(#3800),#4063,.F.);
#4284=ADVANCED_FACE('',(#3801),#4064,.F.);
#4285=ADVANCED_FACE('',(#3802),#66,.F.);
#4286=ADVANCED_FACE('',(#3803),#4065,.F.);
#4287=ADVANCED_FACE('',(#3804),#4066,.T.);
#4288=ADVANCED_FACE('',(#3805),#4067,.T.);
#4289=ADVANCED_FACE('',(#3806),#4068,.F.);
#4290=ADVANCED_FACE('',(#3807),#4069,.T.);
#4291=ADVANCED_FACE('',(#3808),#4070,.T.);
#4292=ADVANCED_FACE('',(#3809),#4071,.F.);
#4293=ADVANCED_FACE('',(#3810),#4072,.T.);
#4294=ADVANCED_FACE('',(#3811),#4073,.T.);
#4295=ADVANCED_FACE('',(#3812),#4074,.F.);
#4296=ADVANCED_FACE('',(#3813),#4075,.F.);
#4297=ADVANCED_FACE('',(#3814),#4076,.T.);
#4298=ADVANCED_FACE('',(#3815),#4077,.F.);
#4299=ADVANCED_FACE('',(#3816),#4078,.T.);
#4300=ADVANCED_FACE('',(#3817),#4079,.T.);
#4301=ADVANCED_FACE('',(#3818),#4080,.F.);
#4302=ADVANCED_FACE('',(#3819),#4081,.F.);
#4303=ADVANCED_FACE('',(#3820),#4082,.T.);
#4304=ADVANCED_FACE('',(#3821),#4083,.T.);
#4305=ADVANCED_FACE('',(#3822),#4084,.F.);
#4306=ADVANCED_FACE('',(#3823),#4085,.T.);
#4307=ADVANCED_FACE('',(#3824),#4086,.F.);
#4308=ADVANCED_FACE('',(#3825),#4087,.T.);
#4309=ADVANCED_FACE('',(#3826),#4088,.T.);
#4310=ADVANCED_FACE('',(#3827),#4089,.F.);
#4311=ADVANCED_FACE('',(#3828),#4090,.T.);
#4312=ADVANCED_FACE('',(#3829),#4091,.T.);
#4313=ADVANCED_FACE('',(#3830),#4092,.T.);
#4314=ADVANCED_FACE('',(#3831),#4093,.F.);
#4315=ADVANCED_FACE('',(#3832),#4094,.T.);
#4316=ADVANCED_FACE('',(#3833),#4095,.T.);
#4317=ADVANCED_FACE('',(#3834),#4096,.F.);
#4318=ADVANCED_FACE('',(#3835),#4097,.T.);
#4319=ADVANCED_FACE('',(#3836),#4098,.F.);
#4320=ADVANCED_FACE('',(#3837),#4099,.T.);
#4321=ADVANCED_FACE('',(#3838),#4100,.T.);
#4322=ADVANCED_FACE('',(#3839),#4101,.T.);
#4323=ADVANCED_FACE('',(#3840),#4102,.F.);
#4324=ADVANCED_FACE('',(#3841),#4103,.T.);
#4325=ADVANCED_FACE('',(#3842),#4104,.F.);
#4326=ADVANCED_FACE('',(#3843),#4105,.T.);
#4327=ADVANCED_FACE('',(#3844),#4106,.T.);
#4328=ADVANCED_FACE('',(#3845),#4107,.F.);
#4329=ADVANCED_FACE('',(#3846),#4108,.T.);
#4330=ADVANCED_FACE('',(#3847),#4109,.T.);
#4331=ADVANCED_FACE('',(#3848),#4110,.F.);
#4332=ADVANCED_FACE('',(#3849),#4111,.T.);
#4333=ADVANCED_FACE('',(#3850),#4112,.T.);
#4334=ADVANCED_FACE('',(#3851),#4113,.F.);
#4335=ADVANCED_FACE('',(#3852),#4114,.F.);
#4336=ADVANCED_FACE('',(#3853),#4115,.T.);
#4337=ADVANCED_FACE('',(#3854),#4116,.F.);
#4338=ADVANCED_FACE('',(#3855),#4117,.F.);
#4339=ADVANCED_FACE('',(#3856),#4118,.T.);
#4340=ADVANCED_FACE('',(#3857),#4119,.T.);
#4341=ADVANCED_FACE('',(#3858),#4120,.F.);
#4342=ADVANCED_FACE('',(#3859),#4121,.T.);
#4343=ADVANCED_FACE('',(#3860),#4122,.T.);
#4344=ADVANCED_FACE('',(#3861),#4123,.F.);
#4345=ADVANCED_FACE('',(#3862),#4124,.T.);
#4346=ADVANCED_FACE('',(#3863),#4125,.T.);
#4347=ADVANCED_FACE('',(#3864),#4126,.F.);
#4348=ADVANCED_FACE('',(#3865),#4127,.T.);
#4349=ADVANCED_FACE('',(#3866),#4128,.T.);
#4350=ADVANCED_FACE('',(#3867),#4129,.F.);
#4351=ADVANCED_FACE('',(#3868),#4130,.T.);
#4352=ADVANCED_FACE('',(#3869),#4131,.F.);
#4353=ADVANCED_FACE('',(#3870),#4132,.T.);
#4354=ADVANCED_FACE('',(#3871),#4133,.T.);
#4355=ADVANCED_FACE('',(#3872),#4134,.T.);
#4356=ADVANCED_FACE('',(#3873),#4135,.F.);
#4357=ADVANCED_FACE('',(#3874),#4136,.T.);
#4358=ADVANCED_FACE('',(#3875,#3876,#3877,#3878,#3879,#3880,#3881,#3882,
#3883,#3884,#3885,#3886,#3887,#3888,#3889,#3890,#3891,#3892,#3893,#3894,
#3895,#3896,#3897,#3898,#3899),#4137,.F.);
#4359=ADVANCED_FACE('',(#3900),#4138,.T.);
#4360=ADVANCED_FACE('',(#3901),#4139,.T.);
#4361=ADVANCED_FACE('',(#3902),#4140,.F.);
#4362=ADVANCED_FACE('',(#3903),#4141,.F.);
#4363=ADVANCED_FACE('',(#3904),#4142,.T.);
#4364=ADVANCED_FACE('',(#3905),#4143,.F.);
#4365=ADVANCED_FACE('',(#3906,#3907),#67,.T.);
#4366=ADVANCED_FACE('',(#3908),#4144,.F.);
#4367=ADVANCED_FACE('',(#3909,#3910),#68,.T.);
#4368=ADVANCED_FACE('',(#3911,#3912,#3913),#4145,.F.);
#4369=ADVANCED_FACE('',(#3914),#69,.F.);
#4370=ADVANCED_FACE('',(#3915),#70,.F.);
#4371=ADVANCED_FACE('',(#3916,#3917),#4146,.F.);
#4372=ADVANCED_FACE('',(#3918),#71,.F.);
#4373=ADVANCED_FACE('',(#3919),#72,.F.);
#4374=ADVANCED_FACE('',(#3920),#73,.F.);
#4375=ADVANCED_FACE('',(#3921),#74,.F.);
#4376=ADVANCED_FACE('',(#3922),#75,.F.);
#4377=ADVANCED_FACE('',(#3923),#76,.F.);
#4378=ADVANCED_FACE('',(#3924),#77,.F.);
#4379=ADVANCED_FACE('',(#3925),#78,.F.);
#4380=ADVANCED_FACE('',(#3926),#79,.F.);
#4381=ADVANCED_FACE('',(#3927),#80,.F.);
#4382=ADVANCED_FACE('',(#3928),#81,.F.);
#4383=ADVANCED_FACE('',(#3929),#82,.F.);
#4384=ADVANCED_FACE('',(#3930),#83,.F.);
#4385=ADVANCED_FACE('',(#3931),#84,.F.);
#4386=ADVANCED_FACE('',(#3932),#85,.F.);
#4387=ADVANCED_FACE('',(#3933),#86,.F.);
#4388=ADVANCED_FACE('',(#3934),#87,.F.);
#4389=ADVANCED_FACE('',(#3935),#88,.F.);
#4390=ADVANCED_FACE('',(#3936),#89,.F.);
#4391=ADVANCED_FACE('',(#3937),#90,.F.);
#4392=ADVANCED_FACE('',(#3938),#91,.F.);
#4393=ADVANCED_FACE('',(#3939),#92,.F.);
#4394=ADVANCED_FACE('',(#3940),#93,.F.);
#4395=ADVANCED_FACE('',(#3941),#94,.F.);
#4396=ADVANCED_FACE('',(#3942,#3943),#95,.F.);
#4397=ADVANCED_FACE('',(#3944,#3945),#96,.T.);
#4398=ADVANCED_FACE('',(#3946,#3947),#4147,.T.);
#4399=ADVANCED_FACE('',(#3948,#3949),#4148,.F.);
#4400=ADVANCED_FACE('',(#3950),#97,.T.);
#4401=ADVANCED_FACE('',(#3951),#4149,.T.);
#4402=ADVANCED_FACE('',(#3952),#4150,.T.);
#4403=ADVANCED_FACE('',(#3953),#4151,.F.);
#4404=ADVANCED_FACE('',(#3954),#98,.T.);
#4405=ADVANCED_FACE('',(#3955),#4152,.T.);
#4406=ADVANCED_FACE('',(#3956),#4153,.F.);
#4407=ADVANCED_FACE('',(#3957),#4154,.F.);
#4408=ADVANCED_FACE('',(#3958),#4155,.T.);
#4409=ADVANCED_FACE('',(#3959,#3960),#99,.T.);
#4410=ADVANCED_FACE('',(#3961,#3962),#100,.F.);
#4411=ADVANCED_FACE('',(#3963,#3964),#4156,.T.);
#4412=ADVANCED_FACE('',(#3965,#3966),#4157,.F.);
#4413=CLOSED_SHELL('',(#4158,#4159,#4160,#4161,#4162,#4163));
#4414=CLOSED_SHELL('',(#4164,#4165,#4166,#4167,#4168,#4169,#4170,#4171,
#4172,#4173,#4174,#4175,#4176,#4177,#4178,#4179,#4180,#4181,#4182,#4183,
#4184,#4185,#4186,#4187,#4188,#4189,#4190,#4191,#4192,#4193,#4194,#4195,
#4196,#4197,#4198,#4199,#4200,#4201,#4202,#4203,#4204,#4205,#4206,#4207,
#4208,#4209,#4210,#4211,#4212,#4213,#4214,#4215,#4216,#4217,#4218,#4219,
#4220,#4221,#4222,#4223,#4224,#4225,#4226,#4227,#4228,#4229,#4230,#4231,
#4232,#4233,#4234,#4235,#4236,#4237,#4238,#4239,#4240,#4241,#4242,#4243,
#4244,#4245,#4246,#4247,#4248,#4249,#4250,#4251,#4252,#4253,#4254,#4255,
#4256,#4257,#4258,#4259,#4260,#4261,#4262,#4263,#4264,#4265,#4266,#4267,
#4268,#4269,#4270,#4271,#4272,#4273,#4274,#4275,#4276,#4277,#4278,#4279,
#4280,#4281,#4282,#4283,#4284,#4285,#4286,#4287,#4288,#4289,#4290,#4291,
#4292,#4293,#4294,#4295,#4296,#4297,#4298,#4299,#4300,#4301,#4302,#4303,
#4304,#4305,#4306,#4307,#4308,#4309,#4310,#4311,#4312,#4313,#4314,#4315,
#4316,#4317,#4318,#4319,#4320,#4321,#4322,#4323,#4324,#4325,#4326,#4327,
#4328,#4329,#4330,#4331,#4332,#4333,#4334,#4335,#4336,#4337,#4338,#4339,
#4340,#4341,#4342,#4343,#4344,#4345,#4346,#4347,#4348,#4349,#4350,#4351,
#4352,#4353,#4354,#4355,#4356,#4357,#4358,#4359,#4360,#4361,#4362,#4363,
#4364,#4365,#4366,#4367,#4368,#4369,#4370,#4371,#4372,#4373,#4374,#4375,
#4376,#4377,#4378,#4379,#4380,#4381,#4382,#4383,#4384,#4385,#4386,#4387,
#4388,#4389,#4390,#4391,#4392,#4393,#4394,#4395));
#4415=CLOSED_SHELL('',(#4396,#4397,#4398,#4399));
#4416=CLOSED_SHELL('',(#4400,#4401,#4402,#4403,#4404,#4405,#4406,#4407,
#4408));
#4417=CLOSED_SHELL('',(#4409,#4410,#4411,#4412));
#4418=STYLED_ITEM('',(#4423),#5087);
#4419=STYLED_ITEM('',(#4424),#5088);
#4420=STYLED_ITEM('',(#4530),#5089);
#4421=STYLED_ITEM('',(#4531),#5090);
#4422=STYLED_ITEM('',(#4532),#5091);
#4423=PRESENTATION_STYLE_ASSIGNMENT((#4533));
#4424=PRESENTATION_STYLE_ASSIGNMENT((#4534));
#4425=PRESENTATION_STYLE_ASSIGNMENT((#4535));
#4426=PRESENTATION_STYLE_ASSIGNMENT((#4536));
#4427=PRESENTATION_STYLE_ASSIGNMENT((#4537));
#4428=PRESENTATION_STYLE_ASSIGNMENT((#4538));
#4429=PRESENTATION_STYLE_ASSIGNMENT((#4539));
#4430=PRESENTATION_STYLE_ASSIGNMENT((#4540));
#4431=PRESENTATION_STYLE_ASSIGNMENT((#4541));
#4432=PRESENTATION_STYLE_ASSIGNMENT((#4542));
#4433=PRESENTATION_STYLE_ASSIGNMENT((#4543));
#4434=PRESENTATION_STYLE_ASSIGNMENT((#4544));
#4435=PRESENTATION_STYLE_ASSIGNMENT((#4545));
#4436=PRESENTATION_STYLE_ASSIGNMENT((#4546));
#4437=PRESENTATION_STYLE_ASSIGNMENT((#4547));
#4438=PRESENTATION_STYLE_ASSIGNMENT((#4548));
#4439=PRESENTATION_STYLE_ASSIGNMENT((#4549));
#4440=PRESENTATION_STYLE_ASSIGNMENT((#4550));
#4441=PRESENTATION_STYLE_ASSIGNMENT((#4551));
#4442=PRESENTATION_STYLE_ASSIGNMENT((#4552));
#4443=PRESENTATION_STYLE_ASSIGNMENT((#4553));
#4444=PRESENTATION_STYLE_ASSIGNMENT((#4554));
#4445=PRESENTATION_STYLE_ASSIGNMENT((#4555));
#4446=PRESENTATION_STYLE_ASSIGNMENT((#4556));
#4447=PRESENTATION_STYLE_ASSIGNMENT((#4557));
#4448=PRESENTATION_STYLE_ASSIGNMENT((#4558));
#4449=PRESENTATION_STYLE_ASSIGNMENT((#4559));
#4450=PRESENTATION_STYLE_ASSIGNMENT((#4560));
#4451=PRESENTATION_STYLE_ASSIGNMENT((#4561));
#4452=PRESENTATION_STYLE_ASSIGNMENT((#4562));
#4453=PRESENTATION_STYLE_ASSIGNMENT((#4563));
#4454=PRESENTATION_STYLE_ASSIGNMENT((#4564));
#4455=PRESENTATION_STYLE_ASSIGNMENT((#4565));
#4456=PRESENTATION_STYLE_ASSIGNMENT((#4566));
#4457=PRESENTATION_STYLE_ASSIGNMENT((#4567));
#4458=PRESENTATION_STYLE_ASSIGNMENT((#4568));
#4459=PRESENTATION_STYLE_ASSIGNMENT((#4569));
#4460=PRESENTATION_STYLE_ASSIGNMENT((#4570));
#4461=PRESENTATION_STYLE_ASSIGNMENT((#4571));
#4462=PRESENTATION_STYLE_ASSIGNMENT((#4572));
#4463=PRESENTATION_STYLE_ASSIGNMENT((#4573));
#4464=PRESENTATION_STYLE_ASSIGNMENT((#4574));
#4465=PRESENTATION_STYLE_ASSIGNMENT((#4575));
#4466=PRESENTATION_STYLE_ASSIGNMENT((#4576));
#4467=PRESENTATION_STYLE_ASSIGNMENT((#4577));
#4468=PRESENTATION_STYLE_ASSIGNMENT((#4578));
#4469=PRESENTATION_STYLE_ASSIGNMENT((#4579));
#4470=PRESENTATION_STYLE_ASSIGNMENT((#4580));
#4471=PRESENTATION_STYLE_ASSIGNMENT((#4581));
#4472=PRESENTATION_STYLE_ASSIGNMENT((#4582));
#4473=PRESENTATION_STYLE_ASSIGNMENT((#4583));
#4474=PRESENTATION_STYLE_ASSIGNMENT((#4584));
#4475=PRESENTATION_STYLE_ASSIGNMENT((#4585));
#4476=PRESENTATION_STYLE_ASSIGNMENT((#4586));
#4477=PRESENTATION_STYLE_ASSIGNMENT((#4587));
#4478=PRESENTATION_STYLE_ASSIGNMENT((#4588));
#4479=PRESENTATION_STYLE_ASSIGNMENT((#4589));
#4480=PRESENTATION_STYLE_ASSIGNMENT((#4590));
#4481=PRESENTATION_STYLE_ASSIGNMENT((#4591));
#4482=PRESENTATION_STYLE_ASSIGNMENT((#4592));
#4483=PRESENTATION_STYLE_ASSIGNMENT((#4593));
#4484=PRESENTATION_STYLE_ASSIGNMENT((#4594));
#4485=PRESENTATION_STYLE_ASSIGNMENT((#4595));
#4486=PRESENTATION_STYLE_ASSIGNMENT((#4596));
#4487=PRESENTATION_STYLE_ASSIGNMENT((#4597));
#4488=PRESENTATION_STYLE_ASSIGNMENT((#4598));
#4489=PRESENTATION_STYLE_ASSIGNMENT((#4599));
#4490=PRESENTATION_STYLE_ASSIGNMENT((#4600));
#4491=PRESENTATION_STYLE_ASSIGNMENT((#4601));
#4492=PRESENTATION_STYLE_ASSIGNMENT((#4602));
#4493=PRESENTATION_STYLE_ASSIGNMENT((#4603));
#4494=PRESENTATION_STYLE_ASSIGNMENT((#4604));
#4495=PRESENTATION_STYLE_ASSIGNMENT((#4605));
#4496=PRESENTATION_STYLE_ASSIGNMENT((#4606));
#4497=PRESENTATION_STYLE_ASSIGNMENT((#4607));
#4498=PRESENTATION_STYLE_ASSIGNMENT((#4608));
#4499=PRESENTATION_STYLE_ASSIGNMENT((#4609));
#4500=PRESENTATION_STYLE_ASSIGNMENT((#4610));
#4501=PRESENTATION_STYLE_ASSIGNMENT((#4611));
#4502=PRESENTATION_STYLE_ASSIGNMENT((#4612));
#4503=PRESENTATION_STYLE_ASSIGNMENT((#4613));
#4504=PRESENTATION_STYLE_ASSIGNMENT((#4614));
#4505=PRESENTATION_STYLE_ASSIGNMENT((#4615));
#4506=PRESENTATION_STYLE_ASSIGNMENT((#4616));
#4507=PRESENTATION_STYLE_ASSIGNMENT((#4617));
#4508=PRESENTATION_STYLE_ASSIGNMENT((#4618));
#4509=PRESENTATION_STYLE_ASSIGNMENT((#4619));
#4510=PRESENTATION_STYLE_ASSIGNMENT((#4620));
#4511=PRESENTATION_STYLE_ASSIGNMENT((#4621));
#4512=PRESENTATION_STYLE_ASSIGNMENT((#4622));
#4513=PRESENTATION_STYLE_ASSIGNMENT((#4623));
#4514=PRESENTATION_STYLE_ASSIGNMENT((#4624));
#4515=PRESENTATION_STYLE_ASSIGNMENT((#4625));
#4516=PRESENTATION_STYLE_ASSIGNMENT((#4626));
#4517=PRESENTATION_STYLE_ASSIGNMENT((#4627));
#4518=PRESENTATION_STYLE_ASSIGNMENT((#4628));
#4519=PRESENTATION_STYLE_ASSIGNMENT((#4629));
#4520=PRESENTATION_STYLE_ASSIGNMENT((#4630));
#4521=PRESENTATION_STYLE_ASSIGNMENT((#4631));
#4522=PRESENTATION_STYLE_ASSIGNMENT((#4632));
#4523=PRESENTATION_STYLE_ASSIGNMENT((#4633));
#4524=PRESENTATION_STYLE_ASSIGNMENT((#4634));
#4525=PRESENTATION_STYLE_ASSIGNMENT((#4635));
#4526=PRESENTATION_STYLE_ASSIGNMENT((#4636));
#4527=PRESENTATION_STYLE_ASSIGNMENT((#4637));
#4528=PRESENTATION_STYLE_ASSIGNMENT((#4638));
#4529=PRESENTATION_STYLE_ASSIGNMENT((#4639));
#4530=PRESENTATION_STYLE_ASSIGNMENT((#4640));
#4531=PRESENTATION_STYLE_ASSIGNMENT((#4641));
#4532=PRESENTATION_STYLE_ASSIGNMENT((#4642));
#4533=SURFACE_STYLE_USAGE(.BOTH.,#4643);
#4534=SURFACE_STYLE_USAGE(.BOTH.,#4644);
#4535=SURFACE_STYLE_USAGE(.BOTH.,#4645);
#4536=SURFACE_STYLE_USAGE(.BOTH.,#4646);
#4537=SURFACE_STYLE_USAGE(.BOTH.,#4647);
#4538=SURFACE_STYLE_USAGE(.BOTH.,#4648);
#4539=SURFACE_STYLE_USAGE(.BOTH.,#4649);
#4540=SURFACE_STYLE_USAGE(.BOTH.,#4650);
#4541=SURFACE_STYLE_USAGE(.BOTH.,#4651);
#4542=SURFACE_STYLE_USAGE(.BOTH.,#4652);
#4543=SURFACE_STYLE_USAGE(.BOTH.,#4653);
#4544=SURFACE_STYLE_USAGE(.BOTH.,#4654);
#4545=SURFACE_STYLE_USAGE(.BOTH.,#4655);
#4546=SURFACE_STYLE_USAGE(.BOTH.,#4656);
#4547=SURFACE_STYLE_USAGE(.BOTH.,#4657);
#4548=SURFACE_STYLE_USAGE(.BOTH.,#4658);
#4549=SURFACE_STYLE_USAGE(.BOTH.,#4659);
#4550=SURFACE_STYLE_USAGE(.BOTH.,#4660);
#4551=SURFACE_STYLE_USAGE(.BOTH.,#4661);
#4552=SURFACE_STYLE_USAGE(.BOTH.,#4662);
#4553=SURFACE_STYLE_USAGE(.BOTH.,#4663);
#4554=SURFACE_STYLE_USAGE(.BOTH.,#4664);
#4555=SURFACE_STYLE_USAGE(.BOTH.,#4665);
#4556=SURFACE_STYLE_USAGE(.BOTH.,#4666);
#4557=SURFACE_STYLE_USAGE(.BOTH.,#4667);
#4558=SURFACE_STYLE_USAGE(.BOTH.,#4668);
#4559=SURFACE_STYLE_USAGE(.BOTH.,#4669);
#4560=SURFACE_STYLE_USAGE(.BOTH.,#4670);
#4561=SURFACE_STYLE_USAGE(.BOTH.,#4671);
#4562=SURFACE_STYLE_USAGE(.BOTH.,#4672);
#4563=SURFACE_STYLE_USAGE(.BOTH.,#4673);
#4564=SURFACE_STYLE_USAGE(.BOTH.,#4674);
#4565=SURFACE_STYLE_USAGE(.BOTH.,#4675);
#4566=SURFACE_STYLE_USAGE(.BOTH.,#4676);
#4567=SURFACE_STYLE_USAGE(.BOTH.,#4677);
#4568=SURFACE_STYLE_USAGE(.BOTH.,#4678);
#4569=SURFACE_STYLE_USAGE(.BOTH.,#4679);
#4570=SURFACE_STYLE_USAGE(.BOTH.,#4680);
#4571=SURFACE_STYLE_USAGE(.BOTH.,#4681);
#4572=SURFACE_STYLE_USAGE(.BOTH.,#4682);
#4573=SURFACE_STYLE_USAGE(.BOTH.,#4683);
#4574=SURFACE_STYLE_USAGE(.BOTH.,#4684);
#4575=SURFACE_STYLE_USAGE(.BOTH.,#4685);
#4576=SURFACE_STYLE_USAGE(.BOTH.,#4686);
#4577=SURFACE_STYLE_USAGE(.BOTH.,#4687);
#4578=SURFACE_STYLE_USAGE(.BOTH.,#4688);
#4579=SURFACE_STYLE_USAGE(.BOTH.,#4689);
#4580=SURFACE_STYLE_USAGE(.BOTH.,#4690);
#4581=SURFACE_STYLE_USAGE(.BOTH.,#4691);
#4582=SURFACE_STYLE_USAGE(.BOTH.,#4692);
#4583=SURFACE_STYLE_USAGE(.BOTH.,#4693);
#4584=SURFACE_STYLE_USAGE(.BOTH.,#4694);
#4585=SURFACE_STYLE_USAGE(.BOTH.,#4695);
#4586=SURFACE_STYLE_USAGE(.BOTH.,#4696);
#4587=SURFACE_STYLE_USAGE(.BOTH.,#4697);
#4588=SURFACE_STYLE_USAGE(.BOTH.,#4698);
#4589=SURFACE_STYLE_USAGE(.BOTH.,#4699);
#4590=SURFACE_STYLE_USAGE(.BOTH.,#4700);
#4591=SURFACE_STYLE_USAGE(.BOTH.,#4701);
#4592=SURFACE_STYLE_USAGE(.BOTH.,#4702);
#4593=SURFACE_STYLE_USAGE(.BOTH.,#4703);
#4594=SURFACE_STYLE_USAGE(.BOTH.,#4704);
#4595=SURFACE_STYLE_USAGE(.BOTH.,#4705);
#4596=SURFACE_STYLE_USAGE(.BOTH.,#4706);
#4597=SURFACE_STYLE_USAGE(.BOTH.,#4707);
#4598=SURFACE_STYLE_USAGE(.BOTH.,#4708);
#4599=SURFACE_STYLE_USAGE(.BOTH.,#4709);
#4600=SURFACE_STYLE_USAGE(.BOTH.,#4710);
#4601=SURFACE_STYLE_USAGE(.BOTH.,#4711);
#4602=SURFACE_STYLE_USAGE(.BOTH.,#4712);
#4603=SURFACE_STYLE_USAGE(.BOTH.,#4713);
#4604=SURFACE_STYLE_USAGE(.BOTH.,#4714);
#4605=SURFACE_STYLE_USAGE(.BOTH.,#4715);
#4606=SURFACE_STYLE_USAGE(.BOTH.,#4716);
#4607=SURFACE_STYLE_USAGE(.BOTH.,#4717);
#4608=SURFACE_STYLE_USAGE(.BOTH.,#4718);
#4609=SURFACE_STYLE_USAGE(.BOTH.,#4719);
#4610=SURFACE_STYLE_USAGE(.BOTH.,#4720);
#4611=SURFACE_STYLE_USAGE(.BOTH.,#4721);
#4612=SURFACE_STYLE_USAGE(.BOTH.,#4722);
#4613=SURFACE_STYLE_USAGE(.BOTH.,#4723);
#4614=SURFACE_STYLE_USAGE(.BOTH.,#4724);
#4615=SURFACE_STYLE_USAGE(.BOTH.,#4725);
#4616=SURFACE_STYLE_USAGE(.BOTH.,#4726);
#4617=SURFACE_STYLE_USAGE(.BOTH.,#4727);
#4618=SURFACE_STYLE_USAGE(.BOTH.,#4728);
#4619=SURFACE_STYLE_USAGE(.BOTH.,#4729);
#4620=SURFACE_STYLE_USAGE(.BOTH.,#4730);
#4621=SURFACE_STYLE_USAGE(.BOTH.,#4731);
#4622=SURFACE_STYLE_USAGE(.BOTH.,#4732);
#4623=SURFACE_STYLE_USAGE(.BOTH.,#4733);
#4624=SURFACE_STYLE_USAGE(.BOTH.,#4734);
#4625=SURFACE_STYLE_USAGE(.BOTH.,#4735);
#4626=SURFACE_STYLE_USAGE(.BOTH.,#4736);
#4627=SURFACE_STYLE_USAGE(.BOTH.,#4737);
#4628=SURFACE_STYLE_USAGE(.BOTH.,#4738);
#4629=SURFACE_STYLE_USAGE(.BOTH.,#4739);
#4630=SURFACE_STYLE_USAGE(.BOTH.,#4740);
#4631=SURFACE_STYLE_USAGE(.BOTH.,#4741);
#4632=SURFACE_STYLE_USAGE(.BOTH.,#4742);
#4633=SURFACE_STYLE_USAGE(.BOTH.,#4743);
#4634=SURFACE_STYLE_USAGE(.BOTH.,#4744);
#4635=SURFACE_STYLE_USAGE(.BOTH.,#4745);
#4636=SURFACE_STYLE_USAGE(.BOTH.,#4746);
#4637=SURFACE_STYLE_USAGE(.BOTH.,#4747);
#4638=SURFACE_STYLE_USAGE(.BOTH.,#4748);
#4639=SURFACE_STYLE_USAGE(.BOTH.,#4749);
#4640=SURFACE_STYLE_USAGE(.BOTH.,#4750);
#4641=SURFACE_STYLE_USAGE(.BOTH.,#4751);
#4642=SURFACE_STYLE_USAGE(.BOTH.,#4752);
#4643=SURFACE_SIDE_STYLE('',(#4753));
#4644=SURFACE_SIDE_STYLE('',(#4754));
#4645=SURFACE_SIDE_STYLE('',(#4755));
#4646=SURFACE_SIDE_STYLE('',(#4756));
#4647=SURFACE_SIDE_STYLE('',(#4757));
#4648=SURFACE_SIDE_STYLE('',(#4758));
#4649=SURFACE_SIDE_STYLE('',(#4759));
#4650=SURFACE_SIDE_STYLE('',(#4760));
#4651=SURFACE_SIDE_STYLE('',(#4761));
#4652=SURFACE_SIDE_STYLE('',(#4762));
#4653=SURFACE_SIDE_STYLE('',(#4763));
#4654=SURFACE_SIDE_STYLE('',(#4764));
#4655=SURFACE_SIDE_STYLE('',(#4765));
#4656=SURFACE_SIDE_STYLE('',(#4766));
#4657=SURFACE_SIDE_STYLE('',(#4767));
#4658=SURFACE_SIDE_STYLE('',(#4768));
#4659=SURFACE_SIDE_STYLE('',(#4769));
#4660=SURFACE_SIDE_STYLE('',(#4770));
#4661=SURFACE_SIDE_STYLE('',(#4771));
#4662=SURFACE_SIDE_STYLE('',(#4772));
#4663=SURFACE_SIDE_STYLE('',(#4773));
#4664=SURFACE_SIDE_STYLE('',(#4774));
#4665=SURFACE_SIDE_STYLE('',(#4775));
#4666=SURFACE_SIDE_STYLE('',(#4776));
#4667=SURFACE_SIDE_STYLE('',(#4777));
#4668=SURFACE_SIDE_STYLE('',(#4778));
#4669=SURFACE_SIDE_STYLE('',(#4779));
#4670=SURFACE_SIDE_STYLE('',(#4780));
#4671=SURFACE_SIDE_STYLE('',(#4781));
#4672=SURFACE_SIDE_STYLE('',(#4782));
#4673=SURFACE_SIDE_STYLE('',(#4783));
#4674=SURFACE_SIDE_STYLE('',(#4784));
#4675=SURFACE_SIDE_STYLE('',(#4785));
#4676=SURFACE_SIDE_STYLE('',(#4786));
#4677=SURFACE_SIDE_STYLE('',(#4787));
#4678=SURFACE_SIDE_STYLE('',(#4788));
#4679=SURFACE_SIDE_STYLE('',(#4789));
#4680=SURFACE_SIDE_STYLE('',(#4790));
#4681=SURFACE_SIDE_STYLE('',(#4791));
#4682=SURFACE_SIDE_STYLE('',(#4792));
#4683=SURFACE_SIDE_STYLE('',(#4793));
#4684=SURFACE_SIDE_STYLE('',(#4794));
#4685=SURFACE_SIDE_STYLE('',(#4795));
#4686=SURFACE_SIDE_STYLE('',(#4796));
#4687=SURFACE_SIDE_STYLE('',(#4797));
#4688=SURFACE_SIDE_STYLE('',(#4798));
#4689=SURFACE_SIDE_STYLE('',(#4799));
#4690=SURFACE_SIDE_STYLE('',(#4800));
#4691=SURFACE_SIDE_STYLE('',(#4801));
#4692=SURFACE_SIDE_STYLE('',(#4802));
#4693=SURFACE_SIDE_STYLE('',(#4803));
#4694=SURFACE_SIDE_STYLE('',(#4804));
#4695=SURFACE_SIDE_STYLE('',(#4805));
#4696=SURFACE_SIDE_STYLE('',(#4806));
#4697=SURFACE_SIDE_STYLE('',(#4807));
#4698=SURFACE_SIDE_STYLE('',(#4808));
#4699=SURFACE_SIDE_STYLE('',(#4809));
#4700=SURFACE_SIDE_STYLE('',(#4810));
#4701=SURFACE_SIDE_STYLE('',(#4811));
#4702=SURFACE_SIDE_STYLE('',(#4812));
#4703=SURFACE_SIDE_STYLE('',(#4813));
#4704=SURFACE_SIDE_STYLE('',(#4814));
#4705=SURFACE_SIDE_STYLE('',(#4815));
#4706=SURFACE_SIDE_STYLE('',(#4816));
#4707=SURFACE_SIDE_STYLE('',(#4817));
#4708=SURFACE_SIDE_STYLE('',(#4818));
#4709=SURFACE_SIDE_STYLE('',(#4819));
#4710=SURFACE_SIDE_STYLE('',(#4820));
#4711=SURFACE_SIDE_STYLE('',(#4821));
#4712=SURFACE_SIDE_STYLE('',(#4822));
#4713=SURFACE_SIDE_STYLE('',(#4823));
#4714=SURFACE_SIDE_STYLE('',(#4824));
#4715=SURFACE_SIDE_STYLE('',(#4825));
#4716=SURFACE_SIDE_STYLE('',(#4826));
#4717=SURFACE_SIDE_STYLE('',(#4827));
#4718=SURFACE_SIDE_STYLE('',(#4828));
#4719=SURFACE_SIDE_STYLE('',(#4829));
#4720=SURFACE_SIDE_STYLE('',(#4830));
#4721=SURFACE_SIDE_STYLE('',(#4831));
#4722=SURFACE_SIDE_STYLE('',(#4832));
#4723=SURFACE_SIDE_STYLE('',(#4833));
#4724=SURFACE_SIDE_STYLE('',(#4834));
#4725=SURFACE_SIDE_STYLE('',(#4835));
#4726=SURFACE_SIDE_STYLE('',(#4836));
#4727=SURFACE_SIDE_STYLE('',(#4837));
#4728=SURFACE_SIDE_STYLE('',(#4838));
#4729=SURFACE_SIDE_STYLE('',(#4839));
#4730=SURFACE_SIDE_STYLE('',(#4840));
#4731=SURFACE_SIDE_STYLE('',(#4841));
#4732=SURFACE_SIDE_STYLE('',(#4842));
#4733=SURFACE_SIDE_STYLE('',(#4843));
#4734=SURFACE_SIDE_STYLE('',(#4844));
#4735=SURFACE_SIDE_STYLE('',(#4845));
#4736=SURFACE_SIDE_STYLE('',(#4846));
#4737=SURFACE_SIDE_STYLE('',(#4847));
#4738=SURFACE_SIDE_STYLE('',(#4848));
#4739=SURFACE_SIDE_STYLE('',(#4849));
#4740=SURFACE_SIDE_STYLE('',(#4850));
#4741=SURFACE_SIDE_STYLE('',(#4851));
#4742=SURFACE_SIDE_STYLE('',(#4852));
#4743=SURFACE_SIDE_STYLE('',(#4853));
#4744=SURFACE_SIDE_STYLE('',(#4854));
#4745=SURFACE_SIDE_STYLE('',(#4855));
#4746=SURFACE_SIDE_STYLE('',(#4856));
#4747=SURFACE_SIDE_STYLE('',(#4857));
#4748=SURFACE_SIDE_STYLE('',(#4858));
#4749=SURFACE_SIDE_STYLE('',(#4859));
#4750=SURFACE_SIDE_STYLE('',(#4860));
#4751=SURFACE_SIDE_STYLE('',(#4861));
#4752=SURFACE_SIDE_STYLE('',(#4862));
#4753=SURFACE_STYLE_FILL_AREA(#4863);
#4754=SURFACE_STYLE_FILL_AREA(#4864);
#4755=SURFACE_STYLE_FILL_AREA(#4865);
#4756=SURFACE_STYLE_FILL_AREA(#4866);
#4757=SURFACE_STYLE_FILL_AREA(#4867);
#4758=SURFACE_STYLE_FILL_AREA(#4868);
#4759=SURFACE_STYLE_FILL_AREA(#4869);
#4760=SURFACE_STYLE_FILL_AREA(#4870);
#4761=SURFACE_STYLE_FILL_AREA(#4871);
#4762=SURFACE_STYLE_FILL_AREA(#4872);
#4763=SURFACE_STYLE_FILL_AREA(#4873);
#4764=SURFACE_STYLE_FILL_AREA(#4874);
#4765=SURFACE_STYLE_FILL_AREA(#4875);
#4766=SURFACE_STYLE_FILL_AREA(#4876);
#4767=SURFACE_STYLE_FILL_AREA(#4877);
#4768=SURFACE_STYLE_FILL_AREA(#4878);
#4769=SURFACE_STYLE_FILL_AREA(#4879);
#4770=SURFACE_STYLE_FILL_AREA(#4880);
#4771=SURFACE_STYLE_FILL_AREA(#4881);
#4772=SURFACE_STYLE_FILL_AREA(#4882);
#4773=SURFACE_STYLE_FILL_AREA(#4883);
#4774=SURFACE_STYLE_FILL_AREA(#4884);
#4775=SURFACE_STYLE_FILL_AREA(#4885);
#4776=SURFACE_STYLE_FILL_AREA(#4886);
#4777=SURFACE_STYLE_FILL_AREA(#4887);
#4778=SURFACE_STYLE_FILL_AREA(#4888);
#4779=SURFACE_STYLE_FILL_AREA(#4889);
#4780=SURFACE_STYLE_FILL_AREA(#4890);
#4781=SURFACE_STYLE_FILL_AREA(#4891);
#4782=SURFACE_STYLE_FILL_AREA(#4892);
#4783=SURFACE_STYLE_FILL_AREA(#4893);
#4784=SURFACE_STYLE_FILL_AREA(#4894);
#4785=SURFACE_STYLE_FILL_AREA(#4895);
#4786=SURFACE_STYLE_FILL_AREA(#4896);
#4787=SURFACE_STYLE_FILL_AREA(#4897);
#4788=SURFACE_STYLE_FILL_AREA(#4898);
#4789=SURFACE_STYLE_FILL_AREA(#4899);
#4790=SURFACE_STYLE_FILL_AREA(#4900);
#4791=SURFACE_STYLE_FILL_AREA(#4901);
#4792=SURFACE_STYLE_FILL_AREA(#4902);
#4793=SURFACE_STYLE_FILL_AREA(#4903);
#4794=SURFACE_STYLE_FILL_AREA(#4904);
#4795=SURFACE_STYLE_FILL_AREA(#4905);
#4796=SURFACE_STYLE_FILL_AREA(#4906);
#4797=SURFACE_STYLE_FILL_AREA(#4907);
#4798=SURFACE_STYLE_FILL_AREA(#4908);
#4799=SURFACE_STYLE_FILL_AREA(#4909);
#4800=SURFACE_STYLE_FILL_AREA(#4910);
#4801=SURFACE_STYLE_FILL_AREA(#4911);
#4802=SURFACE_STYLE_FILL_AREA(#4912);
#4803=SURFACE_STYLE_FILL_AREA(#4913);
#4804=SURFACE_STYLE_FILL_AREA(#4914);
#4805=SURFACE_STYLE_FILL_AREA(#4915);
#4806=SURFACE_STYLE_FILL_AREA(#4916);
#4807=SURFACE_STYLE_FILL_AREA(#4917);
#4808=SURFACE_STYLE_FILL_AREA(#4918);
#4809=SURFACE_STYLE_FILL_AREA(#4919);
#4810=SURFACE_STYLE_FILL_AREA(#4920);
#4811=SURFACE_STYLE_FILL_AREA(#4921);
#4812=SURFACE_STYLE_FILL_AREA(#4922);
#4813=SURFACE_STYLE_FILL_AREA(#4923);
#4814=SURFACE_STYLE_FILL_AREA(#4924);
#4815=SURFACE_STYLE_FILL_AREA(#4925);
#4816=SURFACE_STYLE_FILL_AREA(#4926);
#4817=SURFACE_STYLE_FILL_AREA(#4927);
#4818=SURFACE_STYLE_FILL_AREA(#4928);
#4819=SURFACE_STYLE_FILL_AREA(#4929);
#4820=SURFACE_STYLE_FILL_AREA(#4930);
#4821=SURFACE_STYLE_FILL_AREA(#4931);
#4822=SURFACE_STYLE_FILL_AREA(#4932);
#4823=SURFACE_STYLE_FILL_AREA(#4933);
#4824=SURFACE_STYLE_FILL_AREA(#4934);
#4825=SURFACE_STYLE_FILL_AREA(#4935);
#4826=SURFACE_STYLE_FILL_AREA(#4936);
#4827=SURFACE_STYLE_FILL_AREA(#4937);
#4828=SURFACE_STYLE_FILL_AREA(#4938);
#4829=SURFACE_STYLE_FILL_AREA(#4939);
#4830=SURFACE_STYLE_FILL_AREA(#4940);
#4831=SURFACE_STYLE_FILL_AREA(#4941);
#4832=SURFACE_STYLE_FILL_AREA(#4942);
#4833=SURFACE_STYLE_FILL_AREA(#4943);
#4834=SURFACE_STYLE_FILL_AREA(#4944);
#4835=SURFACE_STYLE_FILL_AREA(#4945);
#4836=SURFACE_STYLE_FILL_AREA(#4946);
#4837=SURFACE_STYLE_FILL_AREA(#4947);
#4838=SURFACE_STYLE_FILL_AREA(#4948);
#4839=SURFACE_STYLE_FILL_AREA(#4949);
#4840=SURFACE_STYLE_FILL_AREA(#4950);
#4841=SURFACE_STYLE_FILL_AREA(#4951);
#4842=SURFACE_STYLE_FILL_AREA(#4952);
#4843=SURFACE_STYLE_FILL_AREA(#4953);
#4844=SURFACE_STYLE_FILL_AREA(#4954);
#4845=SURFACE_STYLE_FILL_AREA(#4955);
#4846=SURFACE_STYLE_FILL_AREA(#4956);
#4847=SURFACE_STYLE_FILL_AREA(#4957);
#4848=SURFACE_STYLE_FILL_AREA(#4958);
#4849=SURFACE_STYLE_FILL_AREA(#4959);
#4850=SURFACE_STYLE_FILL_AREA(#4960);
#4851=SURFACE_STYLE_FILL_AREA(#4961);
#4852=SURFACE_STYLE_FILL_AREA(#4962);
#4853=SURFACE_STYLE_FILL_AREA(#4963);
#4854=SURFACE_STYLE_FILL_AREA(#4964);
#4855=SURFACE_STYLE_FILL_AREA(#4965);
#4856=SURFACE_STYLE_FILL_AREA(#4966);
#4857=SURFACE_STYLE_FILL_AREA(#4967);
#4858=SURFACE_STYLE_FILL_AREA(#4968);
#4859=SURFACE_STYLE_FILL_AREA(#4969);
#4860=SURFACE_STYLE_FILL_AREA(#4970);
#4861=SURFACE_STYLE_FILL_AREA(#4971);
#4862=SURFACE_STYLE_FILL_AREA(#4972);
#4863=FILL_AREA_STYLE('',(#4973));
#4864=FILL_AREA_STYLE('',(#4974));
#4865=FILL_AREA_STYLE('',(#4975));
#4866=FILL_AREA_STYLE('',(#4976));
#4867=FILL_AREA_STYLE('',(#4977));
#4868=FILL_AREA_STYLE('',(#4978));
#4869=FILL_AREA_STYLE('',(#4979));
#4870=FILL_AREA_STYLE('',(#4980));
#4871=FILL_AREA_STYLE('',(#4981));
#4872=FILL_AREA_STYLE('',(#4982));
#4873=FILL_AREA_STYLE('',(#4983));
#4874=FILL_AREA_STYLE('',(#4984));
#4875=FILL_AREA_STYLE('',(#4985));
#4876=FILL_AREA_STYLE('',(#4986));
#4877=FILL_AREA_STYLE('',(#4987));
#4878=FILL_AREA_STYLE('',(#4988));
#4879=FILL_AREA_STYLE('',(#4989));
#4880=FILL_AREA_STYLE('',(#4990));
#4881=FILL_AREA_STYLE('',(#4991));
#4882=FILL_AREA_STYLE('',(#4992));
#4883=FILL_AREA_STYLE('',(#4993));
#4884=FILL_AREA_STYLE('',(#4994));
#4885=FILL_AREA_STYLE('',(#4995));
#4886=FILL_AREA_STYLE('',(#4996));
#4887=FILL_AREA_STYLE('',(#4997));
#4888=FILL_AREA_STYLE('',(#4998));
#4889=FILL_AREA_STYLE('',(#4999));
#4890=FILL_AREA_STYLE('',(#5000));
#4891=FILL_AREA_STYLE('',(#5001));
#4892=FILL_AREA_STYLE('',(#5002));
#4893=FILL_AREA_STYLE('',(#5003));
#4894=FILL_AREA_STYLE('',(#5004));
#4895=FILL_AREA_STYLE('',(#5005));
#4896=FILL_AREA_STYLE('',(#5006));
#4897=FILL_AREA_STYLE('',(#5007));
#4898=FILL_AREA_STYLE('',(#5008));
#4899=FILL_AREA_STYLE('',(#5009));
#4900=FILL_AREA_STYLE('',(#5010));
#4901=FILL_AREA_STYLE('',(#5011));
#4902=FILL_AREA_STYLE('',(#5012));
#4903=FILL_AREA_STYLE('',(#5013));
#4904=FILL_AREA_STYLE('',(#5014));
#4905=FILL_AREA_STYLE('',(#5015));
#4906=FILL_AREA_STYLE('',(#5016));
#4907=FILL_AREA_STYLE('',(#5017));
#4908=FILL_AREA_STYLE('',(#5018));
#4909=FILL_AREA_STYLE('',(#5019));
#4910=FILL_AREA_STYLE('',(#5020));
#4911=FILL_AREA_STYLE('',(#5021));
#4912=FILL_AREA_STYLE('',(#5022));
#4913=FILL_AREA_STYLE('',(#5023));
#4914=FILL_AREA_STYLE('',(#5024));
#4915=FILL_AREA_STYLE('',(#5025));
#4916=FILL_AREA_STYLE('',(#5026));
#4917=FILL_AREA_STYLE('',(#5027));
#4918=FILL_AREA_STYLE('',(#5028));
#4919=FILL_AREA_STYLE('',(#5029));
#4920=FILL_AREA_STYLE('',(#5030));
#4921=FILL_AREA_STYLE('',(#5031));
#4922=FILL_AREA_STYLE('',(#5032));
#4923=FILL_AREA_STYLE('',(#5033));
#4924=FILL_AREA_STYLE('',(#5034));
#4925=FILL_AREA_STYLE('',(#5035));
#4926=FILL_AREA_STYLE('',(#5036));
#4927=FILL_AREA_STYLE('',(#5037));
#4928=FILL_AREA_STYLE('',(#5038));
#4929=FILL_AREA_STYLE('',(#5039));
#4930=FILL_AREA_STYLE('',(#5040));
#4931=FILL_AREA_STYLE('',(#5041));
#4932=FILL_AREA_STYLE('',(#5042));
#4933=FILL_AREA_STYLE('',(#5043));
#4934=FILL_AREA_STYLE('',(#5044));
#4935=FILL_AREA_STYLE('',(#5045));
#4936=FILL_AREA_STYLE('',(#5046));
#4937=FILL_AREA_STYLE('',(#5047));
#4938=FILL_AREA_STYLE('',(#5048));
#4939=FILL_AREA_STYLE('',(#5049));
#4940=FILL_AREA_STYLE('',(#5050));
#4941=FILL_AREA_STYLE('',(#5051));
#4942=FILL_AREA_STYLE('',(#5052));
#4943=FILL_AREA_STYLE('',(#5053));
#4944=FILL_AREA_STYLE('',(#5054));
#4945=FILL_AREA_STYLE('',(#5055));
#4946=FILL_AREA_STYLE('',(#5056));
#4947=FILL_AREA_STYLE('',(#5057));
#4948=FILL_AREA_STYLE('',(#5058));
#4949=FILL_AREA_STYLE('',(#5059));
#4950=FILL_AREA_STYLE('',(#5060));
#4951=FILL_AREA_STYLE('',(#5061));
#4952=FILL_AREA_STYLE('',(#5062));
#4953=FILL_AREA_STYLE('',(#5063));
#4954=FILL_AREA_STYLE('',(#5064));
#4955=FILL_AREA_STYLE('',(#5065));
#4956=FILL_AREA_STYLE('',(#5066));
#4957=FILL_AREA_STYLE('',(#5067));
#4958=FILL_AREA_STYLE('',(#5068));
#4959=FILL_AREA_STYLE('',(#5069));
#4960=FILL_AREA_STYLE('',(#5070));
#4961=FILL_AREA_STYLE('',(#5071));
#4962=FILL_AREA_STYLE('',(#5072));
#4963=FILL_AREA_STYLE('',(#5073));
#4964=FILL_AREA_STYLE('',(#5074));
#4965=FILL_AREA_STYLE('',(#5075));
#4966=FILL_AREA_STYLE('',(#5076));
#4967=FILL_AREA_STYLE('',(#5077));
#4968=FILL_AREA_STYLE('',(#5078));
#4969=FILL_AREA_STYLE('',(#5079));
#4970=FILL_AREA_STYLE('',(#5080));
#4971=FILL_AREA_STYLE('',(#5081));
#4972=FILL_AREA_STYLE('',(#5082));
#4973=FILL_AREA_STYLE_COLOUR('',#5083);
#4974=FILL_AREA_STYLE_COLOUR('',#5084);
#4975=FILL_AREA_STYLE_COLOUR('',#5085);
#4976=FILL_AREA_STYLE_COLOUR('',#5085);
#4977=FILL_AREA_STYLE_COLOUR('',#5085);
#4978=FILL_AREA_STYLE_COLOUR('',#5085);
#4979=FILL_AREA_STYLE_COLOUR('',#5085);
#4980=FILL_AREA_STYLE_COLOUR('',#5085);
#4981=FILL_AREA_STYLE_COLOUR('',#5085);
#4982=FILL_AREA_STYLE_COLOUR('',#5085);
#4983=FILL_AREA_STYLE_COLOUR('',#5085);
#4984=FILL_AREA_STYLE_COLOUR('',#5085);
#4985=FILL_AREA_STYLE_COLOUR('',#5085);
#4986=FILL_AREA_STYLE_COLOUR('',#5085);
#4987=FILL_AREA_STYLE_COLOUR('',#5085);
#4988=FILL_AREA_STYLE_COLOUR('',#5085);
#4989=FILL_AREA_STYLE_COLOUR('',#5085);
#4990=FILL_AREA_STYLE_COLOUR('',#5085);
#4991=FILL_AREA_STYLE_COLOUR('',#5085);
#4992=FILL_AREA_STYLE_COLOUR('',#5085);
#4993=FILL_AREA_STYLE_COLOUR('',#5085);
#4994=FILL_AREA_STYLE_COLOUR('',#5085);
#4995=FILL_AREA_STYLE_COLOUR('',#5085);
#4996=FILL_AREA_STYLE_COLOUR('',#5085);
#4997=FILL_AREA_STYLE_COLOUR('',#5085);
#4998=FILL_AREA_STYLE_COLOUR('',#5085);
#4999=FILL_AREA_STYLE_COLOUR('',#5085);
#5000=FILL_AREA_STYLE_COLOUR('',#5085);
#5001=FILL_AREA_STYLE_COLOUR('',#5085);
#5002=FILL_AREA_STYLE_COLOUR('',#5085);
#5003=FILL_AREA_STYLE_COLOUR('',#5085);
#5004=FILL_AREA_STYLE_COLOUR('',#5085);
#5005=FILL_AREA_STYLE_COLOUR('',#5085);
#5006=FILL_AREA_STYLE_COLOUR('',#5085);
#5007=FILL_AREA_STYLE_COLOUR('',#5085);
#5008=FILL_AREA_STYLE_COLOUR('',#5085);
#5009=FILL_AREA_STYLE_COLOUR('',#5085);
#5010=FILL_AREA_STYLE_COLOUR('',#5085);
#5011=FILL_AREA_STYLE_COLOUR('',#5085);
#5012=FILL_AREA_STYLE_COLOUR('',#5085);
#5013=FILL_AREA_STYLE_COLOUR('',#5085);
#5014=FILL_AREA_STYLE_COLOUR('',#5085);
#5015=FILL_AREA_STYLE_COLOUR('',#5085);
#5016=FILL_AREA_STYLE_COLOUR('',#5085);
#5017=FILL_AREA_STYLE_COLOUR('',#5085);
#5018=FILL_AREA_STYLE_COLOUR('',#5085);
#5019=FILL_AREA_STYLE_COLOUR('',#5085);
#5020=FILL_AREA_STYLE_COLOUR('',#5085);
#5021=FILL_AREA_STYLE_COLOUR('',#5085);
#5022=FILL_AREA_STYLE_COLOUR('',#5085);
#5023=FILL_AREA_STYLE_COLOUR('',#5085);
#5024=FILL_AREA_STYLE_COLOUR('',#5085);
#5025=FILL_AREA_STYLE_COLOUR('',#5085);
#5026=FILL_AREA_STYLE_COLOUR('',#5085);
#5027=FILL_AREA_STYLE_COLOUR('',#5085);
#5028=FILL_AREA_STYLE_COLOUR('',#5085);
#5029=FILL_AREA_STYLE_COLOUR('',#5085);
#5030=FILL_AREA_STYLE_COLOUR('',#5085);
#5031=FILL_AREA_STYLE_COLOUR('',#5085);
#5032=FILL_AREA_STYLE_COLOUR('',#5085);
#5033=FILL_AREA_STYLE_COLOUR('',#5085);
#5034=FILL_AREA_STYLE_COLOUR('',#5085);
#5035=FILL_AREA_STYLE_COLOUR('',#5085);
#5036=FILL_AREA_STYLE_COLOUR('',#5085);
#5037=FILL_AREA_STYLE_COLOUR('',#5085);
#5038=FILL_AREA_STYLE_COLOUR('',#5085);
#5039=FILL_AREA_STYLE_COLOUR('',#5085);
#5040=FILL_AREA_STYLE_COLOUR('',#5085);
#5041=FILL_AREA_STYLE_COLOUR('',#5085);
#5042=FILL_AREA_STYLE_COLOUR('',#5085);
#5043=FILL_AREA_STYLE_COLOUR('',#5085);
#5044=FILL_AREA_STYLE_COLOUR('',#5085);
#5045=FILL_AREA_STYLE_COLOUR('',#5085);
#5046=FILL_AREA_STYLE_COLOUR('',#5085);
#5047=FILL_AREA_STYLE_COLOUR('',#5085);
#5048=FILL_AREA_STYLE_COLOUR('',#5085);
#5049=FILL_AREA_STYLE_COLOUR('',#5085);
#5050=FILL_AREA_STYLE_COLOUR('',#5085);
#5051=FILL_AREA_STYLE_COLOUR('',#5085);
#5052=FILL_AREA_STYLE_COLOUR('',#5085);
#5053=FILL_AREA_STYLE_COLOUR('',#5085);
#5054=FILL_AREA_STYLE_COLOUR('',#5085);
#5055=FILL_AREA_STYLE_COLOUR('',#5085);
#5056=FILL_AREA_STYLE_COLOUR('',#5085);
#5057=FILL_AREA_STYLE_COLOUR('',#5085);
#5058=FILL_AREA_STYLE_COLOUR('',#5085);
#5059=FILL_AREA_STYLE_COLOUR('',#5085);
#5060=FILL_AREA_STYLE_COLOUR('',#5085);
#5061=FILL_AREA_STYLE_COLOUR('',#5085);
#5062=FILL_AREA_STYLE_COLOUR('',#5085);
#5063=FILL_AREA_STYLE_COLOUR('',#5085);
#5064=FILL_AREA_STYLE_COLOUR('',#5085);
#5065=FILL_AREA_STYLE_COLOUR('',#5085);
#5066=FILL_AREA_STYLE_COLOUR('',#5085);
#5067=FILL_AREA_STYLE_COLOUR('',#5085);
#5068=FILL_AREA_STYLE_COLOUR('',#5085);
#5069=FILL_AREA_STYLE_COLOUR('',#5085);
#5070=FILL_AREA_STYLE_COLOUR('',#5085);
#5071=FILL_AREA_STYLE_COLOUR('',#5085);
#5072=FILL_AREA_STYLE_COLOUR('',#5085);
#5073=FILL_AREA_STYLE_COLOUR('',#5085);
#5074=FILL_AREA_STYLE_COLOUR('',#5085);
#5075=FILL_AREA_STYLE_COLOUR('',#5085);
#5076=FILL_AREA_STYLE_COLOUR('',#5085);
#5077=FILL_AREA_STYLE_COLOUR('',#5085);
#5078=FILL_AREA_STYLE_COLOUR('',#5085);
#5079=FILL_AREA_STYLE_COLOUR('',#5085);
#5080=FILL_AREA_STYLE_COLOUR('',#10);
#5081=FILL_AREA_STYLE_COLOUR('',#5086);
#5082=FILL_AREA_STYLE_COLOUR('',#10);
#5083=COLOUR_RGB('',0.917647058823529,0.917647058823529,0.917647058823529);
#5084=COLOUR_RGB('',0.164705882352941,0.203921568627451,0.223529411764706);
#5085=COLOUR_RGB('',1.,0.843137254901961,0.);
#5086=COLOUR_RGB('',0.647058823529412,0.647058823529412,0.647058823529412);
#5087=MANIFOLD_SOLID_BREP('Part 3',#4413);
#5088=MANIFOLD_SOLID_BREP('Part 4',#4414);
#5089=MANIFOLD_SOLID_BREP('Part 1',#4415);
#5090=MANIFOLD_SOLID_BREP('Part 5',#4416);
#5091=MANIFOLD_SOLID_BREP('Part 2',#4417);
#5092=SHAPE_DEFINITION_REPRESENTATION(#7966,#5097);
#5093=SHAPE_DEFINITION_REPRESENTATION(#7967,#5098);
#5094=SHAPE_DEFINITION_REPRESENTATION(#7968,#5099);
#5095=SHAPE_DEFINITION_REPRESENTATION(#7969,#5100);
#5096=SHAPE_DEFINITION_REPRESENTATION(#7970,#5101);
#5097=SHAPE_REPRESENTATION('Part 3',(#5102),#7941);
#5098=SHAPE_REPRESENTATION('Part 4',(#5109),#7942);
#5099=SHAPE_REPRESENTATION('Part 1',(#5458),#7943);
#5100=SHAPE_REPRESENTATION('Part 5',(#5467),#7944);
#5101=SHAPE_REPRESENTATION('Part 2',(#5481),#7945);
#5102=AXIS2_PLACEMENT_3D('',#6713,#5490,#5491);
#5103=AXIS2_PLACEMENT_3D('',#6714,#5492,#5493);
#5104=AXIS2_PLACEMENT_3D('',#6723,#5498,#5499);
#5105=AXIS2_PLACEMENT_3D('',#6729,#5503,#5504);
#5106=AXIS2_PLACEMENT_3D('',#6735,#5508,#5509);
#5107=AXIS2_PLACEMENT_3D('',#6738,#5512,#5513);
#5108=AXIS2_PLACEMENT_3D('',#6739,#5514,#5515);
#5109=AXIS2_PLACEMENT_3D('',#6740,#5516,#5517);
#5110=AXIS2_PLACEMENT_3D('',#6741,#5518,#5519);
#5111=AXIS2_PLACEMENT_3D('',#6750,#5524,#5525);
#5112=AXIS2_PLACEMENT_3D('',#6754,#5527,#5528);
#5113=AXIS2_PLACEMENT_3D('',#6758,#5530,#5531);
#5114=AXIS2_PLACEMENT_3D('',#6762,#5533,#5534);
#5115=AXIS2_PLACEMENT_3D('',#6765,#5536,#5537);
#5116=AXIS2_PLACEMENT_3D('',#6766,#5538,#5539);
#5117=AXIS2_PLACEMENT_3D('',#6771,#5542,#5543);
#5118=AXIS2_PLACEMENT_3D('',#6775,#5545,#5546);
#5119=AXIS2_PLACEMENT_3D('',#6780,#5549,#5550);
#5120=AXIS2_PLACEMENT_3D('',#6783,#5552,#5553);
#5121=AXIS2_PLACEMENT_3D('',#6786,#5555,#5556);
#5122=AXIS2_PLACEMENT_3D('',#6788,#5558,#5559);
#5123=AXIS2_PLACEMENT_3D('',#6792,#5561,#5562);
#5124=AXIS2_PLACEMENT_3D('',#6797,#5565,#5566);
#5125=AXIS2_PLACEMENT_3D('',#6800,#5568,#5569);
#5126=AXIS2_PLACEMENT_3D('',#6803,#5571,#5572);
#5127=AXIS2_PLACEMENT_3D('',#6805,#5574,#5575);
#5128=AXIS2_PLACEMENT_3D('',#6809,#5577,#5578);
#5129=AXIS2_PLACEMENT_3D('',#6814,#5581,#5582);
#5130=AXIS2_PLACEMENT_3D('',#6817,#5584,#5585);
#5131=AXIS2_PLACEMENT_3D('',#6820,#5587,#5588);
#5132=AXIS2_PLACEMENT_3D('',#6822,#5590,#5591);
#5133=AXIS2_PLACEMENT_3D('',#6826,#5593,#5594);
#5134=AXIS2_PLACEMENT_3D('',#6831,#5597,#5598);
#5135=AXIS2_PLACEMENT_3D('',#6837,#5602,#5603);
#5136=AXIS2_PLACEMENT_3D('',#6840,#5605,#5606);
#5137=AXIS2_PLACEMENT_3D('',#6843,#5608,#5609);
#5138=AXIS2_PLACEMENT_3D('',#6845,#5611,#5612);
#5139=AXIS2_PLACEMENT_3D('',#6854,#5617,#5618);
#5140=AXIS2_PLACEMENT_3D('',#6857,#5620,#5621);
#5141=AXIS2_PLACEMENT_3D('',#6860,#5623,#5624);
#5142=AXIS2_PLACEMENT_3D('',#6863,#5626,#5627);
#5143=AXIS2_PLACEMENT_3D('',#6866,#5629,#5630);
#5144=AXIS2_PLACEMENT_3D('',#6868,#5632,#5633);
#5145=AXIS2_PLACEMENT_3D('',#6872,#5635,#5636);
#5146=AXIS2_PLACEMENT_3D('',#6877,#5639,#5640);
#5147=AXIS2_PLACEMENT_3D('',#6880,#5642,#5643);
#5148=AXIS2_PLACEMENT_3D('',#6883,#5645,#5646);
#5149=AXIS2_PLACEMENT_3D('',#6885,#5648,#5649);
#5150=AXIS2_PLACEMENT_3D('',#6889,#5651,#5652);
#5151=AXIS2_PLACEMENT_3D('',#6894,#5655,#5656);
#5152=AXIS2_PLACEMENT_3D('',#6897,#5658,#5659);
#5153=AXIS2_PLACEMENT_3D('',#6900,#5661,#5662);
#5154=AXIS2_PLACEMENT_3D('',#6902,#5664,#5665);
#5155=AXIS2_PLACEMENT_3D('',#6906,#5667,#5668);
#5156=AXIS2_PLACEMENT_3D('',#6911,#5671,#5672);
#5157=AXIS2_PLACEMENT_3D('',#6914,#5674,#5675);
#5158=AXIS2_PLACEMENT_3D('',#6917,#5677,#5678);
#5159=AXIS2_PLACEMENT_3D('',#6919,#5680,#5681);
#5160=AXIS2_PLACEMENT_3D('',#6923,#5683,#5684);
#5161=AXIS2_PLACEMENT_3D('',#6928,#5687,#5688);
#5162=AXIS2_PLACEMENT_3D('',#6931,#5690,#5691);
#5163=AXIS2_PLACEMENT_3D('',#6934,#5693,#5694);
#5164=AXIS2_PLACEMENT_3D('',#6936,#5696,#5697);
#5165=AXIS2_PLACEMENT_3D('',#6940,#5699,#5700);
#5166=AXIS2_PLACEMENT_3D('',#6945,#5703,#5704);
#5167=AXIS2_PLACEMENT_3D('',#6948,#5706,#5707);
#5168=AXIS2_PLACEMENT_3D('',#6951,#5709,#5710);
#5169=AXIS2_PLACEMENT_3D('',#6953,#5712,#5713);
#5170=AXIS2_PLACEMENT_3D('',#6957,#5715,#5716);
#5171=AXIS2_PLACEMENT_3D('',#6962,#5719,#5720);
#5172=AXIS2_PLACEMENT_3D('',#6968,#5724,#5725);
#5173=AXIS2_PLACEMENT_3D('',#6971,#5727,#5728);
#5174=AXIS2_PLACEMENT_3D('',#6974,#5730,#5731);
#5175=AXIS2_PLACEMENT_3D('',#6976,#5733,#5734);
#5176=AXIS2_PLACEMENT_3D('',#6980,#5736,#5737);
#5177=AXIS2_PLACEMENT_3D('',#6985,#5740,#5741);
#5178=AXIS2_PLACEMENT_3D('',#6988,#5743,#5744);
#5179=AXIS2_PLACEMENT_3D('',#6991,#5746,#5747);
#5180=AXIS2_PLACEMENT_3D('',#6993,#5749,#5750);
#5181=AXIS2_PLACEMENT_3D('',#6997,#5752,#5753);
#5182=AXIS2_PLACEMENT_3D('',#7002,#5756,#5757);
#5183=AXIS2_PLACEMENT_3D('',#7008,#5761,#5762);
#5184=AXIS2_PLACEMENT_3D('',#7011,#5764,#5765);
#5185=AXIS2_PLACEMENT_3D('',#7014,#5767,#5768);
#5186=AXIS2_PLACEMENT_3D('',#7016,#5770,#5771);
#5187=AXIS2_PLACEMENT_3D('',#7020,#5773,#5774);
#5188=AXIS2_PLACEMENT_3D('',#7025,#5777,#5778);
#5189=AXIS2_PLACEMENT_3D('',#7029,#5780,#5781);
#5190=AXIS2_PLACEMENT_3D('',#7034,#5784,#5785);
#5191=AXIS2_PLACEMENT_3D('',#7037,#5788,#5789);
#5192=AXIS2_PLACEMENT_3D('',#7039,#5791,#5792);
#5193=AXIS2_PLACEMENT_3D('',#7043,#5794,#5795);
#5194=AXIS2_PLACEMENT_3D('',#7048,#5798,#5799);
#5195=AXIS2_PLACEMENT_3D('',#7052,#5801,#5802);
#5196=AXIS2_PLACEMENT_3D('',#7057,#5805,#5806);
#5197=AXIS2_PLACEMENT_3D('',#7060,#5809,#5810);
#5198=AXIS2_PLACEMENT_3D('',#7062,#5812,#5813);
#5199=AXIS2_PLACEMENT_3D('',#7066,#5815,#5816);
#5200=AXIS2_PLACEMENT_3D('',#7071,#5819,#5820);
#5201=AXIS2_PLACEMENT_3D('',#7074,#5822,#5823);
#5202=AXIS2_PLACEMENT_3D('',#7077,#5825,#5826);
#5203=AXIS2_PLACEMENT_3D('',#7079,#5828,#5829);
#5204=AXIS2_PLACEMENT_3D('',#7083,#5831,#5832);
#5205=AXIS2_PLACEMENT_3D('',#7088,#5835,#5836);
#5206=AXIS2_PLACEMENT_3D('',#7091,#5838,#5839);
#5207=AXIS2_PLACEMENT_3D('',#7094,#5841,#5842);
#5208=AXIS2_PLACEMENT_3D('',#7096,#5844,#5845);
#5209=AXIS2_PLACEMENT_3D('',#7100,#5847,#5848);
#5210=AXIS2_PLACEMENT_3D('',#7105,#5851,#5852);
#5211=AXIS2_PLACEMENT_3D('',#7108,#5854,#5855);
#5212=AXIS2_PLACEMENT_3D('',#7111,#5857,#5858);
#5213=AXIS2_PLACEMENT_3D('',#7113,#5860,#5861);
#5214=AXIS2_PLACEMENT_3D('',#7117,#5863,#5864);
#5215=AXIS2_PLACEMENT_3D('',#7122,#5867,#5868);
#5216=AXIS2_PLACEMENT_3D('',#7125,#5870,#5871);
#5217=AXIS2_PLACEMENT_3D('',#7128,#5873,#5874);
#5218=AXIS2_PLACEMENT_3D('',#7130,#5876,#5877);
#5219=AXIS2_PLACEMENT_3D('',#7134,#5879,#5880);
#5220=AXIS2_PLACEMENT_3D('',#7139,#5883,#5884);
#5221=AXIS2_PLACEMENT_3D('',#7142,#5886,#5887);
#5222=AXIS2_PLACEMENT_3D('',#7145,#5889,#5890);
#5223=AXIS2_PLACEMENT_3D('',#7147,#5892,#5893);
#5224=AXIS2_PLACEMENT_3D('',#7151,#5895,#5896);
#5225=AXIS2_PLACEMENT_3D('',#7156,#5899,#5900);
#5226=AXIS2_PLACEMENT_3D('',#7159,#5902,#5903);
#5227=AXIS2_PLACEMENT_3D('',#7162,#5905,#5906);
#5228=AXIS2_PLACEMENT_3D('',#7164,#5908,#5909);
#5229=AXIS2_PLACEMENT_3D('',#7168,#5911,#5912);
#5230=AXIS2_PLACEMENT_3D('',#7173,#5915,#5916);
#5231=AXIS2_PLACEMENT_3D('',#7176,#5918,#5919);
#5232=AXIS2_PLACEMENT_3D('',#7179,#5921,#5922);
#5233=AXIS2_PLACEMENT_3D('',#7181,#5924,#5925);
#5234=AXIS2_PLACEMENT_3D('',#7185,#5927,#5928);
#5235=AXIS2_PLACEMENT_3D('',#7190,#5931,#5932);
#5236=AXIS2_PLACEMENT_3D('',#7193,#5934,#5935);
#5237=AXIS2_PLACEMENT_3D('',#7196,#5937,#5938);
#5238=AXIS2_PLACEMENT_3D('',#7198,#5940,#5941);
#5239=AXIS2_PLACEMENT_3D('',#7202,#5943,#5944);
#5240=AXIS2_PLACEMENT_3D('',#7207,#5947,#5948);
#5241=AXIS2_PLACEMENT_3D('',#7210,#5950,#5951);
#5242=AXIS2_PLACEMENT_3D('',#7213,#5953,#5954);
#5243=AXIS2_PLACEMENT_3D('',#7215,#5956,#5957);
#5244=AXIS2_PLACEMENT_3D('',#7245,#5985,#5986);
#5245=AXIS2_PLACEMENT_3D('',#7249,#5989,#5990);
#5246=AXIS2_PLACEMENT_3D('',#7255,#5994,#5995);
#5247=AXIS2_PLACEMENT_3D('',#7261,#5999,#6000);
#5248=AXIS2_PLACEMENT_3D('',#7268,#6005,#6006);
#5249=AXIS2_PLACEMENT_3D('',#7274,#6010,#6011);
#5250=AXIS2_PLACEMENT_3D('',#7280,#6015,#6016);
#5251=AXIS2_PLACEMENT_3D('',#7281,#6017,#6018);
#5252=AXIS2_PLACEMENT_3D('',#7283,#6019,#6020);
#5253=AXIS2_PLACEMENT_3D('',#7285,#6021,#6022);
#5254=AXIS2_PLACEMENT_3D('',#7288,#6025,#6026);
#5255=AXIS2_PLACEMENT_3D('',#7289,#6027,#6028);
#5256=AXIS2_PLACEMENT_3D('',#7291,#6029,#6030);
#5257=AXIS2_PLACEMENT_3D('',#7293,#6031,#6032);
#5258=AXIS2_PLACEMENT_3D('',#7294,#6033,#6034);
#5259=AXIS2_PLACEMENT_3D('',#7295,#6035,#6036);
#5260=AXIS2_PLACEMENT_3D('',#7296,#6037,#6038);
#5261=AXIS2_PLACEMENT_3D('',#7297,#6039,#6040);
#5262=AXIS2_PLACEMENT_3D('',#7298,#6041,#6042);
#5263=AXIS2_PLACEMENT_3D('',#7299,#6043,#6044);
#5264=AXIS2_PLACEMENT_3D('',#7300,#6045,#6046);
#5265=AXIS2_PLACEMENT_3D('',#7301,#6047,#6048);
#5266=AXIS2_PLACEMENT_3D('',#7302,#6049,#6050);
#5267=AXIS2_PLACEMENT_3D('',#7303,#6051,#6052);
#5268=AXIS2_PLACEMENT_3D('',#7304,#6053,#6054);
#5269=AXIS2_PLACEMENT_3D('',#7305,#6055,#6056);
#5270=AXIS2_PLACEMENT_3D('',#7306,#6057,#6058);
#5271=AXIS2_PLACEMENT_3D('',#7307,#6059,#6060);
#5272=AXIS2_PLACEMENT_3D('',#7308,#6061,#6062);
#5273=AXIS2_PLACEMENT_3D('',#7309,#6063,#6064);
#5274=AXIS2_PLACEMENT_3D('',#7310,#6065,#6066);
#5275=AXIS2_PLACEMENT_3D('',#7311,#6067,#6068);
#5276=AXIS2_PLACEMENT_3D('',#7312,#6069,#6070);
#5277=AXIS2_PLACEMENT_3D('',#7313,#6071,#6072);
#5278=AXIS2_PLACEMENT_3D('',#7314,#6073,#6074);
#5279=AXIS2_PLACEMENT_3D('',#7315,#6075,#6076);
#5280=AXIS2_PLACEMENT_3D('',#7316,#6077,#6078);
#5281=AXIS2_PLACEMENT_3D('',#7317,#6079,#6080);
#5282=AXIS2_PLACEMENT_3D('',#7318,#6081,#6082);
#5283=AXIS2_PLACEMENT_3D('',#7319,#6083,#6084);
#5284=AXIS2_PLACEMENT_3D('',#7320,#6085,#6086);
#5285=AXIS2_PLACEMENT_3D('',#7321,#6087,#6088);
#5286=AXIS2_PLACEMENT_3D('',#7322,#6089,#6090);
#5287=AXIS2_PLACEMENT_3D('',#7323,#6091,#6092);
#5288=AXIS2_PLACEMENT_3D('',#7325,#6093,#6094);
#5289=AXIS2_PLACEMENT_3D('',#7335,#6100,#6101);
#5290=AXIS2_PLACEMENT_3D('',#7341,#6104,#6105);
#5291=AXIS2_PLACEMENT_3D('',#7345,#6107,#6108);
#5292=AXIS2_PLACEMENT_3D('',#7349,#6110,#6111);
#5293=AXIS2_PLACEMENT_3D('',#7350,#6112,#6113);
#5294=AXIS2_PLACEMENT_3D('',#7351,#6114,#6115);
#5295=AXIS2_PLACEMENT_3D('',#7356,#6118,#6119);
#5296=AXIS2_PLACEMENT_3D('',#7364,#6123,#6124);
#5297=AXIS2_PLACEMENT_3D('',#7365,#6125,#6126);
#5298=AXIS2_PLACEMENT_3D('',#7370,#6129,#6130);
#5299=AXIS2_PLACEMENT_3D('',#7371,#6131,#6132);
#5300=AXIS2_PLACEMENT_3D('',#7373,#6134,#6135);
#5301=AXIS2_PLACEMENT_3D('',#7381,#6139,#6140);
#5302=AXIS2_PLACEMENT_3D('',#7382,#6141,#6142);
#5303=AXIS2_PLACEMENT_3D('',#7387,#6145,#6146);
#5304=AXIS2_PLACEMENT_3D('',#7388,#6147,#6148);
#5305=AXIS2_PLACEMENT_3D('',#7390,#6150,#6151);
#5306=AXIS2_PLACEMENT_3D('',#7398,#6155,#6156);
#5307=AXIS2_PLACEMENT_3D('',#7399,#6157,#6158);
#5308=AXIS2_PLACEMENT_3D('',#7404,#6161,#6162);
#5309=AXIS2_PLACEMENT_3D('',#7405,#6163,#6164);
#5310=AXIS2_PLACEMENT_3D('',#7407,#6166,#6167);
#5311=AXIS2_PLACEMENT_3D('',#7411,#6169,#6170);
#5312=AXIS2_PLACEMENT_3D('',#7416,#6173,#6174);
#5313=AXIS2_PLACEMENT_3D('',#7419,#6176,#6177);
#5314=AXIS2_PLACEMENT_3D('',#7422,#6179,#6180);
#5315=AXIS2_PLACEMENT_3D('',#7424,#6182,#6183);
#5316=AXIS2_PLACEMENT_3D('',#7428,#6185,#6186);
#5317=AXIS2_PLACEMENT_3D('',#7433,#6189,#6190);
#5318=AXIS2_PLACEMENT_3D('',#7436,#6192,#6193);
#5319=AXIS2_PLACEMENT_3D('',#7439,#6195,#6196);
#5320=AXIS2_PLACEMENT_3D('',#7441,#6198,#6199);
#5321=AXIS2_PLACEMENT_3D('',#7449,#6203,#6204);
#5322=AXIS2_PLACEMENT_3D('',#7450,#6205,#6206);
#5323=AXIS2_PLACEMENT_3D('',#7455,#6209,#6210);
#5324=AXIS2_PLACEMENT_3D('',#7456,#6211,#6212);
#5325=AXIS2_PLACEMENT_3D('',#7458,#6214,#6215);
#5326=AXIS2_PLACEMENT_3D('',#7466,#6219,#6220);
#5327=AXIS2_PLACEMENT_3D('',#7467,#6221,#6222);
#5328=AXIS2_PLACEMENT_3D('',#7472,#6225,#6226);
#5329=AXIS2_PLACEMENT_3D('',#7473,#6227,#6228);
#5330=AXIS2_PLACEMENT_3D('',#7475,#6230,#6231);
#5331=AXIS2_PLACEMENT_3D('',#7483,#6235,#6236);
#5332=AXIS2_PLACEMENT_3D('',#7484,#6237,#6238);
#5333=AXIS2_PLACEMENT_3D('',#7489,#6241,#6242);
#5334=AXIS2_PLACEMENT_3D('',#7490,#6243,#6244);
#5335=AXIS2_PLACEMENT_3D('',#7492,#6246,#6247);
#5336=AXIS2_PLACEMENT_3D('',#7500,#6251,#6252);
#5337=AXIS2_PLACEMENT_3D('',#7501,#6253,#6254);
#5338=AXIS2_PLACEMENT_3D('',#7506,#6257,#6258);
#5339=AXIS2_PLACEMENT_3D('',#7507,#6259,#6260);
#5340=AXIS2_PLACEMENT_3D('',#7509,#6262,#6263);
#5341=AXIS2_PLACEMENT_3D('',#7517,#6267,#6268);
#5342=AXIS2_PLACEMENT_3D('',#7518,#6269,#6270);
#5343=AXIS2_PLACEMENT_3D('',#7523,#6273,#6274);
#5344=AXIS2_PLACEMENT_3D('',#7524,#6275,#6276);
#5345=AXIS2_PLACEMENT_3D('',#7526,#6278,#6279);
#5346=AXIS2_PLACEMENT_3D('',#7532,#6282,#6283);
#5347=AXIS2_PLACEMENT_3D('',#7535,#6285,#6286);
#5348=AXIS2_PLACEMENT_3D('',#7538,#6288,#6289);
#5349=AXIS2_PLACEMENT_3D('',#7541,#6291,#6292);
#5350=AXIS2_PLACEMENT_3D('',#7543,#6294,#6295);
#5351=AXIS2_PLACEMENT_3D('',#7551,#6299,#6300);
#5352=AXIS2_PLACEMENT_3D('',#7552,#6301,#6302);
#5353=AXIS2_PLACEMENT_3D('',#7557,#6305,#6306);
#5354=AXIS2_PLACEMENT_3D('',#7558,#6307,#6308);
#5355=AXIS2_PLACEMENT_3D('',#7560,#6310,#6311);
#5356=AXIS2_PLACEMENT_3D('',#7566,#6314,#6315);
#5357=AXIS2_PLACEMENT_3D('',#7569,#6317,#6318);
#5358=AXIS2_PLACEMENT_3D('',#7572,#6320,#6321);
#5359=AXIS2_PLACEMENT_3D('',#7575,#6323,#6324);
#5360=AXIS2_PLACEMENT_3D('',#7577,#6326,#6327);
#5361=AXIS2_PLACEMENT_3D('',#7581,#6329,#6330);
#5362=AXIS2_PLACEMENT_3D('',#7586,#6333,#6334);
#5363=AXIS2_PLACEMENT_3D('',#7589,#6336,#6337);
#5364=AXIS2_PLACEMENT_3D('',#7592,#6339,#6340);
#5365=AXIS2_PLACEMENT_3D('',#7594,#6342,#6343);
#5366=AXIS2_PLACEMENT_3D('',#7598,#6345,#6346);
#5367=AXIS2_PLACEMENT_3D('',#7603,#6349,#6350);
#5368=AXIS2_PLACEMENT_3D('',#7606,#6352,#6353);
#5369=AXIS2_PLACEMENT_3D('',#7609,#6355,#6356);
#5370=AXIS2_PLACEMENT_3D('',#7611,#6358,#6359);
#5371=AXIS2_PLACEMENT_3D('',#7619,#6363,#6364);
#5372=AXIS2_PLACEMENT_3D('',#7620,#6365,#6366);
#5373=AXIS2_PLACEMENT_3D('',#7625,#6369,#6370);
#5374=AXIS2_PLACEMENT_3D('',#7626,#6371,#6372);
#5375=AXIS2_PLACEMENT_3D('',#7628,#6374,#6375);
#5376=AXIS2_PLACEMENT_3D('',#7636,#6379,#6380);
#5377=AXIS2_PLACEMENT_3D('',#7637,#6381,#6382);
#5378=AXIS2_PLACEMENT_3D('',#7642,#6385,#6386);
#5379=AXIS2_PLACEMENT_3D('',#7643,#6387,#6388);
#5380=AXIS2_PLACEMENT_3D('',#7645,#6390,#6391);
#5381=AXIS2_PLACEMENT_3D('',#7653,#6395,#6396);
#5382=AXIS2_PLACEMENT_3D('',#7654,#6397,#6398);
#5383=AXIS2_PLACEMENT_3D('',#7659,#6401,#6402);
#5384=AXIS2_PLACEMENT_3D('',#7660,#6403,#6404);
#5385=AXIS2_PLACEMENT_3D('',#7662,#6406,#6407);
#5386=AXIS2_PLACEMENT_3D('',#7670,#6411,#6412);
#5387=AXIS2_PLACEMENT_3D('',#7671,#6413,#6414);
#5388=AXIS2_PLACEMENT_3D('',#7676,#6417,#6418);
#5389=AXIS2_PLACEMENT_3D('',#7677,#6419,#6420);
#5390=AXIS2_PLACEMENT_3D('',#7679,#6422,#6423);
#5391=AXIS2_PLACEMENT_3D('',#7687,#6427,#6428);
#5392=AXIS2_PLACEMENT_3D('',#7688,#6429,#6430);
#5393=AXIS2_PLACEMENT_3D('',#7693,#6433,#6434);
#5394=AXIS2_PLACEMENT_3D('',#7694,#6435,#6436);
#5395=AXIS2_PLACEMENT_3D('',#7696,#6438,#6439);
#5396=AXIS2_PLACEMENT_3D('',#7704,#6443,#6444);
#5397=AXIS2_PLACEMENT_3D('',#7705,#6445,#6446);
#5398=AXIS2_PLACEMENT_3D('',#7710,#6449,#6450);
#5399=AXIS2_PLACEMENT_3D('',#7711,#6451,#6452);
#5400=AXIS2_PLACEMENT_3D('',#7713,#6454,#6455);
#5401=AXIS2_PLACEMENT_3D('',#7721,#6459,#6460);
#5402=AXIS2_PLACEMENT_3D('',#7722,#6461,#6462);
#5403=AXIS2_PLACEMENT_3D('',#7727,#6465,#6466);
#5404=AXIS2_PLACEMENT_3D('',#7728,#6467,#6468);
#5405=AXIS2_PLACEMENT_3D('',#7730,#6470,#6471);
#5406=AXIS2_PLACEMENT_3D('',#7738,#6475,#6476);
#5407=AXIS2_PLACEMENT_3D('',#7739,#6477,#6478);
#5408=AXIS2_PLACEMENT_3D('',#7744,#6481,#6482);
#5409=AXIS2_PLACEMENT_3D('',#7745,#6483,#6484);
#5410=AXIS2_PLACEMENT_3D('',#7747,#6486,#6487);
#5411=AXIS2_PLACEMENT_3D('',#7755,#6491,#6492);
#5412=AXIS2_PLACEMENT_3D('',#7756,#6493,#6494);
#5413=AXIS2_PLACEMENT_3D('',#7761,#6497,#6498);
#5414=AXIS2_PLACEMENT_3D('',#7762,#6499,#6500);
#5415=AXIS2_PLACEMENT_3D('',#7764,#6502,#6503);
#5416=AXIS2_PLACEMENT_3D('',#7794,#6531,#6532);
#5417=AXIS2_PLACEMENT_3D('',#7798,#6535,#6536);
#5418=AXIS2_PLACEMENT_3D('',#7804,#6540,#6541);
#5419=AXIS2_PLACEMENT_3D('',#7810,#6545,#6546);
#5420=AXIS2_PLACEMENT_3D('',#7817,#6551,#6552);
#5421=AXIS2_PLACEMENT_3D('',#7821,#6555,#6556);
#5422=AXIS2_PLACEMENT_3D('',#7825,#6559,#6560);
#5423=AXIS2_PLACEMENT_3D('',#7826,#6561,#6562);
#5424=AXIS2_PLACEMENT_3D('',#7828,#6563,#6564);
#5425=AXIS2_PLACEMENT_3D('',#7830,#6565,#6566);
#5426=AXIS2_PLACEMENT_3D('',#7832,#6568,#6569);
#5427=AXIS2_PLACEMENT_3D('',#7833,#6570,#6571);
#5428=AXIS2_PLACEMENT_3D('',#7835,#6572,#6573);
#5429=AXIS2_PLACEMENT_3D('',#7836,#6574,#6575);
#5430=AXIS2_PLACEMENT_3D('',#7837,#6576,#6577);
#5431=AXIS2_PLACEMENT_3D('',#7838,#6578,#6579);
#5432=AXIS2_PLACEMENT_3D('',#7839,#6580,#6581);
#5433=AXIS2_PLACEMENT_3D('',#7840,#6582,#6583);
#5434=AXIS2_PLACEMENT_3D('',#7841,#6584,#6585);
#5435=AXIS2_PLACEMENT_3D('',#7842,#6586,#6587);
#5436=AXIS2_PLACEMENT_3D('',#7843,#6588,#6589);
#5437=AXIS2_PLACEMENT_3D('',#7844,#6590,#6591);
#5438=AXIS2_PLACEMENT_3D('',#7845,#6592,#6593);
#5439=AXIS2_PLACEMENT_3D('',#7846,#6594,#6595);
#5440=AXIS2_PLACEMENT_3D('',#7847,#6596,#6597);
#5441=AXIS2_PLACEMENT_3D('',#7848,#6598,#6599);
#5442=AXIS2_PLACEMENT_3D('',#7849,#6600,#6601);
#5443=AXIS2_PLACEMENT_3D('',#7850,#6602,#6603);
#5444=AXIS2_PLACEMENT_3D('',#7851,#6604,#6605);
#5445=AXIS2_PLACEMENT_3D('',#7852,#6606,#6607);
#5446=AXIS2_PLACEMENT_3D('',#7853,#6608,#6609);
#5447=AXIS2_PLACEMENT_3D('',#7854,#6610,#6611);
#5448=AXIS2_PLACEMENT_3D('',#7855,#6612,#6613);
#5449=AXIS2_PLACEMENT_3D('',#7856,#6614,#6615);
#5450=AXIS2_PLACEMENT_3D('',#7857,#6616,#6617);
#5451=AXIS2_PLACEMENT_3D('',#7858,#6618,#6619);
#5452=AXIS2_PLACEMENT_3D('',#7859,#6620,#6621);
#5453=AXIS2_PLACEMENT_3D('',#7860,#6622,#6623);
#5454=AXIS2_PLACEMENT_3D('',#7861,#6624,#6625);
#5455=AXIS2_PLACEMENT_3D('',#7862,#6626,#6627);
#5456=AXIS2_PLACEMENT_3D('',#7863,#6628,#6629);
#5457=AXIS2_PLACEMENT_3D('',#7864,#6630,#6631);
#5458=AXIS2_PLACEMENT_3D('',#7865,#6632,#6633);
#5459=AXIS2_PLACEMENT_3D('',#7866,#6634,#6635);
#5460=AXIS2_PLACEMENT_3D('',#7867,#6636,#6637);
#5461=AXIS2_PLACEMENT_3D('',#7869,#6638,#6639);
#5462=AXIS2_PLACEMENT_3D('',#7871,#6640,#6641);
#5463=AXIS2_PLACEMENT_3D('',#7872,#6642,#6643);
#5464=AXIS2_PLACEMENT_3D('',#7874,#6644,#6645);
#5465=AXIS2_PLACEMENT_3D('',#7876,#6646,#6647);
#5466=AXIS2_PLACEMENT_3D('',#7877,#6648,#6649);
#5467=AXIS2_PLACEMENT_3D('',#7878,#6650,#6651);
#5468=AXIS2_PLACEMENT_3D('',#7879,#6652,#6653);
#5469=AXIS2_PLACEMENT_3D('',#7880,#6654,#6655);
#5470=AXIS2_PLACEMENT_3D('',#7885,#6657,#6658);
#5471=AXIS2_PLACEMENT_3D('',#7888,#6660,#6661);
#5472=AXIS2_PLACEMENT_3D('',#7894,#6665,#6666);
#5473=AXIS2_PLACEMENT_3D('',#7900,#6670,#6671);
#5474=AXIS2_PLACEMENT_3D('',#7906,#6675,#6676);
#5475=AXIS2_PLACEMENT_3D('',#7907,#6677,#6678);
#5476=AXIS2_PLACEMENT_3D('',#7909,#6679,#6680);
#5477=AXIS2_PLACEMENT_3D('',#7912,#6682,#6683);
#5478=AXIS2_PLACEMENT_3D('',#7918,#6687,#6688);
#5479=AXIS2_PLACEMENT_3D('',#7921,#6691,#6692);
#5480=AXIS2_PLACEMENT_3D('',#7922,#6693,#6694);
#5481=AXIS2_PLACEMENT_3D('',#7923,#6695,#6696);
#5482=AXIS2_PLACEMENT_3D('',#7924,#6697,#6698);
#5483=AXIS2_PLACEMENT_3D('',#7925,#6699,#6700);
#5484=AXIS2_PLACEMENT_3D('',#7927,#6701,#6702);
#5485=AXIS2_PLACEMENT_3D('',#7929,#6703,#6704);
#5486=AXIS2_PLACEMENT_3D('',#7930,#6705,#6706);
#5487=AXIS2_PLACEMENT_3D('',#7932,#6707,#6708);
#5488=AXIS2_PLACEMENT_3D('',#7934,#6709,#6710);
#5489=AXIS2_PLACEMENT_3D('',#7935,#6711,#6712);
#5490=DIRECTION('',(0.,0.,1.));
#5491=DIRECTION('',(1.,0.,0.));
#5492=DIRECTION('',(1.,0.,0.));
#5493=DIRECTION('',(0.,-1.,0.));
#5494=DIRECTION('',(0.,0.,1.));
#5495=DIRECTION('',(0.,-1.,0.));
#5496=DIRECTION('',(0.,0.,1.));
#5497=DIRECTION('',(0.,-1.,0.));
#5498=DIRECTION('',(0.,0.,1.));
#5499=DIRECTION('',(0.,-1.,0.));
#5500=DIRECTION('',(-1.,0.,0.));
#5501=DIRECTION('',(0.,-1.,0.));
#5502=DIRECTION('',(-1.,0.,0.));
#5503=DIRECTION('',(1.,0.,0.));
#5504=DIRECTION('',(0.,-1.,0.));
#5505=DIRECTION('',(0.,0.,1.));
#5506=DIRECTION('',(0.,-1.,0.));
#5507=DIRECTION('',(0.,0.,1.));
#5508=DIRECTION('',(0.,0.,1.));
#5509=DIRECTION('',(0.,-1.,0.));
#5510=DIRECTION('',(-1.,0.,0.));
#5511=DIRECTION('',(-1.,0.,0.));
#5512=DIRECTION('',(0.,1.,0.));
#5513=DIRECTION('',(1.,0.,0.));
#5514=DIRECTION('',(0.,1.,0.));
#5515=DIRECTION('',(1.,0.,0.));
#5516=DIRECTION('',(0.,0.,1.));
#5517=DIRECTION('',(1.,0.,0.));
#5518=DIRECTION('',(0.,1.,0.));
#5519=DIRECTION('',(1.,0.,0.));
#5520=DIRECTION('',(-1.,0.,0.));
#5521=DIRECTION('',(0.,0.,1.));
#5522=DIRECTION('',(-1.,0.,0.));
#5523=DIRECTION('',(0.,0.,1.));
#5524=DIRECTION('',(0.,-0.995433978849263,0.0954525733143129));
#5525=DIRECTION('',(0.,-0.0954525733143129,-0.995433978849264));
#5526=DIRECTION('',(0.,-0.0954525733143129,-0.995433978849263));
#5527=DIRECTION('',(0.,-0.995433978849263,0.0954525733143129));
#5528=DIRECTION('',(0.,-0.0954525733143129,-0.995433978849264));
#5529=DIRECTION('',(1.,0.,0.));
#5530=DIRECTION('',(0.,-0.995433978849263,0.0954525733143129));
#5531=DIRECTION('',(0.,0.0954525733143129,0.995433978849264));
#5532=DIRECTION('',(0.,-0.0954525733143129,-0.995433978849263));
#5533=DIRECTION('',(0.,-0.995433978849263,0.0954525733143129));
#5534=DIRECTION('',(0.,-0.0954525733143129,-0.995433978849264));
#5535=DIRECTION('',(1.,0.,0.));
#5536=DIRECTION('',(0.,-1.,0.));
#5537=DIRECTION('',(-1.,0.,0.));
#5538=DIRECTION('',(0.,1.,0.));
#5539=DIRECTION('',(1.,0.,0.));
#5540=DIRECTION('',(0.,-1.,0.));
#5541=DIRECTION('',(0.,-1.,0.));
#5542=DIRECTION('',(0.681347873570754,-0.731959749699812,0.));
#5543=DIRECTION('',(-0.731959749699813,-0.681347873570754,0.));
#5544=DIRECTION('',(-0.731959749699813,-0.681347873570754,0.));
#5545=DIRECTION('',(0.681347873570754,-0.731959749699812,0.));
#5546=DIRECTION('',(-0.731959749699813,-0.681347873570754,0.));
#5547=DIRECTION('',(-0.731959749699813,-0.681347873570754,0.));
#5548=DIRECTION('',(0.,0.,-1.));
#5549=DIRECTION('',(-0.680831677874468,-0.732439913168743,0.));
#5550=DIRECTION('',(-0.732439913168743,0.680831677874468,0.));
#5551=DIRECTION('',(-0.732439913168743,0.680831677874469,0.));
#5552=DIRECTION('',(-0.680831677874468,-0.732439913168743,0.));
#5553=DIRECTION('',(0.732439913168743,-0.680831677874468,0.));
#5554=DIRECTION('',(-0.732439913168743,0.680831677874468,0.));
#5555=DIRECTION('',(0.,0.,1.));
#5556=DIRECTION('',(1.,0.,0.));
#5557=DIRECTION('',(0.,1.,0.));
#5558=DIRECTION('',(-0.681347873570752,0.731959749699814,0.));
#5559=DIRECTION('',(0.731959749699814,0.681347873570752,0.));
#5560=DIRECTION('',(0.731959749699814,0.681347873570752,0.));
#5561=DIRECTION('',(-0.681347873570752,0.731959749699814,0.));
#5562=DIRECTION('',(0.731959749699814,0.681347873570752,0.));
#5563=DIRECTION('',(0.731959749699814,0.681347873570752,0.));
#5564=DIRECTION('',(0.,0.,-1.));
#5565=DIRECTION('',(-0.680831677874478,-0.732439913168734,0.));
#5566=DIRECTION('',(-0.732439913168734,0.680831677874479,0.));
#5567=DIRECTION('',(-0.732439913168734,0.680831677874479,0.));
#5568=DIRECTION('',(-0.680831677874478,-0.732439913168734,0.));
#5569=DIRECTION('',(0.732439913168734,-0.680831677874479,0.));
#5570=DIRECTION('',(-0.732439913168734,0.680831677874479,0.));
#5571=DIRECTION('',(0.,0.,1.));
#5572=DIRECTION('',(1.,0.,0.));
#5573=DIRECTION('',(1.,-9.40769148004741E-15,0.));
#5574=DIRECTION('',(-0.680831677874469,-0.732439913168743,0.));
#5575=DIRECTION('',(-0.732439913168743,0.680831677874469,0.));
#5576=DIRECTION('',(-0.732439913168743,0.680831677874469,0.));
#5577=DIRECTION('',(-0.680831677874469,-0.732439913168743,0.));
#5578=DIRECTION('',(-0.732439913168743,0.680831677874469,0.));
#5579=DIRECTION('',(-0.732439913168743,0.680831677874469,0.));
#5580=DIRECTION('',(0.,0.,-1.));
#5581=DIRECTION('',(0.68031697303911,-0.732918014647547,0.));
#5582=DIRECTION('',(-0.732918014647547,-0.68031697303911,0.));
#5583=DIRECTION('',(-0.732918014647547,-0.68031697303911,0.));
#5584=DIRECTION('',(0.68031697303911,-0.732918014647547,0.));
#5585=DIRECTION('',(0.732918014647547,0.68031697303911,0.));
#5586=DIRECTION('',(-0.732918014647547,-0.68031697303911,0.));
#5587=DIRECTION('',(0.,0.,1.));
#5588=DIRECTION('',(1.,0.,0.));
#5589=DIRECTION('',(0.,1.,0.));
#5590=DIRECTION('',(-0.680831677874468,-0.732439913168743,0.));
#5591=DIRECTION('',(-0.732439913168743,0.680831677874468,0.));
#5592=DIRECTION('',(-0.732439913168743,0.680831677874468,0.));
#5593=DIRECTION('',(-0.680831677874468,-0.732439913168743,0.));
#5594=DIRECTION('',(-0.732439913168743,0.680831677874468,0.));
#5595=DIRECTION('',(-0.732439913168743,0.680831677874468,0.));
#5596=DIRECTION('',(0.,0.,-1.));
#5597=DIRECTION('',(-0.681347873570798,0.731959749699772,0.));
#5598=DIRECTION('',(0.731959749699772,0.681347873570798,0.));
#5599=DIRECTION('',(0.731959749699772,0.681347873570798,0.));
#5600=DIRECTION('',(0.731959749699772,0.681347873570798,0.));
#5601=DIRECTION('',(0.,0.,-1.));
#5602=DIRECTION('',(0.682377424333443,-0.7310000347196,0.));
#5603=DIRECTION('',(-0.7310000347196,-0.682377424333443,0.));
#5604=DIRECTION('',(-0.7310000347196,-0.682377424333443,0.));
#5605=DIRECTION('',(0.682377424333443,-0.7310000347196,0.));
#5606=DIRECTION('',(-0.7310000347196,-0.682377424333443,0.));
#5607=DIRECTION('',(-0.7310000347196,-0.682377424333443,0.));
#5608=DIRECTION('',(0.,0.,1.));
#5609=DIRECTION('',(1.,0.,0.));
#5610=DIRECTION('',(0.99999900159746,0.00141308318382482,0.));
#5611=DIRECTION('',(-0.681347873570802,-0.731959749699767,0.));
#5612=DIRECTION('',(-0.731959749699767,0.681347873570802,0.));
#5613=DIRECTION('',(0.,0.,-1.));
#5614=DIRECTION('',(-0.731959749699767,0.681347873570802,0.));
#5615=DIRECTION('',(0.,0.,-1.));
#5616=DIRECTION('',(-0.731959749699767,0.681347873570802,0.));
#5617=DIRECTION('',(0.68083167787447,-0.732439913168741,0.));
#5618=DIRECTION('',(-0.732439913168741,-0.68083167787447,0.));
#5619=DIRECTION('',(-0.732439913168741,-0.68083167787447,0.));
#5620=DIRECTION('',(0.68083167787447,-0.732439913168741,0.));
#5621=DIRECTION('',(-0.732439913168741,-0.68083167787447,0.));
#5622=DIRECTION('',(-0.732439913168741,-0.68083167787447,0.));
#5623=DIRECTION('',(0.682377424333443,0.7310000347196,0.));
#5624=DIRECTION('',(0.7310000347196,-0.682377424333443,0.));
#5625=DIRECTION('',(0.7310000347196,-0.682377424333443,0.));
#5626=DIRECTION('',(0.682377424333443,0.7310000347196,0.));
#5627=DIRECTION('',(-0.7310000347196,0.682377424333443,0.));
#5628=DIRECTION('',(0.7310000347196,-0.682377424333443,0.));
#5629=DIRECTION('',(0.,0.,1.));
#5630=DIRECTION('',(1.,0.,0.));
#5631=DIRECTION('',(-0.99999900159746,0.00141308318382459,0.));
#5632=DIRECTION('',(0.681347873570754,0.731959749699812,0.));
#5633=DIRECTION('',(0.731959749699812,-0.681347873570754,0.));
#5634=DIRECTION('',(0.731959749699812,-0.681347873570754,0.));
#5635=DIRECTION('',(0.681347873570754,0.731959749699812,0.));
#5636=DIRECTION('',(0.731959749699812,-0.681347873570754,0.));
#5637=DIRECTION('',(0.731959749699812,-0.681347873570754,0.));
#5638=DIRECTION('',(0.,0.,-1.));
#5639=DIRECTION('',(-0.680831677874478,0.732439913168734,0.));
#5640=DIRECTION('',(0.732439913168734,0.680831677874478,0.));
#5641=DIRECTION('',(0.732439913168734,0.680831677874478,0.));
#5642=DIRECTION('',(-0.680831677874478,0.732439913168734,0.));
#5643=DIRECTION('',(0.732439913168734,0.680831677874478,0.));
#5644=DIRECTION('',(0.732439913168734,0.680831677874478,0.));
#5645=DIRECTION('',(0.,0.,1.));
#5646=DIRECTION('',(1.,0.,0.));
#5647=DIRECTION('',(-1.,-9.70634835242987E-15,0.));
#5648=DIRECTION('',(-0.680831677874469,0.732439913168743,0.));
#5649=DIRECTION('',(0.732439913168743,0.680831677874469,0.));
#5650=DIRECTION('',(0.732439913168743,0.680831677874469,0.));
#5651=DIRECTION('',(-0.680831677874469,0.732439913168743,0.));
#5652=DIRECTION('',(-0.732439913168743,-0.680831677874469,0.));
#5653=DIRECTION('',(0.732439913168743,0.680831677874469,0.));
#5654=DIRECTION('',(0.,0.,-1.));
#5655=DIRECTION('',(0.68031697303911,0.732918014647547,0.));
#5656=DIRECTION('',(0.732918014647547,-0.680316973039111,0.));
#5657=DIRECTION('',(0.732918014647547,-0.680316973039111,0.));
#5658=DIRECTION('',(0.68031697303911,0.732918014647547,0.));
#5659=DIRECTION('',(0.732918014647547,-0.680316973039111,0.));
#5660=DIRECTION('',(0.732918014647547,-0.680316973039111,0.));
#5661=DIRECTION('',(0.,0.,1.));
#5662=DIRECTION('',(1.,0.,0.));
#5663=DIRECTION('',(0.,1.,0.));
#5664=DIRECTION('',(-0.680831677874468,0.732439913168743,0.));
#5665=DIRECTION('',(0.732439913168743,0.680831677874468,0.));
#5666=DIRECTION('',(0.732439913168743,0.680831677874468,0.));
#5667=DIRECTION('',(-0.680831677874468,0.732439913168743,0.));
#5668=DIRECTION('',(0.732439913168743,0.680831677874468,0.));
#5669=DIRECTION('',(0.732439913168743,0.680831677874468,0.));
#5670=DIRECTION('',(0.,0.,-1.));
#5671=DIRECTION('',(0.681347873570754,0.731959749699812,0.));
#5672=DIRECTION('',(0.731959749699812,-0.681347873570754,0.));
#5673=DIRECTION('',(0.731959749699812,-0.681347873570754,0.));
#5674=DIRECTION('',(0.681347873570754,0.731959749699812,0.));
#5675=DIRECTION('',(-0.731959749699812,0.681347873570754,0.));
#5676=DIRECTION('',(0.731959749699812,-0.681347873570754,0.));
#5677=DIRECTION('',(0.,0.,1.));
#5678=DIRECTION('',(1.,0.,0.));
#5679=DIRECTION('',(0.,1.,0.));
#5680=DIRECTION('',(-0.680702148285617,-0.732560294664778,0.));
#5681=DIRECTION('',(-0.732560294664778,0.680702148285617,0.));
#5682=DIRECTION('',(-0.732560294664778,0.680702148285617,0.));
#5683=DIRECTION('',(-0.680702148285617,-0.732560294664778,0.));
#5684=DIRECTION('',(-0.732560294664778,0.680702148285617,0.));
#5685=DIRECTION('',(-0.732560294664778,0.680702148285617,0.));
#5686=DIRECTION('',(0.,0.,-1.));
#5687=DIRECTION('',(0.680446565890388,-0.732797701257296,0.));
#5688=DIRECTION('',(-0.732797701257296,-0.680446565890388,0.));
#5689=DIRECTION('',(-0.732797701257296,-0.680446565890388,0.));
#5690=DIRECTION('',(0.680446565890388,-0.732797701257296,0.));
#5691=DIRECTION('',(0.732797701257296,0.680446565890388,0.));
#5692=DIRECTION('',(-0.732797701257296,-0.680446565890388,0.));
#5693=DIRECTION('',(0.,0.,1.));
#5694=DIRECTION('',(1.,0.,0.));
#5695=DIRECTION('',(-0.000176832176741973,0.999999984365191,0.));
#5696=DIRECTION('',(-0.680702148285626,-0.73256029466477,0.));
#5697=DIRECTION('',(-0.73256029466477,0.680702148285626,0.));
#5698=DIRECTION('',(-0.73256029466477,0.680702148285626,0.));
#5699=DIRECTION('',(-0.680702148285626,-0.73256029466477,0.));
#5700=DIRECTION('',(0.73256029466477,-0.680702148285626,0.));
#5701=DIRECTION('',(-0.73256029466477,0.680702148285626,0.));
#5702=DIRECTION('',(0.,0.,-1.));
#5703=DIRECTION('',(-0.68147729695383,0.731839254028165,0.));
#5704=DIRECTION('',(0.731839254028165,0.68147729695383,0.));
#5705=DIRECTION('',(0.731839254028165,0.68147729695383,0.));
#5706=DIRECTION('',(-0.68147729695383,0.731839254028165,0.));
#5707=DIRECTION('',(0.731839254028165,0.68147729695383,0.));
#5708=DIRECTION('',(0.731839254028165,0.68147729695383,0.));
#5709=DIRECTION('',(0.,0.,1.));
#5710=DIRECTION('',(1.,0.,0.));
#5711=DIRECTION('',(0.999999984365191,0.00017683217673318,0.));
#5712=DIRECTION('',(0.680702148285613,0.732560294664781,0.));
#5713=DIRECTION('',(0.732560294664781,-0.680702148285613,0.));
#5714=DIRECTION('',(0.732560294664781,-0.680702148285613,0.));
#5715=DIRECTION('',(0.680702148285613,0.732560294664781,0.));
#5716=DIRECTION('',(-0.732560294664781,0.680702148285613,0.));
#5717=DIRECTION('',(0.732560294664781,-0.680702148285613,0.));
#5718=DIRECTION('',(0.,0.,-1.));
#5719=DIRECTION('',(-0.681477296953891,0.731839254028108,0.));
#5720=DIRECTION('',(0.731839254028108,0.681477296953891,0.));
#5721=DIRECTION('',(0.731839254028108,0.681477296953891,0.));
#5722=DIRECTION('',(0.731839254028108,0.681477296953891,0.));
#5723=DIRECTION('',(0.,0.,-1.));
#5724=DIRECTION('',(0.682506677991941,-0.730879357005248,0.));
#5725=DIRECTION('',(-0.730879357005248,-0.682506677991941,0.));
#5726=DIRECTION('',(-0.730879357005248,-0.682506677991941,0.));
#5727=DIRECTION('',(0.682506677991941,-0.730879357005248,0.));
#5728=DIRECTION('',(-0.730879357005248,-0.682506677991941,0.));
#5729=DIRECTION('',(-0.730879357005248,-0.682506677991941,0.));
#5730=DIRECTION('',(0.,0.,1.));
#5731=DIRECTION('',(1.,0.,0.));
#5732=DIRECTION('',(0.99999873608409,0.00158991516192452,0.));
#5733=DIRECTION('',(0.681477296953837,-0.731839254028159,0.));
#5734=DIRECTION('',(-0.731839254028159,-0.681477296953837,0.));
#5735=DIRECTION('',(-0.731839254028159,-0.681477296953837,0.));
#5736=DIRECTION('',(0.681477296953837,-0.731839254028159,0.));
#5737=DIRECTION('',(-0.731839254028159,-0.681477296953837,0.));
#5738=DIRECTION('',(-0.731839254028159,-0.681477296953837,0.));
#5739=DIRECTION('',(0.,0.,-1.));
#5740=DIRECTION('',(-0.680702148285616,-0.732560294664778,0.));
#5741=DIRECTION('',(-0.732560294664778,0.680702148285616,0.));
#5742=DIRECTION('',(-0.732560294664779,0.680702148285616,0.));
#5743=DIRECTION('',(-0.680702148285616,-0.732560294664778,0.));
#5744=DIRECTION('',(0.732560294664778,-0.680702148285616,0.));
#5745=DIRECTION('',(-0.732560294664778,0.680702148285616,0.));
#5746=DIRECTION('',(0.,0.,1.));
#5747=DIRECTION('',(1.,0.,0.));
#5748=DIRECTION('',(-0.000176832176742707,0.999999984365191,0.));
#5749=DIRECTION('',(0.680572597411467,0.732680653253932,0.));
#5750=DIRECTION('',(0.732680653253933,-0.680572597411467,0.));
#5751=DIRECTION('',(0.732680653253933,-0.680572597411467,0.));
#5752=DIRECTION('',(0.680572597411467,0.732680653253932,0.));
#5753=DIRECTION('',(-0.732680653253933,0.680572597411467,0.));
#5754=DIRECTION('',(0.732680653253933,-0.680572597411467,0.));
#5755=DIRECTION('',(0.,0.,-1.));
#5756=DIRECTION('',(-0.681606699027441,0.731718735472118,0.));
#5757=DIRECTION('',(0.731718735472118,0.681606699027441,0.));
#5758=DIRECTION('',(0.731718735472118,0.681606699027441,0.));
#5759=DIRECTION('',(0.731718735472118,0.681606699027441,0.));
#5760=DIRECTION('',(0.,0.,-1.));
#5761=DIRECTION('',(0.682635910308714,-0.730758656436578,0.));
#5762=DIRECTION('',(-0.730758656436578,-0.682635910308714,0.));
#5763=DIRECTION('',(-0.730758656436578,-0.682635910308714,0.));
#5764=DIRECTION('',(0.682635910308714,-0.730758656436578,0.));
#5765=DIRECTION('',(-0.730758656436578,-0.682635910308714,0.));
#5766=DIRECTION('',(-0.730758656436578,-0.682635910308714,0.));
#5767=DIRECTION('',(0.,0.,1.));
#5768=DIRECTION('',(1.,0.,0.));
#5769=DIRECTION('',(0.999998439301142,0.00176674709030812,0.));
#5770=DIRECTION('',(0.680961186173974,-0.73231950876959,0.));
#5771=DIRECTION('',(-0.732319508769591,-0.680961186173974,0.));
#5772=DIRECTION('',(-0.732319508769591,-0.680961186173974,0.));
#5773=DIRECTION('',(0.680961186173974,-0.73231950876959,0.));
#5774=DIRECTION('',(-0.732319508769591,-0.680961186173974,0.));
#5775=DIRECTION('',(-0.732319508769591,-0.680961186173974,0.));
#5776=DIRECTION('',(0.,0.,-1.));
#5777=DIRECTION('',(0.682248149337264,0.731120689575859,0.));
#5778=DIRECTION('',(0.731120689575859,-0.682248149337264,0.));
#5779=DIRECTION('',(0.731120689575859,-0.682248149337264,0.));
#5780=DIRECTION('',(0.682248149337264,0.731120689575859,0.));
#5781=DIRECTION('',(-0.731120689575859,0.682248149337264,0.));
#5782=DIRECTION('',(0.731120689575858,-0.682248149337264,0.));
#5783=DIRECTION('',(0.,0.,-1.));
#5784=DIRECTION('',(-0.681218428882235,-0.732080222483315,0.));
#5785=DIRECTION('',(-0.732080222483315,0.681218428882235,0.));
#5786=DIRECTION('',(-0.732080222483315,0.681218428882235,0.));
#5787=DIRECTION('',(-0.732080222483315,0.681218428882235,0.));
#5788=DIRECTION('',(0.,0.,1.));
#5789=DIRECTION('',(1.,0.,0.));
#5790=DIRECTION('',(-0.999999235841241,0.00123625116153835,0.));
#5791=DIRECTION('',(0.681090673180057,-0.73219908147111,0.));
#5792=DIRECTION('',(-0.73219908147111,-0.681090673180057,0.));
#5793=DIRECTION('',(-0.73219908147111,-0.681090673180057,0.));
#5794=DIRECTION('',(0.681090673180057,-0.73219908147111,0.));
#5795=DIRECTION('',(-0.73219908147111,-0.681090673180057,0.));
#5796=DIRECTION('',(-0.73219908147111,-0.681090673180057,0.));
#5797=DIRECTION('',(0.,0.,-1.));
#5798=DIRECTION('',(0.682118853007444,0.731241321570252,0.));
#5799=DIRECTION('',(0.731241321570252,-0.682118853007445,0.));
#5800=DIRECTION('',(0.731241321570252,-0.682118853007445,0.));
#5801=DIRECTION('',(0.682118853007444,0.731241321570252,0.));
#5802=DIRECTION('',(-0.731241321570252,0.682118853007445,0.));
#5803=DIRECTION('',(0.731241321570252,-0.682118853007445,0.));
#5804=DIRECTION('',(0.,0.,-1.));
#5805=DIRECTION('',(-0.681088962892224,-0.732200672374995,0.));
#5806=DIRECTION('',(-0.732200672374995,0.681088962892224,0.));
#5807=DIRECTION('',(-0.732200672374995,0.681088962892224,0.));
#5808=DIRECTION('',(-0.732200672374995,0.681088962892224,0.));
#5809=DIRECTION('',(0.,0.,1.));
#5810=DIRECTION('',(1.,0.,0.));
#5811=DIRECTION('',(-0.999999438815427,0.00105941910059499,0.));
#5812=DIRECTION('',(-0.681606699027388,0.731718735472168,0.));
#5813=DIRECTION('',(0.731718735472168,0.681606699027388,0.));
#5814=DIRECTION('',(0.731718735472168,0.681606699027388,0.));
#5815=DIRECTION('',(-0.681606699027388,0.731718735472168,0.));
#5816=DIRECTION('',(0.731718735472168,0.681606699027388,0.));
#5817=DIRECTION('',(0.731718735472168,0.681606699027388,0.));
#5818=DIRECTION('',(0.,0.,-1.));
#5819=DIRECTION('',(-0.680572597411476,-0.732680653253924,0.));
#5820=DIRECTION('',(-0.732680653253924,0.680572597411476,0.));
#5821=DIRECTION('',(-0.732680653253924,0.680572597411476,0.));
#5822=DIRECTION('',(-0.680572597411476,-0.732680653253924,0.));
#5823=DIRECTION('',(0.732680653253924,-0.680572597411476,0.));
#5824=DIRECTION('',(-0.732680653253924,0.680572597411476,0.));
#5825=DIRECTION('',(0.,0.,1.));
#5826=DIRECTION('',(1.,0.,0.));
#5827=DIRECTION('',(0.999999937460763,0.000353664347946435,0.));
#5828=DIRECTION('',(0.681218428882182,0.732080222483364,0.));
#5829=DIRECTION('',(0.732080222483364,-0.681218428882182,0.));
#5830=DIRECTION('',(0.732080222483364,-0.681218428882182,0.));
#5831=DIRECTION('',(0.681218428882182,0.732080222483364,0.));
#5832=DIRECTION('',(0.732080222483364,-0.681218428882182,0.));
#5833=DIRECTION('',(0.732080222483364,-0.681218428882182,0.));
#5834=DIRECTION('',(0.,0.,-1.));
#5835=DIRECTION('',(-0.680961186173984,0.732319508769582,0.));
#5836=DIRECTION('',(0.732319508769582,0.680961186173984,0.));
#5837=DIRECTION('',(0.732319508769582,0.680961186173984,0.));
#5838=DIRECTION('',(-0.680961186173984,0.732319508769582,0.));
#5839=DIRECTION('',(0.732319508769582,0.680961186173984,0.));
#5840=DIRECTION('',(0.732319508769582,0.680961186173984,0.));
#5841=DIRECTION('',(0.,0.,1.));
#5842=DIRECTION('',(1.,0.,0.));
#5843=DIRECTION('',(-0.999999984365191,-0.000176832176752369,0.));
#5844=DIRECTION('',(0.68108896289217,0.732200672375046,0.));
#5845=DIRECTION('',(0.732200672375046,-0.68108896289217,0.));
#5846=DIRECTION('',(0.732200672375046,-0.68108896289217,0.));
#5847=DIRECTION('',(0.68108896289217,0.732200672375046,0.));
#5848=DIRECTION('',(0.732200672375046,-0.68108896289217,0.));
#5849=DIRECTION('',(0.732200672375046,-0.68108896289217,0.));
#5850=DIRECTION('',(0.,0.,-1.));
#5851=DIRECTION('',(-0.681090673180092,0.732199081471078,0.));
#5852=DIRECTION('',(0.732199081471078,0.681090673180092,0.));
#5853=DIRECTION('',(0.732199081471077,0.681090673180092,0.));
#5854=DIRECTION('',(-0.681090673180092,0.732199081471078,0.));
#5855=DIRECTION('',(0.732199081471078,0.681090673180092,0.));
#5856=DIRECTION('',(0.732199081471078,0.681090673180092,0.));
#5857=DIRECTION('',(0.,0.,1.));
#5858=DIRECTION('',(1.,0.,0.));
#5859=DIRECTION('',(-0.999999937460763,-0.000353664347965549,0.));
#5860=DIRECTION('',(-0.680961186173974,0.73231950876959,0.));
#5861=DIRECTION('',(0.73231950876959,0.680961186173974,0.));
#5862=DIRECTION('',(0.73231950876959,0.680961186173974,0.));
#5863=DIRECTION('',(-0.680961186173974,0.73231950876959,0.));
#5864=DIRECTION('',(-0.73231950876959,-0.680961186173974,0.));
#5865=DIRECTION('',(0.73231950876959,0.680961186173974,0.));
#5866=DIRECTION('',(0.,0.,-1.));
#5867=DIRECTION('',(0.68018735891458,0.733038305119731,0.));
#5868=DIRECTION('',(0.733038305119731,-0.68018735891458,0.));
#5869=DIRECTION('',(0.733038305119732,-0.68018735891458,0.));
#5870=DIRECTION('',(0.68018735891458,0.733038305119731,0.));
#5871=DIRECTION('',(0.733038305119731,-0.68018735891458,0.));
#5872=DIRECTION('',(0.733038305119731,-0.68018735891458,0.));
#5873=DIRECTION('',(0.,0.,1.));
#5874=DIRECTION('',(1.,0.,0.));
#5875=DIRECTION('',(-0.000176832176748362,0.999999984365191,0.));
#5876=DIRECTION('',(-0.681090673180083,0.732199081471086,0.));
#5877=DIRECTION('',(0.732199081471086,0.681090673180083,0.));
#5878=DIRECTION('',(0.732199081471086,0.681090673180083,0.));
#5879=DIRECTION('',(-0.681090673180083,0.732199081471086,0.));
#5880=DIRECTION('',(-0.732199081471086,-0.681090673180083,0.));
#5881=DIRECTION('',(0.732199081471086,0.681090673180083,0.));
#5882=DIRECTION('',(0.,0.,-1.));
#5883=DIRECTION('',(0.68005772352085,0.733158572670087,0.));
#5884=DIRECTION('',(0.733158572670087,-0.68005772352085,0.));
#5885=DIRECTION('',(0.733158572670087,-0.68005772352085,0.));
#5886=DIRECTION('',(0.68005772352085,0.733158572670087,0.));
#5887=DIRECTION('',(0.733158572670087,-0.68005772352085,0.));
#5888=DIRECTION('',(0.733158572670087,-0.68005772352085,0.));
#5889=DIRECTION('',(0.,0.,1.));
#5890=DIRECTION('',(1.,0.,0.));
#5891=DIRECTION('',(-0.000353664347955998,0.999999937460763,0.));
#5892=DIRECTION('',(0.680576137464361,-0.73267736495274,0.));
#5893=DIRECTION('',(-0.73267736495274,-0.680576137464361,0.));
#5894=DIRECTION('',(-0.73267736495274,-0.680576137464361,0.));
#5895=DIRECTION('',(0.680576137464361,-0.73267736495274,0.));
#5896=DIRECTION('',(0.73267736495274,0.680576137464361,0.));
#5897=DIRECTION('',(-0.73267736495274,-0.680576137464361,0.));
#5898=DIRECTION('',(0.,0.,-1.));
#5899=DIRECTION('',(-0.680572597411467,-0.732680653253932,0.));
#5900=DIRECTION('',(-0.732680653253932,0.680572597411467,0.));
#5901=DIRECTION('',(-0.732680653253932,0.680572597411467,0.));
#5902=DIRECTION('',(-0.680572597411467,-0.732680653253932,0.));
#5903=DIRECTION('',(-0.732680653253932,0.680572597411467,0.));
#5904=DIRECTION('',(-0.732680653253932,0.680572597411467,0.));
#5905=DIRECTION('',(0.,0.,1.));
#5906=DIRECTION('',(1.,0.,0.));
#5907=DIRECTION('',(-0.000353664347956089,0.999999937460763,0.));
#5908=DIRECTION('',(0.681218428882182,0.732080222483364,0.));
#5909=DIRECTION('',(0.732080222483364,-0.681218428882182,0.));
#5910=DIRECTION('',(0.732080222483364,-0.681218428882182,0.));
#5911=DIRECTION('',(0.681218428882182,0.732080222483364,0.));
#5912=DIRECTION('',(-0.732080222483364,0.681218428882182,0.));
#5913=DIRECTION('',(0.732080222483364,-0.681218428882182,0.));
#5914=DIRECTION('',(0.,0.,-1.));
#5915=DIRECTION('',(-0.680961186173974,0.73231950876959,0.));
#5916=DIRECTION('',(0.73231950876959,0.680961186173974,0.));
#5917=DIRECTION('',(0.73231950876959,0.680961186173974,0.));
#5918=DIRECTION('',(-0.680961186173974,0.73231950876959,0.));
#5919=DIRECTION('',(0.732319508769591,0.680961186173974,0.));
#5920=DIRECTION('',(0.732319508769591,0.680961186173974,0.));
#5921=DIRECTION('',(0.,0.,1.));
#5922=DIRECTION('',(1.,0.,0.));
#5923=DIRECTION('',(-0.000176832176742707,0.999999984365191,0.));
#5924=DIRECTION('',(0.681606699027385,-0.73171873547217,0.));
#5925=DIRECTION('',(-0.731718735472171,-0.681606699027385,0.));
#5926=DIRECTION('',(-0.731718735472171,-0.681606699027385,0.));
#5927=DIRECTION('',(0.681606699027385,-0.73171873547217,0.));
#5928=DIRECTION('',(-0.731718735472171,-0.681606699027385,0.));
#5929=DIRECTION('',(-0.731718735472171,-0.681606699027385,0.));
#5930=DIRECTION('',(0.,0.,-1.));
#5931=DIRECTION('',(-0.680572597411467,-0.732680653253933,0.));
#5932=DIRECTION('',(-0.732680653253933,0.680572597411467,0.));
#5933=DIRECTION('',(-0.732680653253933,0.680572597411467,0.));
#5934=DIRECTION('',(-0.680572597411467,-0.732680653253933,0.));
#5935=DIRECTION('',(0.732680653253933,-0.680572597411467,0.));
#5936=DIRECTION('',(-0.732680653253933,0.680572597411467,0.));
#5937=DIRECTION('',(0.,0.,1.));
#5938=DIRECTION('',(1.,0.,0.));
#5939=DIRECTION('',(-0.000353664347955878,0.999999937460763,0.));
#5940=DIRECTION('',(0.68108896289217,0.732200672375046,0.));
#5941=DIRECTION('',(0.732200672375046,-0.68108896289217,0.));
#5942=DIRECTION('',(0.732200672375046,-0.68108896289217,0.));
#5943=DIRECTION('',(0.68108896289217,0.732200672375046,0.));
#5944=DIRECTION('',(-0.732200672375046,0.68108896289217,0.));
#5945=DIRECTION('',(0.732200672375046,-0.68108896289217,0.));
#5946=DIRECTION('',(0.,0.,-1.));
#5947=DIRECTION('',(-0.681090673180082,0.732199081471086,0.));
#5948=DIRECTION('',(0.732199081471086,0.681090673180082,0.));
#5949=DIRECTION('',(0.732199081471086,0.681090673180082,0.));
#5950=DIRECTION('',(-0.681090673180082,0.732199081471086,0.));
#5951=DIRECTION('',(0.732199081471086,0.681090673180082,0.));
#5952=DIRECTION('',(0.732199081471086,0.681090673180082,0.));
#5953=DIRECTION('',(0.,0.,1.));
#5954=DIRECTION('',(1.,0.,0.));
#5955=DIRECTION('',(-0.000353664347956079,0.999999937460763,0.));
#5956=DIRECTION('',(0.,0.,-1.));
#5957=DIRECTION('',(0.,1.,0.));
#5958=DIRECTION('',(0.,-1.,0.));
#5959=DIRECTION('',(-0.99999900159746,-0.00141308318382482,0.));
#5960=DIRECTION('',(0.,1.,0.));
#5961=DIRECTION('',(0.,-1.,0.));
#5962=DIRECTION('',(-0.99999900159746,0.00141308318382459,0.));
#5963=DIRECTION('',(0.,1.,0.));
#5964=DIRECTION('',(0.000176832176742707,-0.999999984365191,0.));
#5965=DIRECTION('',(-0.99999873608409,-0.00158991516192452,0.));
#5966=DIRECTION('',(-0.000176832176741973,0.999999984365191,0.));
#5967=DIRECTION('',(0.000176832176748362,-0.999999984365191,0.));
#5968=DIRECTION('',(-0.999999235841241,0.00123625116153835,0.));
#5969=DIRECTION('',(-0.000176832176742707,0.999999984365191,0.));
#5970=DIRECTION('',(0.000353664347955878,-0.999999937460763,0.));
#5971=DIRECTION('',(-0.999998439301142,-0.00176674709030812,0.));
#5972=DIRECTION('',(-0.000353664347956089,0.999999937460763,0.));
#5973=DIRECTION('',(0.000353664347955998,-0.999999937460763,0.));
#5974=DIRECTION('',(-0.999999438815427,0.00105941910059499,0.));
#5975=DIRECTION('',(-0.000353664347956079,0.999999937460763,0.));
#5976=DIRECTION('',(0.,-1.,0.));
#5977=DIRECTION('',(1.,0.,0.));
#5978=DIRECTION('',(0.,-1.,0.));
#5979=DIRECTION('',(0.999999937460763,0.000353664347965549,0.));
#5980=DIRECTION('',(0.999999984365191,0.000176832176752369,0.));
#5981=DIRECTION('',(0.999999937460763,0.000353664347946435,0.));
#5982=DIRECTION('',(1.,9.70634835242987E-15,0.));
#5983=DIRECTION('',(1.,-9.40769148004741E-15,0.));
#5984=DIRECTION('',(0.999999984365191,0.00017683217673318,0.));
#5985=DIRECTION('',(0.,1.,0.));
#5986=DIRECTION('',(1.,0.,0.));
#5987=DIRECTION('',(-1.,0.,0.));
#5988=DIRECTION('',(0.,0.,1.));
#5989=DIRECTION('',(1.,0.,0.));
#5990=DIRECTION('',(0.,-1.,0.));
#5991=DIRECTION('',(0.,-1.,0.));
#5992=DIRECTION('',(0.,-1.,0.));
#5993=DIRECTION('',(0.,0.,1.));
#5994=DIRECTION('',(0.,0.,1.));
#5995=DIRECTION('',(0.,-1.,0.));
#5996=DIRECTION('',(-1.,0.,0.));
#5997=DIRECTION('',(0.,-1.,0.));
#5998=DIRECTION('',(0.,-1.,0.));
#5999=DIRECTION('',(1.,0.,0.));
#6000=DIRECTION('',(0.,-1.,0.));
#6001=DIRECTION('',(0.,0.,1.));
#6002=DIRECTION('',(0.,-1.,0.));
#6003=DIRECTION('',(0.,-1.,0.));
#6004=DIRECTION('',(0.,0.,1.));
#6005=DIRECTION('',(0.,0.,1.));
#6006=DIRECTION('',(0.,-1.,0.));
#6007=DIRECTION('',(-1.,0.,0.));
#6008=DIRECTION('',(0.,-1.,0.));
#6009=DIRECTION('',(-1.,0.,0.));
#6010=DIRECTION('',(1.,0.,0.));
#6011=DIRECTION('',(0.,-1.,0.));
#6012=DIRECTION('',(0.,0.,1.));
#6013=DIRECTION('',(0.,-1.,0.));
#6014=DIRECTION('',(0.,0.,1.));
#6015=DIRECTION('',(0.,-1.,0.));
#6016=DIRECTION('',(-1.,0.,0.));
#6017=DIRECTION('',(0.,1.,0.));
#6018=DIRECTION('',(1.,0.,0.));
#6019=DIRECTION('',(0.,1.,0.));
#6020=DIRECTION('',(1.,0.,0.));
#6021=DIRECTION('',(0.,0.,1.));
#6022=DIRECTION('',(0.,-1.,0.));
#6023=DIRECTION('',(-1.,0.,0.));
#6024=DIRECTION('',(-1.,0.,0.));
#6025=DIRECTION('',(0.,-1.,0.));
#6026=DIRECTION('',(-1.,0.,0.));
#6027=DIRECTION('',(0.,-1.,0.));
#6028=DIRECTION('',(1.,0.,0.));
#6029=DIRECTION('',(0.,1.,0.));
#6030=DIRECTION('',(1.,0.,0.));
#6031=DIRECTION('',(0.,1.,0.));
#6032=DIRECTION('',(1.,0.,0.));
#6033=DIRECTION('',(0.,1.,0.));
#6034=DIRECTION('',(1.,0.,0.));
#6035=DIRECTION('',(0.,1.,0.));
#6036=DIRECTION('',(1.,0.,0.));
#6037=DIRECTION('',(0.,1.,0.));
#6038=DIRECTION('',(1.,0.,0.));
#6039=DIRECTION('',(0.,1.,0.));
#6040=DIRECTION('',(1.,0.,0.));
#6041=DIRECTION('',(0.,-1.,0.));
#6042=DIRECTION('',(-1.,0.,0.));
#6043=DIRECTION('',(1.,-9.40769148004741E-15,0.));
#6044=DIRECTION('',(-9.40769148004741E-15,-1.,0.));
#6045=DIRECTION('',(0.,1.,0.));
#6046=DIRECTION('',(1.,0.,0.));
#6047=DIRECTION('',(0.,-1.,0.));
#6048=DIRECTION('',(-1.,0.,0.));
#6049=DIRECTION('',(-0.99999900159746,-0.00141308318382482,0.));
#6050=DIRECTION('',(-0.00141308318382482,0.99999900159746,0.));
#6051=DIRECTION('',(-0.99999900159746,0.00141308318382459,0.));
#6052=DIRECTION('',(0.00141308318382459,0.99999900159746,0.));
#6053=DIRECTION('',(1.,9.70634835242987E-15,0.));
#6054=DIRECTION('',(9.70634835242987E-15,-1.,0.));
#6055=DIRECTION('',(0.,1.,0.));
#6056=DIRECTION('',(1.,0.,0.));
#6057=DIRECTION('',(0.000176832176742707,-0.999999984365191,0.));
#6058=DIRECTION('',(-0.999999984365191,-0.000176832176742707,0.));
#6059=DIRECTION('',(0.999999984365191,0.00017683217673318,0.));
#6060=DIRECTION('',(0.00017683217673318,-0.999999984365191,0.));
#6061=DIRECTION('',(-0.99999873608409,-0.00158991516192452,0.));
#6062=DIRECTION('',(-0.00158991516192452,0.99999873608409,0.));
#6063=DIRECTION('',(-0.000176832176741973,0.999999984365191,0.));
#6064=DIRECTION('',(0.999999984365191,0.000176832176741973,0.));
#6065=DIRECTION('',(-0.999999235841241,0.00123625116153835,0.));
#6066=DIRECTION('',(0.00123625116153835,0.999999235841241,0.));
#6067=DIRECTION('',(0.000176832176748362,-0.999999984365191,0.));
#6068=DIRECTION('',(-0.999999984365191,-0.000176832176748362,0.));
#6069=DIRECTION('',(0.999999984365191,0.000176832176752369,0.));
#6070=DIRECTION('',(0.000176832176752369,-0.999999984365191,0.));
#6071=DIRECTION('',(-0.000176832176742707,0.999999984365191,0.));
#6072=DIRECTION('',(0.999999984365191,0.000176832176742707,0.));
#6073=DIRECTION('',(0.000353664347955878,-0.999999937460763,0.));
#6074=DIRECTION('',(-0.999999937460763,-0.000353664347955878,0.));
#6075=DIRECTION('',(-0.999998439301142,-0.00176674709030812,0.));
#6076=DIRECTION('',(-0.00176674709030812,0.999998439301142,0.));
#6077=DIRECTION('',(0.999999937460763,0.000353664347946435,0.));
#6078=DIRECTION('',(0.000353664347946435,-0.999999937460763,0.));
#6079=DIRECTION('',(-0.000353664347956089,0.999999937460763,0.));
#6080=DIRECTION('',(0.999999937460763,0.000353664347956089,0.));
#6081=DIRECTION('',(0.000353664347955998,-0.999999937460763,0.));
#6082=DIRECTION('',(-0.999999937460763,-0.000353664347955998,0.));
#6083=DIRECTION('',(0.999999937460763,0.000353664347965549,0.));
#6084=DIRECTION('',(0.000353664347965549,-0.999999937460763,0.));
#6085=DIRECTION('',(-0.999999438815427,0.00105941910059499,0.));
#6086=DIRECTION('',(0.00105941910059499,0.999999438815427,0.));
#6087=DIRECTION('',(-0.000353664347956079,0.999999937460763,0.));
#6088=DIRECTION('',(0.999999937460763,0.000353664347956079,0.));
#6089=DIRECTION('',(0.,1.,0.));
#6090=DIRECTION('',(1.,0.,0.));
#6091=DIRECTION('',(0.,1.,0.));
#6092=DIRECTION('',(1.,0.,0.));
#6093=DIRECTION('',(0.,1.,0.));
#6094=DIRECTION('',(1.,0.,0.));
#6095=DIRECTION('',(0.,0.,1.));
#6096=DIRECTION('',(-1.,0.,0.));
#6097=DIRECTION('',(0.,0.,1.));
#6098=DIRECTION('',(-1.,0.,0.));
#6099=DIRECTION('',(0.,0.,1.));
#6100=DIRECTION('',(0.,-0.995433978849263,0.0954525733143129));
#6101=DIRECTION('',(0.,-0.0954525733143129,-0.995433978849264));
#6102=DIRECTION('',(0.,-0.0954525733143129,-0.995433978849264));
#6103=DIRECTION('',(1.,0.,0.));
#6104=DIRECTION('',(0.,-0.995433978849263,0.0954525733143129));
#6105=DIRECTION('',(0.,0.0954525733143129,0.995433978849264));
#6106=DIRECTION('',(0.,-0.0954525733143129,-0.995433978849264));
#6107=DIRECTION('',(0.,-0.995433978849263,0.0954525733143129));
#6108=DIRECTION('',(0.,0.0954525733143129,0.995433978849264));
#6109=DIRECTION('',(1.,0.,0.));
#6110=DIRECTION('',(0.,-0.995433978849263,0.0954525733143129));
#6111=DIRECTION('',(0.,-0.0954525733143129,-0.995433978849264));
#6112=DIRECTION('',(0.,-1.,0.));
#6113=DIRECTION('',(-1.,0.,0.));
#6114=DIRECTION('',(0.,1.,0.));
#6115=DIRECTION('',(1.,0.,0.));
#6116=DIRECTION('',(0.,-1.,0.));
#6117=DIRECTION('',(0.,-1.,0.));
#6118=DIRECTION('',(0.681347873570754,-0.731959749699812,0.));
#6119=DIRECTION('',(-0.731959749699813,-0.681347873570754,0.));
#6120=DIRECTION('',(-0.731959749699813,-0.681347873570754,0.));
#6121=DIRECTION('',(0.,0.,-1.));
#6122=DIRECTION('',(-0.731959749699813,-0.681347873570754,0.));
#6123=DIRECTION('',(0.681347873570754,-0.731959749699812,0.));
#6124=DIRECTION('',(-0.731959749699813,-0.681347873570754,0.));
#6125=DIRECTION('',(-0.680831677874468,-0.732439913168743,0.));
#6126=DIRECTION('',(-0.732439913168743,0.680831677874468,0.));
#6127=DIRECTION('',(-0.732439913168743,0.680831677874468,0.));
#6128=DIRECTION('',(-0.732439913168743,0.680831677874468,0.));
#6129=DIRECTION('',(-0.680831677874468,-0.732439913168743,0.));
#6130=DIRECTION('',(0.732439913168743,-0.680831677874468,0.));
#6131=DIRECTION('',(0.,0.,1.));
#6132=DIRECTION('',(1.,0.,0.));
#6133=DIRECTION('',(0.,1.,0.));
#6134=DIRECTION('',(-0.681347873570752,0.731959749699814,0.));
#6135=DIRECTION('',(0.731959749699814,0.681347873570752,0.));
#6136=DIRECTION('',(0.731959749699814,0.681347873570752,0.));
#6137=DIRECTION('',(0.,0.,-1.));
#6138=DIRECTION('',(0.731959749699814,0.681347873570752,0.));
#6139=DIRECTION('',(-0.681347873570752,0.731959749699814,0.));
#6140=DIRECTION('',(0.731959749699814,0.681347873570752,0.));
#6141=DIRECTION('',(-0.680831677874478,-0.732439913168734,0.));
#6142=DIRECTION('',(-0.732439913168734,0.680831677874479,0.));
#6143=DIRECTION('',(-0.732439913168734,0.680831677874479,0.));
#6144=DIRECTION('',(-0.732439913168734,0.680831677874479,0.));
#6145=DIRECTION('',(-0.680831677874478,-0.732439913168734,0.));
#6146=DIRECTION('',(0.732439913168734,-0.680831677874479,0.));
#6147=DIRECTION('',(0.,0.,1.));
#6148=DIRECTION('',(1.,0.,0.));
#6149=DIRECTION('',(1.,0.,0.));
#6150=DIRECTION('',(-0.680831677874469,-0.732439913168743,0.));
#6151=DIRECTION('',(-0.732439913168743,0.680831677874469,0.));
#6152=DIRECTION('',(-0.732439913168743,0.680831677874469,0.));
#6153=DIRECTION('',(0.,0.,-1.));
#6154=DIRECTION('',(-0.732439913168743,0.680831677874469,0.));
#6155=DIRECTION('',(-0.680831677874469,-0.732439913168743,0.));
#6156=DIRECTION('',(-0.732439913168743,0.680831677874469,0.));
#6157=DIRECTION('',(0.68031697303911,-0.732918014647547,0.));
#6158=DIRECTION('',(-0.732918014647547,-0.68031697303911,0.));
#6159=DIRECTION('',(-0.732918014647547,-0.68031697303911,0.));
#6160=DIRECTION('',(-0.732918014647547,-0.68031697303911,0.));
#6161=DIRECTION('',(0.68031697303911,-0.732918014647547,0.));
#6162=DIRECTION('',(0.732918014647547,0.68031697303911,0.));
#6163=DIRECTION('',(0.,0.,1.));
#6164=DIRECTION('',(1.,0.,0.));
#6165=DIRECTION('',(0.,1.,0.));
#6166=DIRECTION('',(-0.680831677874468,-0.732439913168743,0.));
#6167=DIRECTION('',(-0.732439913168743,0.680831677874468,0.));
#6168=DIRECTION('',(-0.732439913168743,0.680831677874468,0.));
#6169=DIRECTION('',(-0.680831677874468,-0.732439913168743,0.));
#6170=DIRECTION('',(-0.732439913168743,0.680831677874468,0.));
#6171=DIRECTION('',(-0.732439913168743,0.680831677874468,0.));
#6172=DIRECTION('',(0.,0.,1.));
#6173=DIRECTION('',(0.682377424333443,-0.7310000347196,0.));
#6174=DIRECTION('',(-0.7310000347196,-0.682377424333443,0.));
#6175=DIRECTION('',(-0.7310000347196,-0.682377424333443,0.));
#6176=DIRECTION('',(0.682377424333443,-0.7310000347196,0.));
#6177=DIRECTION('',(-0.7310000347196,-0.682377424333443,0.));
#6178=DIRECTION('',(-0.7310000347196,-0.682377424333443,0.));
#6179=DIRECTION('',(0.,0.,1.));
#6180=DIRECTION('',(1.,0.,0.));
#6181=DIRECTION('',(-0.99999900159746,-0.00141308318382482,0.));
#6182=DIRECTION('',(0.68083167787447,-0.732439913168741,0.));
#6183=DIRECTION('',(-0.732439913168741,-0.68083167787447,0.));
#6184=DIRECTION('',(-0.732439913168741,-0.68083167787447,0.));
#6185=DIRECTION('',(0.68083167787447,-0.732439913168741,0.));
#6186=DIRECTION('',(-0.732439913168741,-0.68083167787447,0.));
#6187=DIRECTION('',(-0.732439913168741,-0.68083167787447,0.));
#6188=DIRECTION('',(0.,0.,-1.));
#6189=DIRECTION('',(0.682377424333443,0.7310000347196,0.));
#6190=DIRECTION('',(0.7310000347196,-0.682377424333443,0.));
#6191=DIRECTION('',(0.7310000347196,-0.682377424333443,0.));
#6192=DIRECTION('',(0.682377424333443,0.7310000347196,0.));
#6193=DIRECTION('',(-0.7310000347196,0.682377424333443,0.));
#6194=DIRECTION('',(0.7310000347196,-0.682377424333443,0.));
#6195=DIRECTION('',(0.,0.,1.));
#6196=DIRECTION('',(1.,0.,0.));
#6197=DIRECTION('',(-0.99999900159746,0.00141308318382459,0.));
#6198=DIRECTION('',(0.681347873570754,0.731959749699812,0.));
#6199=DIRECTION('',(0.731959749699812,-0.681347873570754,0.));
#6200=DIRECTION('',(0.731959749699812,-0.681347873570754,0.));
#6201=DIRECTION('',(0.,0.,-1.));
#6202=DIRECTION('',(0.731959749699812,-0.681347873570754,0.));
#6203=DIRECTION('',(0.681347873570754,0.731959749699812,0.));
#6204=DIRECTION('',(0.731959749699812,-0.681347873570754,0.));
#6205=DIRECTION('',(-0.680831677874478,0.732439913168734,0.));
#6206=DIRECTION('',(0.732439913168734,0.680831677874478,0.));
#6207=DIRECTION('',(0.732439913168734,0.680831677874478,0.));
#6208=DIRECTION('',(0.732439913168734,0.680831677874478,0.));
#6209=DIRECTION('',(-0.680831677874478,0.732439913168734,0.));
#6210=DIRECTION('',(0.732439913168734,0.680831677874478,0.));
#6211=DIRECTION('',(0.,0.,1.));
#6212=DIRECTION('',(1.,0.,0.));
#6213=DIRECTION('',(1.,0.,0.));
#6214=DIRECTION('',(-0.680831677874469,0.732439913168743,0.));
#6215=DIRECTION('',(0.732439913168743,0.680831677874469,0.));
#6216=DIRECTION('',(0.732439913168743,0.680831677874469,0.));
#6217=DIRECTION('',(0.,0.,-1.));
#6218=DIRECTION('',(0.732439913168743,0.680831677874469,0.));
#6219=DIRECTION('',(-0.680831677874469,0.732439913168743,0.));
#6220=DIRECTION('',(-0.732439913168743,-0.680831677874469,0.));
#6221=DIRECTION('',(0.68031697303911,0.732918014647547,0.));
#6222=DIRECTION('',(0.732918014647547,-0.680316973039111,0.));
#6223=DIRECTION('',(0.732918014647547,-0.680316973039111,0.));
#6224=DIRECTION('',(0.732918014647547,-0.680316973039111,0.));
#6225=DIRECTION('',(0.68031697303911,0.732918014647547,0.));
#6226=DIRECTION('',(0.732918014647547,-0.680316973039111,0.));
#6227=DIRECTION('',(0.,0.,1.));
#6228=DIRECTION('',(1.,0.,0.));
#6229=DIRECTION('',(0.,1.,0.));
#6230=DIRECTION('',(-0.680831677874468,0.732439913168743,0.));
#6231=DIRECTION('',(0.732439913168743,0.680831677874468,0.));
#6232=DIRECTION('',(0.732439913168743,0.680831677874468,0.));
#6233=DIRECTION('',(0.,0.,-1.));
#6234=DIRECTION('',(0.732439913168743,0.680831677874468,0.));
#6235=DIRECTION('',(-0.680831677874468,0.732439913168743,0.));
#6236=DIRECTION('',(0.732439913168743,0.680831677874468,0.));
#6237=DIRECTION('',(0.681347873570754,0.731959749699812,0.));
#6238=DIRECTION('',(0.731959749699812,-0.681347873570754,0.));
#6239=DIRECTION('',(0.731959749699812,-0.681347873570754,0.));
#6240=DIRECTION('',(0.731959749699812,-0.681347873570754,0.));
#6241=DIRECTION('',(0.681347873570754,0.731959749699812,0.));
#6242=DIRECTION('',(-0.731959749699812,0.681347873570754,0.));
#6243=DIRECTION('',(0.,0.,1.));
#6244=DIRECTION('',(1.,0.,0.));
#6245=DIRECTION('',(0.,1.,0.));
#6246=DIRECTION('',(-0.680702148285617,-0.732560294664778,0.));
#6247=DIRECTION('',(-0.732560294664778,0.680702148285617,0.));
#6248=DIRECTION('',(-0.732560294664778,0.680702148285617,0.));
#6249=DIRECTION('',(0.,0.,-1.));
#6250=DIRECTION('',(-0.732560294664778,0.680702148285617,0.));
#6251=DIRECTION('',(-0.680702148285617,-0.732560294664778,0.));
#6252=DIRECTION('',(-0.732560294664778,0.680702148285617,0.));
#6253=DIRECTION('',(0.680446565890388,-0.732797701257296,0.));
#6254=DIRECTION('',(-0.732797701257296,-0.680446565890388,0.));
#6255=DIRECTION('',(-0.732797701257296,-0.680446565890388,0.));
#6256=DIRECTION('',(-0.732797701257296,-0.680446565890388,0.));
#6257=DIRECTION('',(0.680446565890388,-0.732797701257296,0.));
#6258=DIRECTION('',(0.732797701257296,0.680446565890388,0.));
#6259=DIRECTION('',(0.,0.,1.));
#6260=DIRECTION('',(1.,0.,0.));
#6261=DIRECTION('',(-0.000176832176741973,0.999999984365191,0.));
#6262=DIRECTION('',(-0.680702148285626,-0.73256029466477,0.));
#6263=DIRECTION('',(-0.73256029466477,0.680702148285626,0.));
#6264=DIRECTION('',(-0.73256029466477,0.680702148285626,0.));
#6265=DIRECTION('',(0.,0.,-1.));
#6266=DIRECTION('',(-0.73256029466477,0.680702148285626,0.));
#6267=DIRECTION('',(-0.680702148285626,-0.73256029466477,0.));
#6268=DIRECTION('',(0.73256029466477,-0.680702148285626,0.));
#6269=DIRECTION('',(-0.68147729695383,0.731839254028165,0.));
#6270=DIRECTION('',(0.731839254028165,0.68147729695383,0.));
#6271=DIRECTION('',(0.731839254028165,0.68147729695383,0.));
#6272=DIRECTION('',(0.731839254028165,0.68147729695383,0.));
#6273=DIRECTION('',(-0.68147729695383,0.731839254028165,0.));
#6274=DIRECTION('',(0.731839254028165,0.68147729695383,0.));
#6275=DIRECTION('',(0.,0.,1.));
#6276=DIRECTION('',(1.,0.,0.));
#6277=DIRECTION('',(0.999999984365191,0.00017683217673318,0.));
#6278=DIRECTION('',(0.680702148285613,0.732560294664781,0.));
#6279=DIRECTION('',(0.732560294664781,-0.680702148285613,0.));
#6280=DIRECTION('',(0.,0.,-1.));
#6281=DIRECTION('',(0.732560294664781,-0.680702148285613,0.));
#6282=DIRECTION('',(0.680702148285613,0.732560294664781,0.));
#6283=DIRECTION('',(-0.732560294664781,0.680702148285613,0.));
#6284=DIRECTION('',(0.732560294664781,-0.680702148285613,0.));
#6285=DIRECTION('',(0.682506677991941,-0.730879357005248,0.));
#6286=DIRECTION('',(-0.730879357005248,-0.682506677991941,0.));
#6287=DIRECTION('',(-0.730879357005248,-0.682506677991941,0.));
#6288=DIRECTION('',(0.682506677991941,-0.730879357005248,0.));
#6289=DIRECTION('',(-0.730879357005248,-0.682506677991941,0.));
#6290=DIRECTION('',(-0.730879357005248,-0.682506677991941,0.));
#6291=DIRECTION('',(0.,0.,1.));
#6292=DIRECTION('',(1.,0.,0.));
#6293=DIRECTION('',(-0.99999873608409,-0.00158991516192452,0.));
#6294=DIRECTION('',(0.681477296953837,-0.731839254028159,0.));
#6295=DIRECTION('',(-0.731839254028159,-0.681477296953837,0.));
#6296=DIRECTION('',(-0.731839254028159,-0.681477296953837,0.));
#6297=DIRECTION('',(0.,0.,-1.));
#6298=DIRECTION('',(-0.731839254028159,-0.681477296953837,0.));
#6299=DIRECTION('',(0.681477296953837,-0.731839254028159,0.));
#6300=DIRECTION('',(-0.731839254028159,-0.681477296953837,0.));
#6301=DIRECTION('',(-0.680702148285616,-0.732560294664778,0.));
#6302=DIRECTION('',(-0.732560294664778,0.680702148285616,0.));
#6303=DIRECTION('',(-0.732560294664778,0.680702148285616,0.));
#6304=DIRECTION('',(-0.732560294664778,0.680702148285616,0.));
#6305=DIRECTION('',(-0.680702148285616,-0.732560294664778,0.));
#6306=DIRECTION('',(0.732560294664778,-0.680702148285616,0.));
#6307=DIRECTION('',(0.,0.,1.));
#6308=DIRECTION('',(1.,0.,0.));
#6309=DIRECTION('',(0.000176832176742707,-0.999999984365191,0.));
#6310=DIRECTION('',(0.680572597411467,0.732680653253932,0.));
#6311=DIRECTION('',(0.732680653253933,-0.680572597411467,0.));
#6312=DIRECTION('',(0.,0.,-1.));
#6313=DIRECTION('',(0.732680653253933,-0.680572597411467,0.));
#6314=DIRECTION('',(0.680572597411467,0.732680653253932,0.));
#6315=DIRECTION('',(-0.732680653253933,0.680572597411467,0.));
#6316=DIRECTION('',(0.732680653253933,-0.680572597411467,0.));
#6317=DIRECTION('',(0.682635910308714,-0.730758656436578,0.));
#6318=DIRECTION('',(-0.730758656436578,-0.682635910308714,0.));
#6319=DIRECTION('',(-0.730758656436578,-0.682635910308714,0.));
#6320=DIRECTION('',(0.682635910308714,-0.730758656436578,0.));
#6321=DIRECTION('',(-0.730758656436578,-0.682635910308714,0.));
#6322=DIRECTION('',(-0.730758656436578,-0.682635910308714,0.));
#6323=DIRECTION('',(0.,0.,1.));
#6324=DIRECTION('',(1.,0.,0.));
#6325=DIRECTION('',(-0.999998439301142,-0.00176674709030812,0.));
#6326=DIRECTION('',(0.680961186173974,-0.73231950876959,0.));
#6327=DIRECTION('',(-0.732319508769591,-0.680961186173974,0.));
#6328=DIRECTION('',(-0.732319508769591,-0.680961186173974,0.));
#6329=DIRECTION('',(0.680961186173974,-0.73231950876959,0.));
#6330=DIRECTION('',(-0.732319508769591,-0.680961186173974,0.));
#6331=DIRECTION('',(-0.732319508769591,-0.680961186173974,0.));
#6332=DIRECTION('',(0.,0.,-1.));
#6333=DIRECTION('',(0.682248149337264,0.731120689575859,0.));
#6334=DIRECTION('',(0.731120689575859,-0.682248149337264,0.));
#6335=DIRECTION('',(0.731120689575859,-0.682248149337264,0.));
#6336=DIRECTION('',(0.682248149337264,0.731120689575859,0.));
#6337=DIRECTION('',(-0.731120689575859,0.682248149337264,0.));
#6338=DIRECTION('',(0.731120689575859,-0.682248149337264,0.));
#6339=DIRECTION('',(0.,0.,1.));
#6340=DIRECTION('',(1.,0.,0.));
#6341=DIRECTION('',(-0.999999235841241,0.00123625116153835,0.));
#6342=DIRECTION('',(0.681090673180057,-0.73219908147111,0.));
#6343=DIRECTION('',(-0.73219908147111,-0.681090673180057,0.));
#6344=DIRECTION('',(-0.73219908147111,-0.681090673180057,0.));
#6345=DIRECTION('',(0.681090673180057,-0.73219908147111,0.));
#6346=DIRECTION('',(-0.73219908147111,-0.681090673180057,0.));
#6347=DIRECTION('',(-0.73219908147111,-0.681090673180057,0.));
#6348=DIRECTION('',(0.,0.,-1.));
#6349=DIRECTION('',(0.682118853007444,0.731241321570252,0.));
#6350=DIRECTION('',(0.731241321570252,-0.682118853007445,0.));
#6351=DIRECTION('',(0.731241321570252,-0.682118853007445,0.));
#6352=DIRECTION('',(0.682118853007444,0.731241321570252,0.));
#6353=DIRECTION('',(-0.731241321570252,0.682118853007445,0.));
#6354=DIRECTION('',(0.731241321570252,-0.682118853007445,0.));
#6355=DIRECTION('',(0.,0.,1.));
#6356=DIRECTION('',(1.,0.,0.));
#6357=DIRECTION('',(-0.999999438815427,0.00105941910059499,0.));
#6358=DIRECTION('',(-0.681606699027388,0.731718735472168,0.));
#6359=DIRECTION('',(0.731718735472168,0.681606699027388,0.));
#6360=DIRECTION('',(0.731718735472168,0.681606699027388,0.));
#6361=DIRECTION('',(0.,0.,-1.));
#6362=DIRECTION('',(0.731718735472168,0.681606699027388,0.));
#6363=DIRECTION('',(-0.681606699027388,0.731718735472168,0.));
#6364=DIRECTION('',(0.731718735472168,0.681606699027388,0.));
#6365=DIRECTION('',(-0.680572597411476,-0.732680653253924,0.));
#6366=DIRECTION('',(-0.732680653253924,0.680572597411476,0.));
#6367=DIRECTION('',(-0.732680653253924,0.680572597411476,0.));
#6368=DIRECTION('',(-0.732680653253924,0.680572597411476,0.));
#6369=DIRECTION('',(-0.680572597411476,-0.732680653253924,0.));
#6370=DIRECTION('',(0.732680653253924,-0.680572597411476,0.));
#6371=DIRECTION('',(0.,0.,1.));
#6372=DIRECTION('',(1.,0.,0.));
#6373=DIRECTION('',(0.999999937460763,0.000353664347946435,0.));
#6374=DIRECTION('',(0.681218428882182,0.732080222483364,0.));
#6375=DIRECTION('',(0.732080222483364,-0.681218428882182,0.));
#6376=DIRECTION('',(0.732080222483364,-0.681218428882182,0.));
#6377=DIRECTION('',(0.,0.,-1.));
#6378=DIRECTION('',(0.732080222483364,-0.681218428882182,0.));
#6379=DIRECTION('',(0.681218428882182,0.732080222483364,0.));
#6380=DIRECTION('',(0.732080222483364,-0.681218428882182,0.));
#6381=DIRECTION('',(-0.680961186173984,0.732319508769582,0.));
#6382=DIRECTION('',(0.732319508769582,0.680961186173984,0.));
#6383=DIRECTION('',(0.732319508769582,0.680961186173984,0.));
#6384=DIRECTION('',(0.732319508769582,0.680961186173984,0.));
#6385=DIRECTION('',(-0.680961186173984,0.732319508769582,0.));
#6386=DIRECTION('',(0.732319508769582,0.680961186173984,0.));
#6387=DIRECTION('',(0.,0.,1.));
#6388=DIRECTION('',(1.,0.,0.));
#6389=DIRECTION('',(0.999999984365191,0.000176832176752369,0.));
#6390=DIRECTION('',(0.68108896289217,0.732200672375046,0.));
#6391=DIRECTION('',(0.732200672375046,-0.68108896289217,0.));
#6392=DIRECTION('',(0.732200672375046,-0.68108896289217,0.));
#6393=DIRECTION('',(0.,0.,-1.));
#6394=DIRECTION('',(0.732200672375046,-0.68108896289217,0.));
#6395=DIRECTION('',(0.68108896289217,0.732200672375046,0.));
#6396=DIRECTION('',(0.732200672375046,-0.68108896289217,0.));
#6397=DIRECTION('',(-0.681090673180092,0.732199081471078,0.));
#6398=DIRECTION('',(0.732199081471078,0.681090673180092,0.));
#6399=DIRECTION('',(0.732199081471078,0.681090673180092,0.));
#6400=DIRECTION('',(0.732199081471078,0.681090673180092,0.));
#6401=DIRECTION('',(-0.681090673180092,0.732199081471078,0.));
#6402=DIRECTION('',(0.732199081471078,0.681090673180092,0.));
#6403=DIRECTION('',(0.,0.,1.));
#6404=DIRECTION('',(1.,0.,0.));
#6405=DIRECTION('',(0.999999937460763,0.000353664347965549,0.));
#6406=DIRECTION('',(-0.680961186173974,0.73231950876959,0.));
#6407=DIRECTION('',(0.73231950876959,0.680961186173974,0.));
#6408=DIRECTION('',(0.73231950876959,0.680961186173974,0.));
#6409=DIRECTION('',(0.,0.,-1.));
#6410=DIRECTION('',(0.73231950876959,0.680961186173974,0.));
#6411=DIRECTION('',(-0.680961186173974,0.73231950876959,0.));
#6412=DIRECTION('',(-0.73231950876959,-0.680961186173974,0.));
#6413=DIRECTION('',(0.68018735891458,0.733038305119731,0.));
#6414=DIRECTION('',(0.733038305119731,-0.68018735891458,0.));
#6415=DIRECTION('',(0.733038305119731,-0.68018735891458,0.));
#6416=DIRECTION('',(0.733038305119731,-0.68018735891458,0.));
#6417=DIRECTION('',(0.68018735891458,0.733038305119731,0.));
#6418=DIRECTION('',(0.733038305119731,-0.68018735891458,0.));
#6419=DIRECTION('',(0.,0.,1.));
#6420=DIRECTION('',(1.,0.,0.));
#6421=DIRECTION('',(0.000176832176748362,-0.999999984365191,0.));
#6422=DIRECTION('',(-0.681090673180083,0.732199081471086,0.));
#6423=DIRECTION('',(0.732199081471086,0.681090673180083,0.));
#6424=DIRECTION('',(0.732199081471086,0.681090673180083,0.));
#6425=DIRECTION('',(0.,0.,-1.));
#6426=DIRECTION('',(0.732199081471086,0.681090673180083,0.));
#6427=DIRECTION('',(-0.681090673180083,0.732199081471086,0.));
#6428=DIRECTION('',(-0.732199081471086,-0.681090673180083,0.));
#6429=DIRECTION('',(0.68005772352085,0.733158572670087,0.));
#6430=DIRECTION('',(0.733158572670087,-0.68005772352085,0.));
#6431=DIRECTION('',(0.733158572670087,-0.68005772352085,0.));
#6432=DIRECTION('',(0.733158572670087,-0.68005772352085,0.));
#6433=DIRECTION('',(0.68005772352085,0.733158572670087,0.));
#6434=DIRECTION('',(0.733158572670087,-0.68005772352085,0.));
#6435=DIRECTION('',(0.,0.,1.));
#6436=DIRECTION('',(1.,0.,0.));
#6437=DIRECTION('',(0.000353664347955998,-0.999999937460763,0.));
#6438=DIRECTION('',(0.680576137464361,-0.73267736495274,0.));
#6439=DIRECTION('',(-0.73267736495274,-0.680576137464361,0.));
#6440=DIRECTION('',(-0.73267736495274,-0.680576137464361,0.));
#6441=DIRECTION('',(0.,0.,-1.));
#6442=DIRECTION('',(-0.73267736495274,-0.680576137464361,0.));
#6443=DIRECTION('',(0.680576137464361,-0.73267736495274,0.));
#6444=DIRECTION('',(0.73267736495274,0.680576137464361,0.));
#6445=DIRECTION('',(-0.680572597411467,-0.732680653253932,0.));
#6446=DIRECTION('',(-0.732680653253932,0.680572597411467,0.));
#6447=DIRECTION('',(-0.732680653253932,0.680572597411467,0.));
#6448=DIRECTION('',(-0.732680653253932,0.680572597411467,0.));
#6449=DIRECTION('',(-0.680572597411467,-0.732680653253932,0.));
#6450=DIRECTION('',(-0.732680653253932,0.680572597411467,0.));
#6451=DIRECTION('',(0.,0.,1.));
#6452=DIRECTION('',(1.,0.,0.));
#6453=DIRECTION('',(-0.000353664347956089,0.999999937460763,0.));
#6454=DIRECTION('',(0.681218428882182,0.732080222483364,0.));
#6455=DIRECTION('',(0.732080222483364,-0.681218428882182,0.));
#6456=DIRECTION('',(0.732080222483364,-0.681218428882182,0.));
#6457=DIRECTION('',(0.,0.,-1.));
#6458=DIRECTION('',(0.732080222483364,-0.681218428882182,0.));
#6459=DIRECTION('',(0.681218428882182,0.732080222483364,0.));
#6460=DIRECTION('',(-0.732080222483364,0.681218428882182,0.));
#6461=DIRECTION('',(-0.680961186173974,0.73231950876959,0.));
#6462=DIRECTION('',(0.73231950876959,0.680961186173974,0.));
#6463=DIRECTION('',(0.73231950876959,0.680961186173974,0.));
#6464=DIRECTION('',(0.73231950876959,0.680961186173974,0.));
#6465=DIRECTION('',(-0.680961186173974,0.73231950876959,0.));
#6466=DIRECTION('',(0.732319508769591,0.680961186173974,0.));
#6467=DIRECTION('',(0.,0.,1.));
#6468=DIRECTION('',(1.,0.,0.));
#6469=DIRECTION('',(-0.000176832176742707,0.999999984365191,0.));
#6470=DIRECTION('',(0.681606699027385,-0.73171873547217,0.));
#6471=DIRECTION('',(-0.731718735472171,-0.681606699027385,0.));
#6472=DIRECTION('',(-0.731718735472171,-0.681606699027385,0.));
#6473=DIRECTION('',(0.,0.,-1.));
#6474=DIRECTION('',(-0.731718735472171,-0.681606699027385,0.));
#6475=DIRECTION('',(0.681606699027385,-0.73171873547217,0.));
#6476=DIRECTION('',(-0.731718735472171,-0.681606699027385,0.));
#6477=DIRECTION('',(-0.680572597411467,-0.732680653253933,0.));
#6478=DIRECTION('',(-0.732680653253933,0.680572597411467,0.));
#6479=DIRECTION('',(-0.732680653253933,0.680572597411467,0.));
#6480=DIRECTION('',(-0.732680653253933,0.680572597411467,0.));
#6481=DIRECTION('',(-0.680572597411467,-0.732680653253933,0.));
#6482=DIRECTION('',(0.732680653253933,-0.680572597411467,0.));
#6483=DIRECTION('',(0.,0.,1.));
#6484=DIRECTION('',(1.,0.,0.));
#6485=DIRECTION('',(0.000353664347955878,-0.999999937460763,0.));
#6486=DIRECTION('',(0.68108896289217,0.732200672375046,0.));
#6487=DIRECTION('',(0.732200672375046,-0.68108896289217,0.));
#6488=DIRECTION('',(0.732200672375046,-0.68108896289217,0.));
#6489=DIRECTION('',(0.,0.,-1.));
#6490=DIRECTION('',(0.732200672375046,-0.68108896289217,0.));
#6491=DIRECTION('',(0.68108896289217,0.732200672375046,0.));
#6492=DIRECTION('',(-0.732200672375046,0.68108896289217,0.));
#6493=DIRECTION('',(-0.681090673180082,0.732199081471086,0.));
#6494=DIRECTION('',(0.732199081471086,0.681090673180082,0.));
#6495=DIRECTION('',(0.732199081471086,0.681090673180082,0.));
#6496=DIRECTION('',(0.732199081471086,0.681090673180082,0.));
#6497=DIRECTION('',(-0.681090673180082,0.732199081471086,0.));
#6498=DIRECTION('',(0.732199081471086,0.681090673180082,0.));
#6499=DIRECTION('',(0.,0.,1.));
#6500=DIRECTION('',(1.,0.,0.));
#6501=DIRECTION('',(-0.000353664347956079,0.999999937460763,0.));
#6502=DIRECTION('',(0.,0.,-1.));
#6503=DIRECTION('',(0.,1.,0.));
#6504=DIRECTION('',(-0.999999438815427,0.00105941910059499,0.));
#6505=DIRECTION('',(-0.999998439301142,-0.00176674709030812,0.));
#6506=DIRECTION('',(-0.999999235841241,0.00123625116153835,0.));
#6507=DIRECTION('',(-0.99999873608409,-0.00158991516192452,0.));
#6508=DIRECTION('',(-0.99999900159746,0.00141308318382459,0.));
#6509=DIRECTION('',(-0.99999900159746,-0.00141308318382482,0.));
#6510=DIRECTION('',(0.,-1.,0.));
#6511=DIRECTION('',(0.,1.,0.));
#6512=DIRECTION('',(0.,-1.,0.));
#6513=DIRECTION('',(0.,1.,0.));
#6514=DIRECTION('',(0.000176832176742707,-0.999999984365191,0.));
#6515=DIRECTION('',(-0.000176832176741973,0.999999984365191,0.));
#6516=DIRECTION('',(0.000176832176748362,-0.999999984365191,0.));
#6517=DIRECTION('',(-0.000176832176742707,0.999999984365191,0.));
#6518=DIRECTION('',(0.000353664347955878,-0.999999937460763,0.));
#6519=DIRECTION('',(-0.000353664347956089,0.999999937460763,0.));
#6520=DIRECTION('',(0.000353664347955998,-0.999999937460763,0.));
#6521=DIRECTION('',(-0.000353664347956079,0.999999937460763,0.));
#6522=DIRECTION('',(0.,-1.,0.));
#6523=DIRECTION('',(1.,0.,0.));
#6524=DIRECTION('',(0.,1.,0.));
#6525=DIRECTION('',(0.999999937460763,0.000353664347965549,0.));
#6526=DIRECTION('',(0.999999984365191,0.000176832176752369,0.));
#6527=DIRECTION('',(0.999999937460763,0.000353664347946435,0.));
#6528=DIRECTION('',(1.,9.70634835242987E-15,0.));
#6529=DIRECTION('',(1.,-9.40769148004741E-15,0.));
#6530=DIRECTION('',(0.999999984365191,0.00017683217673318,0.));
#6531=DIRECTION('',(0.,1.,0.));
#6532=DIRECTION('',(1.,0.,0.));
#6533=DIRECTION('',(-1.,0.,0.));
#6534=DIRECTION('',(0.,0.,1.));
#6535=DIRECTION('',(1.,0.,0.));
#6536=DIRECTION('',(0.,-1.,0.));
#6537=DIRECTION('',(0.,-1.,0.));
#6538=DIRECTION('',(0.,0.,1.));
#6539=DIRECTION('',(0.,-1.,0.));
#6540=DIRECTION('',(0.,0.,1.));
#6541=DIRECTION('',(0.,-1.,0.));
#6542=DIRECTION('',(-1.,0.,0.));
#6543=DIRECTION('',(0.,-1.,0.));
#6544=DIRECTION('',(0.,-1.,0.));
#6545=DIRECTION('',(1.,0.,0.));
#6546=DIRECTION('',(0.,-1.,0.));
#6547=DIRECTION('',(0.,0.,1.));
#6548=DIRECTION('',(0.,-1.,0.));
#6549=DIRECTION('',(0.,-1.,0.));
#6550=DIRECTION('',(0.,0.,1.));
#6551=DIRECTION('',(0.,0.,1.));
#6552=DIRECTION('',(0.,-1.,0.));
#6553=DIRECTION('',(-1.,0.,0.));
#6554=DIRECTION('',(0.,-1.,0.));
#6555=DIRECTION('',(1.,0.,0.));
#6556=DIRECTION('',(0.,-1.,0.));
#6557=DIRECTION('',(0.,0.,1.));
#6558=DIRECTION('',(0.,-1.,0.));
#6559=DIRECTION('',(0.,-1.,0.));
#6560=DIRECTION('',(-1.,0.,0.));
#6561=DIRECTION('',(0.,1.,0.));
#6562=DIRECTION('',(1.,0.,0.));
#6563=DIRECTION('',(0.,1.,0.));
#6564=DIRECTION('',(1.,0.,0.));
#6565=DIRECTION('',(0.,0.,1.));
#6566=DIRECTION('',(0.,-1.,0.));
#6567=DIRECTION('',(-1.,0.,0.));
#6568=DIRECTION('',(0.,-1.,0.));
#6569=DIRECTION('',(-1.,0.,0.));
#6570=DIRECTION('',(0.,1.,0.));
#6571=DIRECTION('',(1.,0.,0.));
#6572=DIRECTION('',(0.,1.,0.));
#6573=DIRECTION('',(1.,0.,0.));
#6574=DIRECTION('',(0.,1.,0.));
#6575=DIRECTION('',(1.,0.,0.));
#6576=DIRECTION('',(0.,1.,0.));
#6577=DIRECTION('',(1.,0.,0.));
#6578=DIRECTION('',(0.,1.,0.));
#6579=DIRECTION('',(1.,0.,0.));
#6580=DIRECTION('',(0.,1.,0.));
#6581=DIRECTION('',(1.,0.,0.));
#6582=DIRECTION('',(0.,1.,0.));
#6583=DIRECTION('',(1.,0.,0.));
#6584=DIRECTION('',(0.,-1.,0.));
#6585=DIRECTION('',(-1.,0.,0.));
#6586=DIRECTION('',(1.,-9.40769148004741E-15,0.));
#6587=DIRECTION('',(-9.40769148004741E-15,-1.,0.));
#6588=DIRECTION('',(0.,1.,0.));
#6589=DIRECTION('',(1.,0.,0.));
#6590=DIRECTION('',(0.,-1.,0.));
#6591=DIRECTION('',(-1.,0.,0.));
#6592=DIRECTION('',(-0.99999900159746,-0.00141308318382482,0.));
#6593=DIRECTION('',(-0.00141308318382482,0.99999900159746,0.));
#6594=DIRECTION('',(-0.99999900159746,0.00141308318382459,0.));
#6595=DIRECTION('',(0.00141308318382459,0.99999900159746,0.));
#6596=DIRECTION('',(1.,9.70634835242987E-15,0.));
#6597=DIRECTION('',(9.70634835242987E-15,-1.,0.));
#6598=DIRECTION('',(0.,1.,0.));
#6599=DIRECTION('',(1.,0.,0.));
#6600=DIRECTION('',(0.000176832176742707,-0.999999984365191,0.));
#6601=DIRECTION('',(-0.999999984365191,-0.000176832176742707,0.));
#6602=DIRECTION('',(0.999999984365191,0.00017683217673318,0.));
#6603=DIRECTION('',(0.00017683217673318,-0.999999984365191,0.));
#6604=DIRECTION('',(-0.99999873608409,-0.00158991516192452,0.));
#6605=DIRECTION('',(-0.00158991516192452,0.99999873608409,0.));
#6606=DIRECTION('',(-0.000176832176741973,0.999999984365191,0.));
#6607=DIRECTION('',(0.999999984365191,0.000176832176741973,0.));
#6608=DIRECTION('',(-0.999999235841241,0.00123625116153835,0.));
#6609=DIRECTION('',(0.00123625116153835,0.999999235841241,0.));
#6610=DIRECTION('',(0.000176832176748362,-0.999999984365191,0.));
#6611=DIRECTION('',(-0.999999984365191,-0.000176832176748362,0.));
#6612=DIRECTION('',(0.999999984365191,0.000176832176752369,0.));
#6613=DIRECTION('',(0.000176832176752369,-0.999999984365191,0.));
#6614=DIRECTION('',(-0.000176832176742707,0.999999984365191,0.));
#6615=DIRECTION('',(0.999999984365191,0.000176832176742707,0.));
#6616=DIRECTION('',(0.000353664347955878,-0.999999937460763,0.));
#6617=DIRECTION('',(-0.999999937460763,-0.000353664347955878,0.));
#6618=DIRECTION('',(-0.999998439301142,-0.00176674709030812,0.));
#6619=DIRECTION('',(-0.00176674709030812,0.999998439301142,0.));
#6620=DIRECTION('',(0.999999937460763,0.000353664347946435,0.));
#6621=DIRECTION('',(0.000353664347946435,-0.999999937460763,0.));
#6622=DIRECTION('',(-0.000353664347956089,0.999999937460763,0.));
#6623=DIRECTION('',(0.999999937460763,0.000353664347956089,0.));
#6624=DIRECTION('',(0.000353664347955998,-0.999999937460763,0.));
#6625=DIRECTION('',(-0.999999937460763,-0.000353664347955998,0.));
#6626=DIRECTION('',(0.999999937460763,0.000353664347965549,0.));
#6627=DIRECTION('',(0.000353664347965549,-0.999999937460763,0.));
#6628=DIRECTION('',(-0.999999438815427,0.00105941910059499,0.));
#6629=DIRECTION('',(0.00105941910059499,0.999999438815427,0.));
#6630=DIRECTION('',(-0.000353664347956079,0.999999937460763,0.));
#6631=DIRECTION('',(0.999999937460763,0.000353664347956079,0.));
#6632=DIRECTION('',(0.,0.,1.));
#6633=DIRECTION('',(1.,0.,0.));
#6634=DIRECTION('',(0.,-1.,0.));
#6635=DIRECTION('',(-1.,0.,0.));
#6636=DIRECTION('',(0.,1.,0.));
#6637=DIRECTION('',(1.,0.,0.));
#6638=DIRECTION('',(0.,1.,0.));
#6639=DIRECTION('',(1.,0.,0.));
#6640=DIRECTION('',(0.,-1.,0.));
#6641=DIRECTION('',(-1.,0.,0.));
#6642=DIRECTION('',(0.,1.,0.));
#6643=DIRECTION('',(1.,0.,0.));
#6644=DIRECTION('',(0.,1.,0.));
#6645=DIRECTION('',(1.,0.,0.));
#6646=DIRECTION('',(0.,1.,0.));
#6647=DIRECTION('',(1.,0.,0.));
#6648=DIRECTION('',(0.,1.,0.));
#6649=DIRECTION('',(1.,0.,0.));
#6650=DIRECTION('',(0.,0.,1.));
#6651=DIRECTION('',(1.,0.,0.));
#6652=DIRECTION('',(0.,1.,0.));
#6653=DIRECTION('',(1.,0.,0.));
#6654=DIRECTION('',(0.,1.,0.));
#6655=DIRECTION('',(1.,0.,0.));
#6656=DIRECTION('',(0.,1.,0.));
#6657=DIRECTION('',(0.,1.,0.));
#6658=DIRECTION('',(1.,0.,0.));
#6659=DIRECTION('',(0.,1.,0.));
#6660=DIRECTION('',(-0.60251289785614,0.,-0.798109145366094));
#6661=DIRECTION('',(-0.798109145366094,0.,0.60251289785614));
#6662=DIRECTION('',(-0.798109145366094,0.,0.60251289785614));
#6663=DIRECTION('',(-0.798109145366094,0.,0.60251289785614));
#6664=DIRECTION('',(0.,1.,0.));
#6665=DIRECTION('',(-1.,0.,0.));
#6666=DIRECTION('',(0.,1.,0.));
#6667=DIRECTION('',(0.,0.,1.));
#6668=DIRECTION('',(0.,0.,1.));
#6669=DIRECTION('',(0.,1.,0.));
#6670=DIRECTION('',(0.60251289785614,0.,-0.798109145366094));
#6671=DIRECTION('',(-0.798109145366094,0.,-0.60251289785614));
#6672=DIRECTION('',(-0.798109145366094,0.,-0.60251289785614));
#6673=DIRECTION('',(-0.798109145366094,0.,-0.60251289785614));
#6674=DIRECTION('',(0.,1.,0.));
#6675=DIRECTION('',(0.,1.,0.));
#6676=DIRECTION('',(1.,0.,0.));
#6677=DIRECTION('',(0.,-1.,0.));
#6678=DIRECTION('',(1.,0.,0.));
#6679=DIRECTION('',(0.,-1.,0.));
#6680=DIRECTION('',(1.,0.,0.));
#6681=DIRECTION('',(0.,1.,0.));
#6682=DIRECTION('',(0.997083697141124,0.,0.0763157971548988));
#6683=DIRECTION('',(0.0763157971548988,0.,-0.997083697141124));
#6684=DIRECTION('',(0.0763157971548988,0.,-0.997083697141124));
#6685=DIRECTION('',(0.0763157971548988,0.,-0.997083697141124));
#6686=DIRECTION('',(0.,1.,0.));
#6687=DIRECTION('',(-0.997083697141124,0.,0.0763157971548988));
#6688=DIRECTION('',(0.0763157971548988,0.,0.997083697141124));
#6689=DIRECTION('',(0.0763157971548988,0.,0.997083697141124));
#6690=DIRECTION('',(0.0763157971548988,0.,0.997083697141124));
#6691=DIRECTION('',(0.,1.,0.));
#6692=DIRECTION('',(1.,0.,0.));
#6693=DIRECTION('',(0.,1.,0.));
#6694=DIRECTION('',(1.,0.,0.));
#6695=DIRECTION('',(0.,0.,1.));
#6696=DIRECTION('',(1.,0.,0.));
#6697=DIRECTION('',(0.,-1.,0.));
#6698=DIRECTION('',(-1.,0.,0.));
#6699=DIRECTION('',(0.,-1.,0.));
#6700=DIRECTION('',(1.,0.,0.));
#6701=DIRECTION('',(0.,-1.,0.));
#6702=DIRECTION('',(1.,0.,0.));
#6703=DIRECTION('',(0.,-1.,0.));
#6704=DIRECTION('',(-1.,0.,0.));
#6705=DIRECTION('',(0.,-1.,0.));
#6706=DIRECTION('',(1.,0.,0.));
#6707=DIRECTION('',(0.,-1.,0.));
#6708=DIRECTION('',(1.,0.,0.));
#6709=DIRECTION('',(0.,1.,0.));
#6710=DIRECTION('',(1.,0.,0.));
#6711=DIRECTION('',(0.,1.,0.));
#6712=DIRECTION('',(1.,0.,0.));
#6713=CARTESIAN_POINT('',(0.,0.,0.));
#6714=CARTESIAN_POINT('',(0.,0.003,0.0348245264001191));
#6715=CARTESIAN_POINT('',(0.,0.,0.0348245264001191));
#6716=CARTESIAN_POINT('',(0.,0.,-0.063));
#6717=CARTESIAN_POINT('',(0.,0.,0.063));
#6718=CARTESIAN_POINT('',(0.,0.003,-0.063));
#6719=CARTESIAN_POINT('',(0.,0.003,-0.063));
#6720=CARTESIAN_POINT('',(0.,0.003,0.0348245264001191));
#6721=CARTESIAN_POINT('',(0.,0.003,0.063));
#6722=CARTESIAN_POINT('',(0.,0.003,0.063));
#6723=CARTESIAN_POINT('',(-0.086,0.003,-0.063));
#6724=CARTESIAN_POINT('',(-0.086,0.,-0.063));
#6725=CARTESIAN_POINT('',(-0.172,0.,-0.063));
#6726=CARTESIAN_POINT('',(-0.172,0.003,-0.063));
#6727=CARTESIAN_POINT('',(-0.172,0.003,-0.063));
#6728=CARTESIAN_POINT('',(-0.086,0.003,-0.063));
#6729=CARTESIAN_POINT('',(-0.172,0.003,1.38777878078145E-17));
#6730=CARTESIAN_POINT('',(-0.172,0.,1.38777878078145E-17));
#6731=CARTESIAN_POINT('',(-0.172,0.,0.063));
#6732=CARTESIAN_POINT('',(-0.172,0.003,0.063));
#6733=CARTESIAN_POINT('',(-0.172,0.003,0.063));
#6734=CARTESIAN_POINT('',(-0.172,0.003,1.38777878078145E-17));
#6735=CARTESIAN_POINT('',(-0.086,0.003,0.063));
#6736=CARTESIAN_POINT('',(-0.086,0.,0.063));
#6737=CARTESIAN_POINT('',(-0.086,0.003,0.063));
#6738=CARTESIAN_POINT('',(-0.0472871873378754,0.003,-1.38777878078145E-17));
#6739=CARTESIAN_POINT('',(-0.0472871873378754,0.,-1.38777878078145E-17));
#6740=CARTESIAN_POINT('',(0.,0.,0.));
#6741=CARTESIAN_POINT('',(-0.182,0.,0.));
#6742=CARTESIAN_POINT('',(-0.086,0.,-0.063));
#6743=CARTESIAN_POINT('',(0.,0.,-0.063));
#6744=CARTESIAN_POINT('',(-0.00013,0.,-0.063));
#6745=CARTESIAN_POINT('',(-0.00013,0.,0.068));
#6746=CARTESIAN_POINT('',(-0.000130000000000005,0.,0.063));
#6747=CARTESIAN_POINT('',(-0.086,0.,0.063));
#6748=CARTESIAN_POINT('',(0.,0.,0.063));
#6749=CARTESIAN_POINT('',(0.,0.,0.));
#6750=CARTESIAN_POINT('',(-0.182,-0.00712115394929424,0.));
#6751=CARTESIAN_POINT('',(0.,-0.00712115394929424,0.));
#6752=CARTESIAN_POINT('',(0.,-0.000600606004088758,0.068));
#6753=CARTESIAN_POINT('',(0.,-0.0141211539492942,-0.073));
#6754=CARTESIAN_POINT('',(-0.005,-0.00060060600408876,0.068));
#6755=CARTESIAN_POINT('',(-0.005,-0.000121153949294239,0.073));
#6756=CARTESIAN_POINT('',(-0.182,-0.000121153949294239,0.073));
#6757=CARTESIAN_POINT('',(-0.177,-0.000121153949294239,0.073));
#6758=CARTESIAN_POINT('',(-0.177,-0.00060060600408876,0.068));
#6759=CARTESIAN_POINT('',(-0.182,-0.000600606004088758,0.068));
#6760=CARTESIAN_POINT('',(-0.182,-0.00712115394929424,0.));
#6761=CARTESIAN_POINT('',(-0.182,-0.0136417018944997,-0.068));
#6762=CARTESIAN_POINT('',(-0.177,-0.0136417018944997,-0.068));
#6763=CARTESIAN_POINT('',(-0.177,-0.0141211539492942,-0.073));
#6764=CARTESIAN_POINT('',(-0.182,-0.0141211539492942,-0.073));
#6765=CARTESIAN_POINT('',(-0.005,-0.00706057697464712,0.068));
#6766=CARTESIAN_POINT('',(-0.005,0.,0.068));
#6767=CARTESIAN_POINT('',(-0.005,0.,0.073));
#6768=CARTESIAN_POINT('',(0.,0.,0.068));
#6769=CARTESIAN_POINT('',(-0.005,-6.05769746471196E-5,0.073));
#6770=CARTESIAN_POINT('',(0.,-0.00706057697464712,0.068));
#6771=CARTESIAN_POINT('',(-0.165846061555314,-0.00783759271765045,-0.0715));
#6772=CARTESIAN_POINT('',(-0.177604299449076,-0.0187827989112149,-0.073));
#6773=CARTESIAN_POINT('',(-0.160050560383544,-0.00244282558560369,-0.073));
#6774=CARTESIAN_POINT('',(-0.169610189693679,-0.0113414475456998,-0.073));
#6775=CARTESIAN_POINT('',(-0.165641562727082,-0.00764723410596455,-0.0685));
#6776=CARTESIAN_POINT('',(-0.165641562727082,-0.00764723410596455,-0.0745));
#6777=CARTESIAN_POINT('',(-0.165846061555314,-0.00783759271765045,-0.0745));
#6778=CARTESIAN_POINT('',(-0.160050560383544,-0.0024428255856037,-0.0745));
#6779=CARTESIAN_POINT('',(-0.160050560383544,-0.0024428255856037,-0.0715));
#6780=CARTESIAN_POINT('',(-0.165846061555314,0.00294432046686708,-0.0715));
#6781=CARTESIAN_POINT('',(-0.165846061555314,0.00294432046686708,-0.0745));
#6782=CARTESIAN_POINT('',(-0.165641562727082,0.00275423077098275,-0.0745));
#6783=CARTESIAN_POINT('',(-0.165641562727082,0.00275423077098275,-0.0685));
#6784=CARTESIAN_POINT('',(-0.169610189693679,0.00644322546931442,-0.073));
#6785=CARTESIAN_POINT('',(-0.128713303047516,-0.0315720375639198,-0.073));
#6786=CARTESIAN_POINT('',(-0.0885998744289728,-0.0024483215231666,-0.0745));
#6787=CARTESIAN_POINT('',(-0.165641562727082,0.00833146651933784,-0.0745));
#6788=CARTESIAN_POINT('',(-0.159815288951138,-0.00267790897208563,-0.0715));
#6789=CARTESIAN_POINT('',(-0.159815288951138,-0.00267790897208563,-0.0745));
#6790=CARTESIAN_POINT('',(-0.164969408965925,-0.00747564370223134,-0.0745));
#6791=CARTESIAN_POINT('',(-0.159806479338146,-0.00266970850603349,-0.0745));
#6792=CARTESIAN_POINT('',(-0.164969408965925,-0.00747564370223134,-0.0685));
#6793=CARTESIAN_POINT('',(-0.169232833442321,-0.0114442706688282,-0.073));
#6794=CARTESIAN_POINT('',(-0.177377837630435,-0.0190260827644692,-0.073));
#6795=CARTESIAN_POINT('',(-0.159806479338146,-0.00266970850603349,-0.073));
#6796=CARTESIAN_POINT('',(-0.159806479338146,-0.00266970850603349,-0.0715));
#6797=CARTESIAN_POINT('',(-0.153993957319841,-0.00807267610413234,-0.0715));
#6798=CARTESIAN_POINT('',(-0.166032333047145,0.00311746713894231,-0.073));
#6799=CARTESIAN_POINT('',(-0.150366789973698,-0.0114442706688283,-0.073));
#6800=CARTESIAN_POINT('',(-0.154636245824941,-0.00747564370223144,-0.0685));
#6801=CARTESIAN_POINT('',(-0.154636245824941,-0.00747564370223143,-0.0745));
#6802=CARTESIAN_POINT('',(-0.153993957319841,-0.00807267610413234,-0.0745));
#6803=CARTESIAN_POINT('',(-0.0885998744289728,-0.0024483215231666,-0.0745));
#6804=CARTESIAN_POINT('',(-0.0885998744289729,-0.00747564370223206,-0.0745));
#6805=CARTESIAN_POINT('',(-0.153783537546721,-0.00784630614448757,-0.0715));
#6806=CARTESIAN_POINT('',(-0.153783537546721,-0.00784630614448757,-0.0745));
#6807=CARTESIAN_POINT('',(-0.153971015528416,-0.00767203799423123,-0.0745));
#6808=CARTESIAN_POINT('',(-0.159596059565027,-0.0024433385463888,-0.0745));
#6809=CARTESIAN_POINT('',(-0.153971015528416,-0.00767203799423123,-0.0685));
#6810=CARTESIAN_POINT('',(-0.150002388561819,-0.0113610326925629,-0.073));
#6811=CARTESIAN_POINT('',(-0.16582191327469,0.00334383709920507,-0.073));
#6812=CARTESIAN_POINT('',(-0.159596059565027,-0.00244333854638883,-0.073));
#6813=CARTESIAN_POINT('',(-0.159596059565027,-0.0024433385463888,-0.0715));
#6814=CARTESIAN_POINT('',(-0.153783537546721,0.00295202260750256,-0.0715));
#6815=CARTESIAN_POINT('',(-0.117042557292301,0.0370561269870313,-0.073));
#6816=CARTESIAN_POINT('',(-0.150002388561819,0.00646180102829286,-0.073));
#6817=CARTESIAN_POINT('',(-0.153971015528416,0.0027779997966709,-0.0685));
#6818=CARTESIAN_POINT('',(-0.153971015528416,0.0027779997966709,-0.0745));
#6819=CARTESIAN_POINT('',(-0.153783537546721,0.00295202260750256,-0.0745));
#6820=CARTESIAN_POINT('',(-0.0885998744289728,-0.0024483215231666,-0.0745));
#6821=CARTESIAN_POINT('',(-0.153971015528416,-0.0024483215231666,-0.0745));
#6822=CARTESIAN_POINT('',(-0.165635641782336,0.00317069042806381,-0.0715));
#6823=CARTESIAN_POINT('',(-0.165821913274756,0.003343837099134,-0.073));
#6824=CARTESIAN_POINT('',(-0.159807352051564,-0.002246933878309,-0.073));
#6825=CARTESIAN_POINT('',(-0.169249103234426,0.00652954482571423,-0.073));
#6826=CARTESIAN_POINT('',(-0.164986123697283,0.00256693784753741,-0.0685));
#6827=CARTESIAN_POINT('',(-0.164986123697283,0.00256693784753741,-0.0745));
#6828=CARTESIAN_POINT('',(-0.165635641782336,0.00317069042806381,-0.0745));
#6829=CARTESIAN_POINT('',(-0.159807352051564,-0.002246933878309,-0.0745));
#6830=CARTESIAN_POINT('',(-0.159807352051564,-0.002246933878309,-0.0715));
#6831=CARTESIAN_POINT('',(-0.15979972587547,-0.00223983501957172,-0.0715));
#6832=CARTESIAN_POINT('',(-0.177589088606633,-0.0187991396453088,-0.073));
#6833=CARTESIAN_POINT('',(-0.159792099699377,-0.00223273616083446,-0.073));
#6834=CARTESIAN_POINT('',(-0.15979972587547,-0.00223983501957172,-0.0745));
#6835=CARTESIAN_POINT('',(-0.159792099699377,-0.00223273616083447,-0.0745));
#6836=CARTESIAN_POINT('',(-0.159792099699377,-0.00223273616083447,-0.0715));
#6837=CARTESIAN_POINT('',(-0.153994788523676,0.00317896572732266,-0.0715));
#6838=CARTESIAN_POINT('',(-0.153994788523676,0.00317896572732266,-0.0745));
#6839=CARTESIAN_POINT('',(-0.154634756651432,0.00258156520484349,-0.0745));
#6840=CARTESIAN_POINT('',(-0.154634756651432,0.00258156520484349,-0.0685));
#6841=CARTESIAN_POINT('',(-0.150376896612228,0.00655621285015915,-0.073));
#6842=CARTESIAN_POINT('',(-0.117429190922491,0.0373123954471728,-0.073));
#6843=CARTESIAN_POINT('',(-0.0885998744289728,-0.0024483215231666,-0.0745));
#6844=CARTESIAN_POINT('',(-0.14818899884887,0.00259067360589515,-0.0745));
#6845=CARTESIAN_POINT('',(-0.131800122690488,-0.00223983501957172,-0.0715));
#6846=CARTESIAN_POINT('',(-0.131792496514394,-0.00224693387830908,-0.0715));
#6847=CARTESIAN_POINT('',(-0.131792496514394,-0.00224693387830908,-0.073));
#6848=CARTESIAN_POINT('',(-0.131792496514394,-0.00224693387830908,-0.0745));
#6849=CARTESIAN_POINT('',(-0.152800232535468,0.0173082073331666,-0.073));
#6850=CARTESIAN_POINT('',(-0.131807748866581,-0.00223273616083444,-0.073));
#6851=CARTESIAN_POINT('',(-0.131807748866581,-0.00223273616083444,-0.0715));
#6852=CARTESIAN_POINT('',(-0.131807748866581,-0.00223273616083444,-0.0745));
#6853=CARTESIAN_POINT('',(-0.131800122690488,-0.00223983501957172,-0.0745));
#6854=CARTESIAN_POINT('',(-0.131791093299874,-0.00224562953527834,-0.0715));
#6855=CARTESIAN_POINT('',(-0.131791093299874,-0.00224562953527834,-0.0745));
#6856=CARTESIAN_POINT('',(-0.126613724868674,0.00256693784753741,-0.0745));
#6857=CARTESIAN_POINT('',(-0.126613724868674,0.00256693784753741,-0.0685));
#6858=CARTESIAN_POINT('',(-0.122350745331531,0.00652954482571423,-0.073));
#6859=CARTESIAN_POINT('',(-0.104300128917427,0.0233083020164783,-0.073));
#6860=CARTESIAN_POINT('',(-0.137605060042283,0.00317896572732268,-0.0715));
#6861=CARTESIAN_POINT('',(-0.115604767400619,-0.0173579731432194,-0.073));
#6862=CARTESIAN_POINT('',(-0.14122295195373,0.00655621285015914,-0.073));
#6863=CARTESIAN_POINT('',(-0.136965091914526,0.00258156520484349,-0.0685));
#6864=CARTESIAN_POINT('',(-0.136965091914526,0.00258156520484349,-0.0745));
#6865=CARTESIAN_POINT('',(-0.137605060042283,0.00317896572732268,-0.0745));
#6866=CARTESIAN_POINT('',(-0.0885998744289728,-0.0024483215231666,-0.0745));
#6867=CARTESIAN_POINT('',(-0.0885928633635811,0.00251321115386917,-0.0745));
#6868=CARTESIAN_POINT('',(-0.125980248830059,-0.0080808765701844,-0.0715));
#6869=CARTESIAN_POINT('',(-0.15301148351167,0.0170812642140059,-0.073));
#6870=CARTESIAN_POINT('',(-0.131793369227812,-0.00266970850603366,-0.073));
#6871=CARTESIAN_POINT('',(-0.122367015123637,-0.0114442706688282,-0.073));
#6872=CARTESIAN_POINT('',(-0.126630439600033,-0.00747564370223134,-0.0685));
#6873=CARTESIAN_POINT('',(-0.126630439600033,-0.00747564370223134,-0.0745));
#6874=CARTESIAN_POINT('',(-0.125980248830059,-0.0080808765701844,-0.0745));
#6875=CARTESIAN_POINT('',(-0.131793369227812,-0.00266970850603366,-0.0745));
#6876=CARTESIAN_POINT('',(-0.131793369227812,-0.00266970850603366,-0.0715));
#6877=CARTESIAN_POINT('',(-0.137605891246117,-0.00807267610413252,-0.0715));
#6878=CARTESIAN_POINT('',(-0.137605891246117,-0.00807267610413252,-0.0745));
#6879=CARTESIAN_POINT('',(-0.136963602741016,-0.00747564370223144,-0.0745));
#6880=CARTESIAN_POINT('',(-0.136963602741016,-0.00747564370223144,-0.0685));
#6881=CARTESIAN_POINT('',(-0.14123305859226,-0.0114442706688283,-0.073));
#6882=CARTESIAN_POINT('',(-0.164407896349915,-0.0329861929362166,-0.073));
#6883=CARTESIAN_POINT('',(-0.0885998744289728,-0.0024483215231666,-0.0745));
#6884=CARTESIAN_POINT('',(-0.143418413264422,-0.0074756437022315,-0.0745));
#6885=CARTESIAN_POINT('',(-0.137816311019237,-0.0078463061444877,-0.0715));
#6886=CARTESIAN_POINT('',(-0.164618316122371,-0.0327598229759537,-0.073));
#6887=CARTESIAN_POINT('',(-0.141597460004139,-0.0113610326925629,-0.073));
#6888=CARTESIAN_POINT('',(-0.132003789000932,-0.00244333854638868,-0.073));
#6889=CARTESIAN_POINT('',(-0.137628833037542,-0.00767203799423126,-0.0685));
#6890=CARTESIAN_POINT('',(-0.137628833037542,-0.00767203799423126,-0.0745));
#6891=CARTESIAN_POINT('',(-0.137816311019237,-0.0078463061444877,-0.0745));
#6892=CARTESIAN_POINT('',(-0.132003789000932,-0.00244333854638868,-0.0745));
#6893=CARTESIAN_POINT('',(-0.132003789000932,-0.00244333854638868,-0.0715));
#6894=CARTESIAN_POINT('',(-0.137816311019237,0.00295202260750268,-0.0715));
#6895=CARTESIAN_POINT('',(-0.137816311019237,0.00295202260750268,-0.0745));
#6896=CARTESIAN_POINT('',(-0.137628833037542,0.00277799979667092,-0.0745));
#6897=CARTESIAN_POINT('',(-0.137628833037542,0.00277799979667092,-0.0685));
#6898=CARTESIAN_POINT('',(-0.141597460004139,0.0064618010282929,-0.073));
#6899=CARTESIAN_POINT('',(-0.115683670364341,-0.0175921730525563,-0.073));
#6900=CARTESIAN_POINT('',(-0.0885998744289728,-0.0024483215231666,-0.0745));
#6901=CARTESIAN_POINT('',(-0.137628833037542,0.00834738376139403,-0.0745));
#6902=CARTESIAN_POINT('',(-0.125753787010645,0.00294432046686701,-0.0715));
#6903=CARTESIAN_POINT('',(-0.164407896349142,-0.0329861929370489,-0.073));
#6904=CARTESIAN_POINT('',(-0.131549288182414,-0.0024428255856036,-0.073));
#6905=CARTESIAN_POINT('',(-0.121989658872278,0.00644322546931442,-0.073));
#6906=CARTESIAN_POINT('',(-0.125958285838875,0.00275423077098274,-0.0685));
#6907=CARTESIAN_POINT('',(-0.125958285838875,0.00275423077098274,-0.0745));
#6908=CARTESIAN_POINT('',(-0.125753787010645,0.00294432046686701,-0.0745));
#6909=CARTESIAN_POINT('',(-0.131549288182414,-0.00244282558560383,-0.0745));
#6910=CARTESIAN_POINT('',(-0.131549288182414,-0.00244282558560383,-0.0715));
#6911=CARTESIAN_POINT('',(-0.125753787010645,-0.00783759271765042,-0.0715));
#6912=CARTESIAN_POINT('',(-0.125753787010645,-0.00783759271765042,-0.0745));
#6913=CARTESIAN_POINT('',(-0.125958285838875,-0.00764723410596457,-0.0745));
#6914=CARTESIAN_POINT('',(-0.125958285838875,-0.00764723410596457,-0.0685));
#6915=CARTESIAN_POINT('',(-0.121989658872278,-0.0113414475456999,-0.073));
#6916=CARTESIAN_POINT('',(-0.152785021693029,0.0173245480672603,-0.073));
#6917=CARTESIAN_POINT('',(-0.0885998744289728,-0.0024483215231666,-0.0745));
#6918=CARTESIAN_POINT('',(-0.125958285838875,-0.0024483215231666,-0.0745));
#6919=CARTESIAN_POINT('',(-0.0976879357885132,-0.00784275815048918,-0.0715));
#6920=CARTESIAN_POINT('',(-0.0976879357885132,-0.00784275815048918,-0.0745));
#6921=CARTESIAN_POINT('',(-0.0978754445834932,-0.00766852315509715,-0.0745));
#6922=CARTESIAN_POINT('',(-0.103501413134462,-0.00244081847778567,-0.0745));
#6923=CARTESIAN_POINT('',(-0.0978754445834932,-0.00766852315509715,-0.0685));
#6924=CARTESIAN_POINT('',(-0.0939061653459825,-0.0113568160148069,-0.073));
#6925=CARTESIAN_POINT('',(-0.139832999801189,0.0313188450950034,-0.073));
#6926=CARTESIAN_POINT('',(-0.103501413134462,-0.00244081847778567,-0.073));
#6927=CARTESIAN_POINT('',(-0.103501413134462,-0.00244081847778567,-0.0715));
#6928=CARTESIAN_POINT('',(-0.0976898452804915,0.0029555704326711,-0.0715));
#6929=CARTESIAN_POINT('',(-0.0910835167561403,0.00908994223791254,-0.073));
#6930=CARTESIAN_POINT('',(-0.0939093169964651,0.00646601742739227,-0.073));
#6931=CARTESIAN_POINT('',(-0.0978772924864228,0.00278151447242064,-0.0685));
#6932=CARTESIAN_POINT('',(-0.0978772924864228,0.00278151447242064,-0.0745));
#6933=CARTESIAN_POINT('',(-0.0976898452804915,0.0029555704326711,-0.0745));
#6934=CARTESIAN_POINT('',(-0.0885998744289728,-0.0024483215231666,-0.0745));
#6935=CARTESIAN_POINT('',(-0.0978763673930528,-0.00244996190563563,-0.0745));
#6936=CARTESIAN_POINT('',(-0.0978983155288506,-0.0080691653155814,-0.0715));
#6937=CARTESIAN_POINT('',(-0.14004337954086,0.0310924379292934,-0.073));
#6938=CARTESIAN_POINT('',(-0.0942705520330117,-0.0114401184276658,-0.073));
#6939=CARTESIAN_POINT('',(-0.103711792874799,-0.00266722564287788,-0.073));
#6940=CARTESIAN_POINT('',(-0.0985407095984486,-0.0074722465002893,-0.0685));
#6941=CARTESIAN_POINT('',(-0.0985407095984486,-0.0074722465002893,-0.0745));
#6942=CARTESIAN_POINT('',(-0.0978983155288506,-0.0080691653155814,-0.0745));
#6943=CARTESIAN_POINT('',(-0.103711792874799,-0.00266722564287788,-0.0745));
#6944=CARTESIAN_POINT('',(-0.103711792874799,-0.00266722564287788,-0.0715));
#6945=CARTESIAN_POINT('',(-0.103720601037547,-0.00267542766662471,-0.0715));
#6946=CARTESIAN_POINT('',(-0.103720601037547,-0.00267542766662471,-0.0745));
#6947=CARTESIAN_POINT('',(-0.108873872577874,-0.00747407373602006,-0.0745));
#6948=CARTESIAN_POINT('',(-0.108873872577874,-0.00747407373602006,-0.0685));
#6949=CARTESIAN_POINT('',(-0.113136595206668,-0.0114434545511987,-0.073));
#6950=CARTESIAN_POINT('',(-0.151324298499134,-0.047003248144374,-0.073));
#6951=CARTESIAN_POINT('',(-0.0885998744289728,-0.0024483215231666,-0.0745));
#6952=CARTESIAN_POINT('',(-0.0885989863482434,-0.007470488483699,-0.0745));
#6953=CARTESIAN_POINT('',(-0.103730540767522,-0.00222791085353341,-0.0715));
#6954=CARTESIAN_POINT('',(-0.1024976229962,-0.00337355003396734,-0.073));
#6955=CARTESIAN_POINT('',(-0.113156043347437,0.00653035778530375,-0.073));
#6956=CARTESIAN_POINT('',(-0.10371274034836,-0.00224445117608697,-0.073));
#6957=CARTESIAN_POINT('',(-0.108892363160527,0.0025685047010325,-0.0685));
#6958=CARTESIAN_POINT('',(-0.108892363160527,0.0025685047010325,-0.0745));
#6959=CARTESIAN_POINT('',(-0.103730540767522,-0.00222791085353341,-0.0745));
#6960=CARTESIAN_POINT('',(-0.10371274034836,-0.00224445117608697,-0.0745));
#6961=CARTESIAN_POINT('',(-0.10371274034836,-0.00224445117608697,-0.0715));
#6962=CARTESIAN_POINT('',(-0.103705115427693,-0.00223735096890734,-0.0715));
#6963=CARTESIAN_POINT('',(-0.151535589602869,-0.0467763423847323,-0.073));
#6964=CARTESIAN_POINT('',(-0.103697490507026,-0.00223025076172774,-0.073));
#6965=CARTESIAN_POINT('',(-0.103705115427693,-0.00223735096890734,-0.0745));
#6966=CARTESIAN_POINT('',(-0.103697490507026,-0.00223025076172773,-0.0745));
#6967=CARTESIAN_POINT('',(-0.103697490507026,-0.00223025076172773,-0.0715));
#6968=CARTESIAN_POINT('',(-0.0979011363849887,0.00318247619297293,-0.0715));
#6969=CARTESIAN_POINT('',(-0.0979011363849887,0.00318247619297293,-0.0745));
#6970=CARTESIAN_POINT('',(-0.0985409988631044,0.00258496251287687,-0.0745));
#6971=CARTESIAN_POINT('',(-0.0985409988631044,0.00258496251287687,-0.0685));
#6972=CARTESIAN_POINT('',(-0.0942838417360668,0.00656036302270866,-0.073));
#6973=CARTESIAN_POINT('',(-0.0913126997227863,0.00933486232398222,-0.073));
#6974=CARTESIAN_POINT('',(-0.0885998744289728,-0.0024483215231666,-0.0745));
#6975=CARTESIAN_POINT('',(-0.09209524277198,0.00259521073116911,-0.0745));
#6976=CARTESIAN_POINT('',(-0.109750461149324,-0.00783617776616576,-0.0715));
#6977=CARTESIAN_POINT('',(-0.151550803334647,-0.0467600043406598,-0.073));
#6978=CARTESIAN_POINT('',(-0.103955914036582,-0.0024403858873777,-0.073));
#6979=CARTESIAN_POINT('',(-0.113513969634563,-0.0113406981584053,-0.073));
#6980=CARTESIAN_POINT('',(-0.109545995985818,-0.00764578299548318,-0.0685));
#6981=CARTESIAN_POINT('',(-0.109545995985818,-0.00764578299548318,-0.0745));
#6982=CARTESIAN_POINT('',(-0.109750461149324,-0.00783617776616576,-0.0745));
#6983=CARTESIAN_POINT('',(-0.103955914036582,-0.00244038588737765,-0.0745));
#6984=CARTESIAN_POINT('',(-0.103955914036582,-0.00244038588737765,-0.0715));
#6985=CARTESIAN_POINT('',(-0.109752367738502,0.00294573524977862,-0.0715));
#6986=CARTESIAN_POINT('',(-0.109752367738502,0.00294573524977862,-0.0745));
#6987=CARTESIAN_POINT('',(-0.109547835299494,0.0027556817188392,-0.0745));
#6988=CARTESIAN_POINT('',(-0.109547835299494,0.0027556817188392,-0.0685));
#6989=CARTESIAN_POINT('',(-0.113517114537005,0.00644397457854896,-0.073));
#6990=CARTESIAN_POINT('',(-0.10270800273658,-0.00359995720043868,-0.073));
#6991=CARTESIAN_POINT('',(-0.0885998744289728,-0.0024483215231666,-0.0745));
#6992=CARTESIAN_POINT('',(-0.109548821534232,0.00833291737999528,-0.0745));
#6993=CARTESIAN_POINT('',(-0.0476359333049526,-0.00221551196700434,-0.0715));
#6994=CARTESIAN_POINT('',(-0.0765072018623097,0.0246024395448593,-0.073));
#6995=CARTESIAN_POINT('',(-0.0570629844812093,0.00654108980276055,-0.073));
#6996=CARTESIAN_POINT('',(-0.0476181299612075,-0.00223204914161254,-0.073));
#6997=CARTESIAN_POINT('',(-0.0527986037778565,0.00257999073628051,-0.0685));
#6998=CARTESIAN_POINT('',(-0.0527986037778566,0.00257999073628051,-0.0745));
#6999=CARTESIAN_POINT('',(-0.0476359333049526,-0.00221551196700434,-0.0745));
#7000=CARTESIAN_POINT('',(-0.0476181299612075,-0.00223204914161252,-0.0745));
#7001=CARTESIAN_POINT('',(-0.0476181299612075,-0.00223204914161252,-0.0715));
#7002=CARTESIAN_POINT('',(-0.0476105062962046,-0.0022249475862126,-0.0715));
#7003=CARTESIAN_POINT('',(-0.125467249051834,-0.0747496416443102,-0.073));
#7004=CARTESIAN_POINT('',(-0.0476028826312017,-0.00221784603081267,-0.073));
#7005=CARTESIAN_POINT('',(-0.0476105062962046,-0.0022249475862126,-0.0745));
#7006=CARTESIAN_POINT('',(-0.0476028826312017,-0.00221784603081267,-0.0745));
#7007=CARTESIAN_POINT('',(-0.0476028826312017,-0.00221784603081267,-0.0715));
#7008=CARTESIAN_POINT('',(-0.0418074857440787,0.0031959058211776,-0.0715));
#7009=CARTESIAN_POINT('',(-0.0418074857440787,0.0031959058211776,-0.0745));
#7010=CARTESIAN_POINT('',(-0.0424472425525459,0.00259827900214854,-0.0745));
#7011=CARTESIAN_POINT('',(-0.0424472425525459,0.00259827900214853,-0.0685));
#7012=CARTESIAN_POINT('',(-0.0381907884707936,0.0065744322521872,-0.073));
#7013=CARTESIAN_POINT('',(-0.0651813658893881,-0.0186387311138757,-0.073));
#7014=CARTESIAN_POINT('',(-0.0885998744289728,-0.0024483215231666,-0.0745));
#7015=CARTESIAN_POINT('',(-0.0360014883744144,0.00260966703736088,-0.0745));
#7016=CARTESIAN_POINT('',(-0.0756800906808724,-0.00222295063130838,-0.0715));
#7017=CARTESIAN_POINT('',(-0.0756800906808724,-0.00222295063130838,-0.0745));
#7018=CARTESIAN_POINT('',(-0.0705199649318632,0.00257529017584421,-0.0745));
#7019=CARTESIAN_POINT('',(-0.0756978852491987,-0.00223949724820097,-0.0745));
#7020=CARTESIAN_POINT('',(-0.0705199649318632,0.00257529017584421,-0.0685));
#7021=CARTESIAN_POINT('',(-0.0662576861777885,0.00653865092401738,-0.073));
#7022=CARTESIAN_POINT('',(-0.0782993593348668,-0.00465852727261493,-0.073));
#7023=CARTESIAN_POINT('',(-0.0756978852491987,-0.00223949724820097,-0.073));
#7024=CARTESIAN_POINT('',(-0.0756978852491987,-0.00223949724820097,-0.0715));
#7025=CARTESIAN_POINT('',(-0.0815114081598465,0.00318537442433673,-0.0715));
#7026=CARTESIAN_POINT('',(-0.0894837845649282,0.0106248288478497,-0.073));
#7027=CARTESIAN_POINT('',(-0.0851298972206885,0.00656198173466841,-0.073));
#7028=CARTESIAN_POINT('',(-0.0757131401117597,-0.00222530222805499,-0.073));
#7029=CARTESIAN_POINT('',(-0.080871334402461,0.00258808707815461,-0.0685));
#7030=CARTESIAN_POINT('',(-0.080871334402461,0.00258808707815461,-0.0745));
#7031=CARTESIAN_POINT('',(-0.0815114081598465,0.00318537442433673,-0.0745));
#7032=CARTESIAN_POINT('',(-0.0757131401117597,-0.00222530222805501,-0.0745));
#7033=CARTESIAN_POINT('',(-0.0757131401117597,-0.00222530222805501,-0.0715));
#7034=CARTESIAN_POINT('',(-0.0757055126804792,-0.00223239973812798,-0.0715));
#7035=CARTESIAN_POINT('',(-0.126774345238155,0.0452883893931246,-0.073));
#7036=CARTESIAN_POINT('',(-0.0757055126804792,-0.00223239973812798,-0.0745));
#7037=CARTESIAN_POINT('',(-0.0885998744289728,-0.0024483215231666,-0.0745));
#7038=CARTESIAN_POINT('',(-0.0885936363560887,0.00259763379020974,-0.0745));
#7039=CARTESIAN_POINT('',(-0.0196018734229334,-0.00222083644677964,-0.0715));
#7040=CARTESIAN_POINT('',(-0.0196018734229334,-0.00222083644677964,-0.0745));
#7041=CARTESIAN_POINT('',(-0.0144262073490274,0.00259356168569174,-0.0745));
#7042=CARTESIAN_POINT('',(-0.0196032761760671,-0.00222214128599556,-0.0745));
#7043=CARTESIAN_POINT('',(-0.0144262073490274,0.00259356168569174,-0.0685));
#7044=CARTESIAN_POINT('',(-0.0101646295113007,0.00655767607992846,-0.073));
#7045=CARTESIAN_POINT('',(-0.0522837519666016,-0.0326214791427158,-0.073));
#7046=CARTESIAN_POINT('',(-0.0196032761760671,-0.00222214128599553,-0.073));
#7047=CARTESIAN_POINT('',(-0.0196032761760671,-0.00222214128599556,-0.0715));
#7048=CARTESIAN_POINT('',(-0.025417758287688,0.00320170228381448,-0.0715));
#7049=CARTESIAN_POINT('',(-0.0633776457441891,0.0386115651133901,-0.073));
#7050=CARTESIAN_POINT('',(-0.0290368443847759,0.00657766967605606,-0.073));
#7051=CARTESIAN_POINT('',(-0.0196185335485259,-0.0022079489636221,-0.073));
#7052=CARTESIAN_POINT('',(-0.024777578920688,0.00260452813260631,-0.0685));
#7053=CARTESIAN_POINT('',(-0.024777578920688,0.00260452813260631,-0.0745));
#7054=CARTESIAN_POINT('',(-0.025417758287688,0.00320170228381448,-0.0745));
#7055=CARTESIAN_POINT('',(-0.0196185335485259,-0.00220794896362209,-0.0745));
#7056=CARTESIAN_POINT('',(-0.0196185335485259,-0.00220794896362209,-0.0715));
#7057=CARTESIAN_POINT('',(-0.0196109048622965,-0.00221504512480884,-0.0715));
#7058=CARTESIAN_POINT('',(-0.100763300039903,0.0732724581691355,-0.073));
#7059=CARTESIAN_POINT('',(-0.0196109048622965,-0.00221504512480884,-0.0745));
#7060=CARTESIAN_POINT('',(-0.0885998744289728,-0.0024483215231666,-0.0745));
#7061=CARTESIAN_POINT('',(-0.088594449714384,0.00267213698240639,-0.0745));
#7062=CARTESIAN_POINT('',(-0.0476259144397599,-0.0026630270154348,-0.0715));
#7063=CARTESIAN_POINT('',(-0.0476259144397599,-0.0026630270154348,-0.0745));
#7064=CARTESIAN_POINT('',(-0.0527783373444872,-0.00746258427402828,-0.0745));
#7065=CARTESIAN_POINT('',(-0.0476171077275324,-0.00265482343424944,-0.0745));
#7066=CARTESIAN_POINT('',(-0.0527783373444872,-0.00746258427402828,-0.0685));
#7067=CARTESIAN_POINT('',(-0.0570403579923838,-0.0114327188136677,-0.073));
#7068=CARTESIAN_POINT('',(-0.125255917827167,-0.0749765100373384,-0.073));
#7069=CARTESIAN_POINT('',(-0.0476171077275324,-0.00265482343424942,-0.073));
#7070=CARTESIAN_POINT('',(-0.0476171077275324,-0.00265482343424944,-0.0715));
#7071=CARTESIAN_POINT('',(-0.0418026752357255,-0.00805573501264116,-0.0715));
#7072=CARTESIAN_POINT('',(-0.114069266193479,0.0590712749551598,-0.073));
#7073=CARTESIAN_POINT('',(-0.0381743157036291,-0.0114260465667061,-0.073));
#7074=CARTESIAN_POINT('',(-0.0424451748497328,-0.0074589298026238,-0.0685));
#7075=CARTESIAN_POINT('',(-0.0424451748497328,-0.0074589298026238,-0.0745));
#7076=CARTESIAN_POINT('',(-0.0418026752357255,-0.00805573501264116,-0.0745));
#7077=CARTESIAN_POINT('',(-0.0885998744289728,-0.0024483215231666,-0.0745));
#7078=CARTESIAN_POINT('',(-0.0885980965826144,-0.00747525244661509,-0.0745));
#7079=CARTESIAN_POINT('',(-0.0698846060269518,-0.00807241205645408,-0.0715));
#7080=CARTESIAN_POINT('',(-0.126985556080213,0.0450614089215418,-0.073));
#7081=CARTESIAN_POINT('',(-0.0756986832024442,-0.00266227202363959,-0.073));
#7082=CARTESIAN_POINT('',(-0.0662707776207216,-0.0114351671665306,-0.073));
#7083=CARTESIAN_POINT('',(-0.0705349038114053,-0.00746729417261302,-0.0685));
#7084=CARTESIAN_POINT('',(-0.0705349038114053,-0.00746729417261301,-0.0745));
#7085=CARTESIAN_POINT('',(-0.0698846060269518,-0.00807241205645408,-0.0745));
#7086=CARTESIAN_POINT('',(-0.0756986832024442,-0.00266227202363959,-0.0745));
#7087=CARTESIAN_POINT('',(-0.0756986832024442,-0.00266227202363959,-0.0715));
#7088=CARTESIAN_POINT('',(-0.0815102497113504,-0.00806626737818495,-0.0715));
#7089=CARTESIAN_POINT('',(-0.0815102497113504,-0.00806626737818495,-0.0745));
#7090=CARTESIAN_POINT('',(-0.0808680667908309,-0.00746912140834397,-0.0745));
#7091=CARTESIAN_POINT('',(-0.0808680667908309,-0.00746912140834397,-0.0685));
#7092=CARTESIAN_POINT('',(-0.0851368207943774,-0.0114385032900638,-0.073));
#7093=CARTESIAN_POINT('',(-0.138391334369526,-0.0609582228919377,-0.073));
#7094=CARTESIAN_POINT('',(-0.0885998744289728,-0.0024483215231666,-0.0745));
#7095=CARTESIAN_POINT('',(-0.0873228772133175,-0.00747026282653935,-0.0745));
#7096=CARTESIAN_POINT('',(-0.0137889655976874,-0.00805402802823329,-0.0715));
#7097=CARTESIAN_POINT('',(-0.100974470741211,0.0730454403522283,-0.073));
#7098=CARTESIAN_POINT('',(-0.0196039993691157,-0.002644916195928,-0.073));
#7099=CARTESIAN_POINT('',(-0.0101745426046525,-0.0114161440445906,-0.073));
#7100=CARTESIAN_POINT('',(-0.0144393703762859,-0.00744902514742619,-0.0685));
#7101=CARTESIAN_POINT('',(-0.0144393703762859,-0.00744902514742619,-0.0745));
#7102=CARTESIAN_POINT('',(-0.0137889655976874,-0.00805402802823329,-0.0745));
#7103=CARTESIAN_POINT('',(-0.0196039993691157,-0.002644916195928,-0.0745));
#7104=CARTESIAN_POINT('',(-0.0196039993691157,-0.002644916195928,-0.0715));
#7105=CARTESIAN_POINT('',(-0.0254146101868974,-0.00804993913793895,-0.0715));
#7106=CARTESIAN_POINT('',(-0.0254146101868974,-0.00804993913793895,-0.0745));
#7107=CARTESIAN_POINT('',(-0.0247725328710404,-0.00745267961883086,-0.0745));
#7108=CARTESIAN_POINT('',(-0.0247725328710404,-0.00745267961883086,-0.0685));
#7109=CARTESIAN_POINT('',(-0.0290405848934073,-0.0114228162915526,-0.073));
#7110=CARTESIAN_POINT('',(-0.112359932758544,-0.088926369850209,-0.073));
#7111=CARTESIAN_POINT('',(-0.0885998744289728,-0.0024483215231666,-0.0745));
#7112=CARTESIAN_POINT('',(-0.031227342990767,-0.00745496245518586,-0.0745));
#7113=CARTESIAN_POINT('',(-0.0817207095106733,-0.00783993463106581,-0.0715));
#7114=CARTESIAN_POINT('',(-0.138601794168185,-0.0607318901442004,-0.073));
#7115=CARTESIAN_POINT('',(-0.0855012369197115,-0.0113553297529946,-0.073));
#7116=CARTESIAN_POINT('',(-0.0759091430017673,-0.00243593927652038,-0.073));
#7117=CARTESIAN_POINT('',(-0.0815332623481259,-0.0076656333313945,-0.0685));
#7118=CARTESIAN_POINT('',(-0.0815332623481259,-0.0076656333313945,-0.0745));
#7119=CARTESIAN_POINT('',(-0.0817207095106733,-0.00783993463106581,-0.0745));
#7120=CARTESIAN_POINT('',(-0.0759091430017673,-0.00243593927652034,-0.0745));
#7121=CARTESIAN_POINT('',(-0.0759091430017673,-0.00243593927652034,-0.0715));
#7122=CARTESIAN_POINT('',(-0.081722619002652,0.00295839395209472,-0.0715));
#7123=CARTESIAN_POINT('',(-0.081722619002652,0.00295839395209472,-0.0745));
#7124=CARTESIAN_POINT('',(-0.0815351102510556,0.00278440429612322,-0.0745));
#7125=CARTESIAN_POINT('',(-0.0815351102510556,0.00278440429612322,-0.0685));
#7126=CARTESIAN_POINT('',(-0.0855043885701942,0.00646750368920449,-0.073));
#7127=CARTESIAN_POINT('',(-0.0897201399980465,0.0103793058549628,-0.073));
#7128=CARTESIAN_POINT('',(-0.0885998744289728,-0.0024483215231666,-0.0745));
#7129=CARTESIAN_POINT('',(-0.0815360950973452,0.00835378817377027,-0.0745));
#7130=CARTESIAN_POINT('',(-0.0256251100058422,-0.00782364361042295,-0.0715));
#7131=CARTESIAN_POINT('',(-0.112570432576827,-0.0887000743220746,-0.073));
#7132=CARTESIAN_POINT('',(-0.0294050157208014,-0.0113397071962806,-0.073));
#7133=CARTESIAN_POINT('',(-0.0198144991880603,-0.00241862066841266,-0.073));
#7134=CARTESIAN_POINT('',(-0.0254376936683041,-0.0076493091667874,-0.0685));
#7135=CARTESIAN_POINT('',(-0.0254376936683041,-0.0076493091667874,-0.0745));
#7136=CARTESIAN_POINT('',(-0.0256251100058422,-0.00782364361042295,-0.0745));
#7137=CARTESIAN_POINT('',(-0.0198144991880603,-0.00241862066841205,-0.0745));
#7138=CARTESIAN_POINT('',(-0.0198144991880603,-0.00241862066841205,-0.0715));
#7139=CARTESIAN_POINT('',(-0.0256289289897402,0.00297468446624821,-0.0715));
#7140=CARTESIAN_POINT('',(-0.0256289289897402,0.00297468446624821,-0.0745));
#7141=CARTESIAN_POINT('',(-0.0254413894741056,0.00280072797057742,-0.0745));
#7142=CARTESIAN_POINT('',(-0.0254413894741056,0.00280072797057742,-0.0685));
#7143=CARTESIAN_POINT('',(-0.0294113190216681,0.00648312540994887,-0.073));
#7144=CARTESIAN_POINT('',(-0.063771447632469,0.0383546354952025,-0.073));
#7145=CARTESIAN_POINT('',(-0.0885998744289728,-0.0024483215231666,-0.0745));
#7146=CARTESIAN_POINT('',(-0.025443359166654,0.00837011158699595,-0.0745));
#7147=CARTESIAN_POINT('',(-0.0415961545186456,0.00296903742748936,-0.0715));
#7148=CARTESIAN_POINT('',(-0.0651096395700666,-0.0188723863698111,-0.073));
#7149=CARTESIAN_POINT('',(-0.0378162470537106,0.00648015288637086,-0.073));
#7150=CARTESIAN_POINT('',(-0.0474067680265561,-0.00242837907078978,-0.073));
#7151=CARTESIAN_POINT('',(-0.041783570942952,0.00279494832326258,-0.0685));
#7152=CARTESIAN_POINT('',(-0.041783570942952,0.00279494832326258,-0.0745));
#7153=CARTESIAN_POINT('',(-0.0415961545186456,0.00296903742748936,-0.0745));
#7154=CARTESIAN_POINT('',(-0.0474067680265561,-0.00242837907078975,-0.0745));
#7155=CARTESIAN_POINT('',(-0.0474067680265561,-0.00242837907078975,-0.0715));
#7156=CARTESIAN_POINT('',(-0.0415923355347491,-0.00782929064918148,-0.0715));
#7157=CARTESIAN_POINT('',(-0.0415923355347491,-0.00782929064918148,-0.0745));
#7158=CARTESIAN_POINT('',(-0.0417798751371506,-0.00765508881410221,-0.0745));
#7159=CARTESIAN_POINT('',(-0.0417798751371506,-0.00765508881410221,-0.0685));
#7160=CARTESIAN_POINT('',(-0.037809943752844,-0.0113426797198585,-0.073));
#7161=CARTESIAN_POINT('',(-0.113858926493169,0.0592977193192372,-0.073));
#7162=CARTESIAN_POINT('',(-0.0885998744289728,-0.0024483215231666,-0.0745));
#7163=CARTESIAN_POINT('',(-0.0417817224411682,-0.00243176361093581,-0.0745));
#7164=CARTESIAN_POINT('',(-0.0696581872314908,-0.00782908816198729,-0.0715));
#7165=CARTESIAN_POINT('',(-0.0696581872314908,-0.00782908816198729,-0.0745));
#7166=CARTESIAN_POINT('',(-0.075454642281063,-0.00243534594537431,-0.0745));
#7167=CARTESIAN_POINT('',(-0.0698627197180518,-0.00763876571525075,-0.0745));
#7168=CARTESIAN_POINT('',(-0.0698627197180518,-0.00763876571525075,-0.0685));
#7169=CARTESIAN_POINT('',(-0.0658934395576998,-0.0113322773162825,-0.073));
#7170=CARTESIAN_POINT('',(-0.126759137285526,0.0453047328167289,-0.073));
#7171=CARTESIAN_POINT('',(-0.075454642281063,-0.00243534594537432,-0.073));
#7172=CARTESIAN_POINT('',(-0.075454642281063,-0.00243534594537431,-0.0715));
#7173=CARTESIAN_POINT('',(-0.0696600938206684,0.00295282485395694,-0.0715));
#7174=CARTESIAN_POINT('',(-0.138391334368753,-0.0609582228927698,-0.073));
#7175=CARTESIAN_POINT('',(-0.0658965844601417,0.00645239542067176,-0.073));
#7176=CARTESIAN_POINT('',(-0.0698645590317273,0.00276269899907164,-0.0685));
#7177=CARTESIAN_POINT('',(-0.0698645590317273,0.00276269899907163,-0.0745));
#7178=CARTESIAN_POINT('',(-0.0696600938206684,0.00295282485395694,-0.0745));
#7179=CARTESIAN_POINT('',(-0.0885998744289728,-0.0024483215231666,-0.0745));
#7180=CARTESIAN_POINT('',(-0.0698636381414859,-0.00244500835366812,-0.0745));
#7181=CARTESIAN_POINT('',(-0.0536548618705882,-0.00782484330757759,-0.0715));
#7182=CARTESIAN_POINT('',(-0.125482465672471,-0.0747333062907701,-0.073));
#7183=CARTESIAN_POINT('',(-0.0478612689980654,-0.00242802685077251,-0.073));
#7184=CARTESIAN_POINT('',(-0.0574177505850156,-0.0113300291544224,-0.073));
#7185=CARTESIAN_POINT('',(-0.053450430378201,-0.00763441238385202,-0.0685));
#7186=CARTESIAN_POINT('',(-0.053450430378201,-0.00763441238385202,-0.0745));
#7187=CARTESIAN_POINT('',(-0.0536548618705882,-0.00782484330757759,-0.0745));
#7188=CARTESIAN_POINT('',(-0.0478612689980654,-0.00242802685077251,-0.0745));
#7189=CARTESIAN_POINT('',(-0.0478612689980654,-0.00242802685077251,-0.0715));
#7190=CARTESIAN_POINT('',(-0.0536586750488848,0.00295706920264745,-0.0715));
#7191=CARTESIAN_POINT('',(-0.0536586750488848,0.00295706920264745,-0.0745));
#7192=CARTESIAN_POINT('',(-0.0534541090054945,0.0027670518425956,-0.0745));
#7193=CARTESIAN_POINT('',(-0.0534541090054945,0.0027670518425956,-0.0685));
#7194=CARTESIAN_POINT('',(-0.057424040389801,0.00645464274835195,-0.073));
#7195=CARTESIAN_POINT('',(-0.0767175415633285,0.0243759951800204,-0.073));
#7196=CARTESIAN_POINT('',(-0.0885998744289728,-0.0024483215231666,-0.0745));
#7197=CARTESIAN_POINT('',(-0.0534560814749388,0.00834428724215502,-0.0745));
#7198=CARTESIAN_POINT('',(-0.0135625898332604,-0.00781066409944227,-0.0715));
#7199=CARTESIAN_POINT('',(-0.0135625898332604,-0.00781066409944227,-0.0745));
#7200=CARTESIAN_POINT('',(-0.0193599985793824,-0.00241794696692343,-0.0745));
#7201=CARTESIAN_POINT('',(-0.0137671559717557,-0.00762037782360659,-0.0745));
#7202=CARTESIAN_POINT('',(-0.0137671559717557,-0.00762037782360659,-0.0685));
#7203=CARTESIAN_POINT('',(-0.00979722274176639,-0.0113131874704401,-0.073));
#7204=CARTESIAN_POINT('',(-0.100748094977558,0.0732888042817394,-0.073));
#7205=CARTESIAN_POINT('',(-0.0193599985793824,-0.00241794696692343,-0.073));
#7206=CARTESIAN_POINT('',(-0.0193599985793824,-0.00241794696692343,-0.0715));
#7207=CARTESIAN_POINT('',(-0.0135664030115555,0.00297124841078233,-0.0715));
#7208=CARTESIAN_POINT('',(-0.112359932757773,-0.0889263698510408,-0.073));
#7209=CARTESIAN_POINT('',(-0.00980351254655179,0.00647148443233421,-0.073));
#7210=CARTESIAN_POINT('',(-0.0137708345990492,0.00278108640284102,-0.0685));
#7211=CARTESIAN_POINT('',(-0.0137708345990492,0.00278108640284102,-0.0745));
#7212=CARTESIAN_POINT('',(-0.0135664030115555,0.00297124841078233,-0.0745));
#7213=CARTESIAN_POINT('',(-0.0885998744289728,-0.0024483215231666,-0.0745));
#7214=CARTESIAN_POINT('',(-0.0137689945035224,-0.00242185650715569,-0.0745));
#7215=CARTESIAN_POINT('',(-0.091,0.009,-0.073));
#7216=CARTESIAN_POINT('',(-0.169610189693679,-0.0024491110381927,-0.073));
#7217=CARTESIAN_POINT('',(-0.159812999923328,0.00654287883793668,-0.073));
#7218=CARTESIAN_POINT('',(-0.150002388561819,-0.00244961583213502,-0.073));
#7219=CARTESIAN_POINT('',(-0.141597460004139,-0.00244961583213502,-0.073));
#7220=CARTESIAN_POINT('',(-0.13178684864263,0.00654287883793668,-0.073));
#7221=CARTESIAN_POINT('',(-0.121989658872278,-0.00244911103819272,-0.073));
#7222=CARTESIAN_POINT('',(-0.113515542085784,-0.00244836178992818,-0.073));
#7223=CARTESIAN_POINT('',(-0.103719942541752,0.00654536040400621,-0.073));
#7224=CARTESIAN_POINT('',(-0.0939077411712238,-0.00244539929370732,-0.073));
#7225=CARTESIAN_POINT('',(-0.0855028127449529,-0.00244391303189506,-0.073));
#7226=CARTESIAN_POINT('',(-0.0756937916992385,0.0065503163293429,-0.073));
#7227=CARTESIAN_POINT('',(-0.0658950120089207,-0.00243994094780538,-0.073));
#7228=CARTESIAN_POINT('',(-0.0574208954874083,-0.00243769320303525,-0.073));
#7229=CARTESIAN_POINT('',(-0.0476268864760015,0.00655776102747388,-0.073));
#7230=CARTESIAN_POINT('',(-0.0378130954032773,-0.00243126341674385,-0.073));
#7231=CARTESIAN_POINT('',(-0.0294081673712348,-0.00242829089316587,-0.073));
#7232=CARTESIAN_POINT('',(-0.0196007369480383,0.00656767287799228,-0.073));
#7233=CARTESIAN_POINT('',(-0.00980036764415908,-0.00242085151905298,-0.073));
#7234=CARTESIAN_POINT('',(-0.177,0.009,-0.073));
#7235=CARTESIAN_POINT('',(-0.177,0.009,-0.073));
#7236=CARTESIAN_POINT('',(-0.091,0.009,-0.073));
#7237=CARTESIAN_POINT('',(0.,0.009,-0.073));
#7238=CARTESIAN_POINT('',(0.,0.009,-0.073));
#7239=CARTESIAN_POINT('',(-0.0196075637490298,-0.0114194801680716,-0.073));
#7240=CARTESIAN_POINT('',(-0.0757037992075495,-0.0114368352282972,-0.073));
#7241=CARTESIAN_POINT('',(-0.0476073368480065,-0.0114293826901869,-0.073));
#7242=CARTESIAN_POINT('',(-0.131800036857948,-0.0114442706688283,-0.073));
#7243=CARTESIAN_POINT('',(-0.159799811708009,-0.0114442706688283,-0.073));
#7244=CARTESIAN_POINT('',(-0.10370357361984,-0.0114417864894322,-0.073));
#7245=CARTESIAN_POINT('',(-0.0472871873378754,0.,-1.38777878078145E-17));
#7246=CARTESIAN_POINT('',(-0.091,0.,0.073));
#7247=CARTESIAN_POINT('',(0.,0.,0.073));
#7248=CARTESIAN_POINT('',(0.,0.,0.068));
#7249=CARTESIAN_POINT('',(-0.182,0.009,-1.38777878078145E-17));
#7250=CARTESIAN_POINT('',(-0.182,0.,-0.068));
#7251=CARTESIAN_POINT('',(-0.182,0.009,-0.068));
#7252=CARTESIAN_POINT('',(-0.182,0.009,0.068));
#7253=CARTESIAN_POINT('',(-0.182,0.009,0.068));
#7254=CARTESIAN_POINT('',(-0.182,0.009,-1.38777878078145E-17));
#7255=CARTESIAN_POINT('',(-0.091,0.009,0.073));
#7256=CARTESIAN_POINT('',(-0.091,0.009,0.073));
#7257=CARTESIAN_POINT('',(0.,0.009,0.073));
#7258=CARTESIAN_POINT('',(-0.177,0.009,0.073));
#7259=CARTESIAN_POINT('',(-0.177,0.,0.073));
#7260=CARTESIAN_POINT('',(0.,0.009,0.073));
#7261=CARTESIAN_POINT('',(0.,0.009,0.068));
#7262=CARTESIAN_POINT('',(0.,0.009,-0.068));
#7263=CARTESIAN_POINT('',(0.,0.009,-0.063));
#7264=CARTESIAN_POINT('',(0.,0.009,-0.063));
#7265=CARTESIAN_POINT('',(0.,0.009,0.063));
#7266=CARTESIAN_POINT('',(0.,0.009,0.063));
#7267=CARTESIAN_POINT('',(0.,0.009,0.068));
#7268=CARTESIAN_POINT('',(-0.086,0.009,0.063));
#7269=CARTESIAN_POINT('',(-0.086,0.,0.063));
#7270=CARTESIAN_POINT('',(-0.172,0.,0.063));
#7271=CARTESIAN_POINT('',(-0.172,0.009,0.063));
#7272=CARTESIAN_POINT('',(-0.172,0.009,0.063));
#7273=CARTESIAN_POINT('',(-0.086,0.009,0.063));
#7274=CARTESIAN_POINT('',(-0.172,0.009,1.38777878078145E-17));
#7275=CARTESIAN_POINT('',(-0.172,0.,1.38777878078145E-17));
#7276=CARTESIAN_POINT('',(-0.172,0.,-0.063));
#7277=CARTESIAN_POINT('',(-0.172,0.009,-0.063));
#7278=CARTESIAN_POINT('',(-0.172,0.009,-0.063));
#7279=CARTESIAN_POINT('',(-0.172,0.009,1.38777878078145E-17));
#7280=CARTESIAN_POINT('',(-0.177,0.009,-0.068));
#7281=CARTESIAN_POINT('',(-0.177,0.009,-0.068));
#7282=CARTESIAN_POINT('',(-0.174,0.009,-0.068));
#7283=CARTESIAN_POINT('',(-0.177,0.,-0.068));
#7284=CARTESIAN_POINT('',(-0.174,0.,-0.068));
#7285=CARTESIAN_POINT('',(-0.086,0.009,-0.063));
#7286=CARTESIAN_POINT('',(-0.086,0.009,-0.063));
#7287=CARTESIAN_POINT('',(-0.086,0.,-0.063));
#7288=CARTESIAN_POINT('',(-0.177,0.009,0.068));
#7289=CARTESIAN_POINT('',(-0.177,0.009,0.068));
#7290=CARTESIAN_POINT('',(-0.174,0.009,0.068));
#7291=CARTESIAN_POINT('',(-0.177,0.,0.068));
#7292=CARTESIAN_POINT('',(-0.174,0.,0.068));
#7293=CARTESIAN_POINT('',(-0.0472871873378754,0.009,-1.38777878078145E-17));
#7294=CARTESIAN_POINT('',(-0.177,0.009,0.068));
#7295=CARTESIAN_POINT('',(-0.177,0.009,-0.068));
#7296=CARTESIAN_POINT('',(-0.177,0.009,0.068));
#7297=CARTESIAN_POINT('',(-0.177,0.009,-0.068));
#7298=CARTESIAN_POINT('',(-0.165641562727082,-0.0024483215231666,-0.0685));
#7299=CARTESIAN_POINT('',(-0.159798268104602,-0.00747564370223139,-0.0685));
#7300=CARTESIAN_POINT('',(-0.153971015528416,-0.00354737222895025,-0.0685));
#7301=CARTESIAN_POINT('',(-0.137628833037542,-0.0024483215231666,-0.0685));
#7302=CARTESIAN_POINT('',(-0.088607113928951,0.00267486784959582,-0.0685));
#7303=CARTESIAN_POINT('',(-0.131794016914022,0.00257425803842249,-0.0685));
#7304=CARTESIAN_POINT('',(-0.0885998744289728,-0.00747564370223097,-0.0685));
#7305=CARTESIAN_POINT('',(-0.125958285838875,-0.00245044666517971,-0.0685));
#7306=CARTESIAN_POINT('',(-0.109546914409253,-0.00245202563390055,-0.0685));
#7307=CARTESIAN_POINT('',(-0.103702731797401,-0.00747315931192536,-0.0685));
#7308=CARTESIAN_POINT('',(-0.0886079020429363,0.00260075531407689,-0.0685));
#7309=CARTESIAN_POINT('',(-0.0978761739571188,-0.00354385745430434,-0.0685));
#7310=CARTESIAN_POINT('',(-0.075700258190663,0.00258169432429629,-0.0685));
#7311=CARTESIAN_POINT('',(-0.0815341851576856,-0.002447072081933,-0.0685));
#7312=CARTESIAN_POINT('',(-0.0885989863482433,-0.00747048848369898,-0.0685));
#7313=CARTESIAN_POINT('',(-0.069863638677287,-0.0024419783557163,-0.0685));
#7314=CARTESIAN_POINT('',(-0.0534522689099677,-0.00243589106740112,-0.0685));
#7315=CARTESIAN_POINT('',(-0.0886086464212443,0.00251672334889516,-0.0685));
#7316=CARTESIAN_POINT('',(-0.0476071968065639,-0.00746075542586742,-0.0685));
#7317=CARTESIAN_POINT('',(-0.0417813338843789,-0.00353042330677391,-0.0685));
#7318=CARTESIAN_POINT('',(-0.0254395409723218,-0.00242598396362101,-0.0685));
#7319=CARTESIAN_POINT('',(-0.0885980965826144,-0.00747525244661614,-0.0685));
#7320=CARTESIAN_POINT('',(-0.0196065016592944,0.00259904979151057,-0.0685));
#7321=CARTESIAN_POINT('',(-0.0137689938901974,-0.00242359070782373,-0.0685));
#7322=CARTESIAN_POINT('',(-0.182,0.,0.));
#7323=CARTESIAN_POINT('',(-0.177,0.,0.068));
#7324=CARTESIAN_POINT('',(-0.17387,0.,0.068));
#7325=CARTESIAN_POINT('',(-0.182,0.,0.));
#7326=CARTESIAN_POINT('',(-0.00013,0.,0.068));
#7327=CARTESIAN_POINT('',(-0.00013,0.,0.06313));
#7328=CARTESIAN_POINT('',(-0.086,0.,0.06313));
#7329=CARTESIAN_POINT('',(-0.17213,0.,0.06313));
#7330=CARTESIAN_POINT('',(-0.17213,0.,1.38777878078145E-17));
#7331=CARTESIAN_POINT('',(-0.17213,0.,-0.06313));
#7332=CARTESIAN_POINT('',(-0.086,0.,-0.06313));
#7333=CARTESIAN_POINT('',(-0.00013,0.,-0.06313));
#7334=CARTESIAN_POINT('',(-0.00013,0.,0.068));
#7335=CARTESIAN_POINT('',(-0.182,-0.00699174753204383,-1.24088345308607E-5));
#7336=CARTESIAN_POINT('',(-0.00013,-0.000383726605395372,0.0688998094005174));
#7337=CARTESIAN_POINT('',(-0.00013,-0.000470009698595668,0.068));
#7338=CARTESIAN_POINT('',(-0.00013,-0.0139780918903765,-0.07287));
#7339=CARTESIAN_POINT('',(-0.182,-0.0139780918903765,-0.07287));
#7340=CARTESIAN_POINT('',(-0.177,-0.0139780918903765,-0.07287));
#7341=CARTESIAN_POINT('',(-0.177,-0.0135111055890066,-0.068));
#7342=CARTESIAN_POINT('',(-0.18187,-0.0135111055890066,-0.068));
#7343=CARTESIAN_POINT('',(-0.18187,-0.00684486457490077,0.0015193705756754));
#7344=CARTESIAN_POINT('',(-0.18187,-0.000470009698595668,0.068));
#7345=CARTESIAN_POINT('',(-0.177,-0.000470009698595668,0.068));
#7346=CARTESIAN_POINT('',(-0.177,-3.0233972258039E-6,0.07287));
#7347=CARTESIAN_POINT('',(-0.091,-3.0233972258039E-6,0.07287));
#7348=CARTESIAN_POINT('',(-0.005,-3.0233972258039E-6,0.07287));
#7349=CARTESIAN_POINT('',(-0.005,-0.00047000969859567,0.068));
#7350=CARTESIAN_POINT('',(-0.005,-0.00706057697464712,0.068));
#7351=CARTESIAN_POINT('',(-0.005,0.00013,0.068));
#7352=CARTESIAN_POINT('',(-0.005,0.00013,0.07287));
#7353=CARTESIAN_POINT('',(-0.00013,0.00013,0.068));
#7354=CARTESIAN_POINT('',(-0.00013,0.009,0.068));
#7355=CARTESIAN_POINT('',(-0.005,0.009,0.07287));
#7356=CARTESIAN_POINT('',(-0.165934636778877,-0.00774243795018947,-0.0715));
#7357=CARTESIAN_POINT('',(-0.11743749989278,0.0374013300031218,-0.07287));
#7358=CARTESIAN_POINT('',(-0.160241430939058,-0.00244289286679872,-0.07287));
#7359=CARTESIAN_POINT('',(-0.169560746315535,-0.0111178175706533,-0.07287));
#7360=CARTESIAN_POINT('',(-0.160241430939058,-0.00244289286679872,-0.0715));
#7361=CARTESIAN_POINT('',(-0.160241430939058,-0.00244289286679872,-0.07437));
#7362=CARTESIAN_POINT('',(-0.165934636778877,-0.00774243795018947,-0.07437));
#7363=CARTESIAN_POINT('',(-0.165641562727082,-0.00746962871160602,-0.07437));
#7364=CARTESIAN_POINT('',(-0.165641562727082,-0.00746962871160602,-0.0685));
#7365=CARTESIAN_POINT('',(-0.165934569673437,0.00284910327815514,-0.0715));
#7366=CARTESIAN_POINT('',(-0.165934569673437,0.00284910327815514,-0.07437));
#7367=CARTESIAN_POINT('',(-0.165641562727082,0.00257674180886763,-0.07437));
#7368=CARTESIAN_POINT('',(-0.12880181116564,-0.0316672547526318,-0.07287));
#7369=CARTESIAN_POINT('',(-0.169560746315535,0.00621977694451547,-0.07287));
#7370=CARTESIAN_POINT('',(-0.165641562727082,0.00257674180886763,-0.0685));
#7371=CARTESIAN_POINT('',(-0.0885998744289728,-0.0024483215231666,-0.07437));
#7372=CARTESIAN_POINT('',(-0.165641562727082,-0.0024483215231666,-0.07437));
#7373=CARTESIAN_POINT('',(-0.159726713727573,-0.00277306373954661,-0.0715));
#7374=CARTESIAN_POINT('',(-0.159726713727573,-0.00277306373954661,-0.07437));
#7375=CARTESIAN_POINT('',(-0.164778610689387,-0.00747564370223143,-0.07437));
#7376=CARTESIAN_POINT('',(-0.159806416753409,-0.00284725564312087,-0.07437));
#7377=CARTESIAN_POINT('',(-0.159806416753409,-0.00284725564312087,-0.0715));
#7378=CARTESIAN_POINT('',(-0.159806416753409,-0.00284725564312087,-0.07287));
#7379=CARTESIAN_POINT('',(-0.117033887627011,0.0369677366149456,-0.07287));
#7380=CARTESIAN_POINT('',(-0.168988919035104,-0.0113948272906844,-0.07287));
#7381=CARTESIAN_POINT('',(-0.164778610689387,-0.00747564370223135,-0.0685));
#7382=CARTESIAN_POINT('',(-0.154082465437964,-0.00816789329284427,-0.0715));
#7383=CARTESIAN_POINT('',(-0.128801811164867,-0.0316672547517991,-0.07287));
#7384=CARTESIAN_POINT('',(-0.150610924183365,-0.0113948272906845,-0.07287));
#7385=CARTESIAN_POINT('',(-0.154082465437964,-0.00816789329284427,-0.07437));
#7386=CARTESIAN_POINT('',(-0.154827188761683,-0.00747564370223143,-0.07437));
#7387=CARTESIAN_POINT('',(-0.154827188761683,-0.00747564370223144,-0.0685));
#7388=CARTESIAN_POINT('',(-0.0885998744289728,-0.0024483215231666,-0.07437));
#7389=CARTESIAN_POINT('',(-0.0885998744289728,-0.00747564370223143,-0.07437));
#7390=CARTESIAN_POINT('',(-0.153695029428598,-0.00775108895577563,-0.0715));
#7391=CARTESIAN_POINT('',(-0.153695029428598,-0.00775108895577563,-0.07437));
#7392=CARTESIAN_POINT('',(-0.153971015528416,-0.00749454903211612,-0.07437));
#7393=CARTESIAN_POINT('',(-0.159405044448678,-0.00244340564016987,-0.07437));
#7394=CARTESIAN_POINT('',(-0.159405044448678,-0.00244340564016988,-0.0715));
#7395=CARTESIAN_POINT('',(-0.159405044448678,-0.00244340564016988,-0.07287));
#7396=CARTESIAN_POINT('',(-0.128414375156164,-0.0312504504141126,-0.07287));
#7397=CARTESIAN_POINT('',(-0.150051831939963,-0.011137584167764,-0.07287));
#7398=CARTESIAN_POINT('',(-0.153971015528416,-0.00749454903211612,-0.0685));
#7399=CARTESIAN_POINT('',(-0.153695096340226,0.00285674326559838,-0.0715));
#7400=CARTESIAN_POINT('',(-0.116954116085806,0.0369608476451272,-0.07287));
#7401=CARTESIAN_POINT('',(-0.150051831939963,0.00623853298727697,-0.07287));
#7402=CARTESIAN_POINT('',(-0.153695096340226,0.00285674326559838,-0.07437));
#7403=CARTESIAN_POINT('',(-0.153971015528416,0.00260062661522096,-0.07437));
#7404=CARTESIAN_POINT('',(-0.153971015528416,0.00260062661522096,-0.0685));
#7405=CARTESIAN_POINT('',(-0.0885998744289728,-0.0024483215231666,-0.07437));
#7406=CARTESIAN_POINT('',(-0.153971015528416,-0.0024483215231666,-0.07437));
#7407=CARTESIAN_POINT('',(-0.165547133664213,0.00326590761677574,-0.0715));
#7408=CARTESIAN_POINT('',(-0.165547133664213,0.00326590761677574,-0.07437));
#7409=CARTESIAN_POINT('',(-0.159807518171373,-0.00206929050130329,-0.07437));
#7410=CARTESIAN_POINT('',(-0.164795470591182,0.00256720725650456,-0.07437));
#7411=CARTESIAN_POINT('',(-0.164795470591182,0.00256720725650456,-0.0685));
#7412=CARTESIAN_POINT('',(-0.169005339540948,0.00648044585692597,-0.07287));
#7413=CARTESIAN_POINT('',(-0.12841437515623,-0.0312504504141837,-0.07287));
#7414=CARTESIAN_POINT('',(-0.159807518171373,-0.00206929050130328,-0.07287));
#7415=CARTESIAN_POINT('',(-0.159807518171373,-0.00206929050130329,-0.0715));
#7416=CARTESIAN_POINT('',(-0.154083497588838,0.00327399573183622,-0.0715));
#7417=CARTESIAN_POINT('',(-0.117517899987654,0.0374074254516863,-0.07287));
#7418=CARTESIAN_POINT('',(-0.150620742650633,0.00650642484757056,-0.07287));
#7419=CARTESIAN_POINT('',(-0.154825555884034,0.00258129558938722,-0.0685));
#7420=CARTESIAN_POINT('',(-0.154825555884034,0.00258129558938722,-0.07437));
#7421=CARTESIAN_POINT('',(-0.154083497588838,0.00327399573183622,-0.07437));
#7422=CARTESIAN_POINT('',(-0.0885998744289728,-0.0024483215231666,-0.07437));
#7423=CARTESIAN_POINT('',(-0.088607113928951,0.00267486784959582,-0.07437));
#7424=CARTESIAN_POINT('',(-0.131879601417998,-0.00215041234656641,-0.0715));
#7425=CARTESIAN_POINT('',(-0.104388637035551,0.0234035192051903,-0.07287));
#7426=CARTESIAN_POINT('',(-0.12259450902501,0.00648044585692597,-0.07287));
#7427=CARTESIAN_POINT('',(-0.131792330394584,-0.00206929050130339,-0.07287));
#7428=CARTESIAN_POINT('',(-0.126804377974776,0.00256720725650457,-0.0685));
#7429=CARTESIAN_POINT('',(-0.126804377974776,0.00256720725650457,-0.07437));
#7430=CARTESIAN_POINT('',(-0.131879601417998,-0.00215041234656641,-0.07437));
#7431=CARTESIAN_POINT('',(-0.131792330394584,-0.00206929050130339,-0.07437));
#7432=CARTESIAN_POINT('',(-0.131792330394584,-0.00206929050130339,-0.0715));
#7433=CARTESIAN_POINT('',(-0.137516350977119,0.00327399573183624,-0.0715));
#7434=CARTESIAN_POINT('',(-0.137516350977119,0.00327399573183624,-0.07437));
#7435=CARTESIAN_POINT('',(-0.136774292681924,0.00258129558938723,-0.07437));
#7436=CARTESIAN_POINT('',(-0.136774292681924,0.00258129558938722,-0.0685));
#7437=CARTESIAN_POINT('',(-0.140979105915325,0.00650642484757056,-0.07287));
#7438=CARTESIAN_POINT('',(-0.115516058335456,-0.0172629431387058,-0.07287));
#7439=CARTESIAN_POINT('',(-0.0885998744289728,-0.0024483215231666,-0.07437));
#7440=CARTESIAN_POINT('',(-0.131794016914022,0.00257425803842249,-0.07437));
#7441=CARTESIAN_POINT('',(-0.126068824053624,-0.00817603133764538,-0.0715));
#7442=CARTESIAN_POINT('',(-0.115846189832223,-0.0176918142640968,-0.07287));
#7443=CARTESIAN_POINT('',(-0.131793431812549,-0.00284725564312105,-0.07287));
#7444=CARTESIAN_POINT('',(-0.122610929530854,-0.0113948272906844,-0.07287));
#7445=CARTESIAN_POINT('',(-0.131793431812549,-0.00284725564312105,-0.0715));
#7446=CARTESIAN_POINT('',(-0.131793431812549,-0.00284725564312105,-0.07437));
#7447=CARTESIAN_POINT('',(-0.126068824053624,-0.00817603133764538,-0.07437));
#7448=CARTESIAN_POINT('',(-0.126821237876571,-0.00747564370223134,-0.07437));
#7449=CARTESIAN_POINT('',(-0.126821237876571,-0.00747564370223134,-0.0685));
#7450=CARTESIAN_POINT('',(-0.137517383127993,-0.00816789329284446,-0.0715));
#7451=CARTESIAN_POINT('',(-0.137517383127993,-0.00816789329284446,-0.07437));
#7452=CARTESIAN_POINT('',(-0.136772659804274,-0.00747564370223134,-0.07437));
#7453=CARTESIAN_POINT('',(-0.104001201026915,0.022986714867575,-0.07287));
#7454=CARTESIAN_POINT('',(-0.140988924382592,-0.0113948272906845,-0.07287));
#7455=CARTESIAN_POINT('',(-0.136772659804275,-0.00747564370223144,-0.0685));
#7456=CARTESIAN_POINT('',(-0.0885998744289728,-0.0024483215231666,-0.07437));
#7457=CARTESIAN_POINT('',(-0.0885998744289728,-0.00747564370223134,-0.07437));
#7458=CARTESIAN_POINT('',(-0.137904819137361,-0.00775108895577577,-0.0715));
#7459=CARTESIAN_POINT('',(-0.104388637035617,0.0234035192052614,-0.07287));
#7460=CARTESIAN_POINT('',(-0.141548016625995,-0.011137584167764,-0.07287));
#7461=CARTESIAN_POINT('',(-0.13219480411728,-0.00244340564016988,-0.07287));
#7462=CARTESIAN_POINT('',(-0.13219480411728,-0.00244340564016988,-0.0715));
#7463=CARTESIAN_POINT('',(-0.13219480411728,-0.00244340564016988,-0.07437));
#7464=CARTESIAN_POINT('',(-0.137904819137361,-0.00775108895577577,-0.07437));
#7465=CARTESIAN_POINT('',(-0.137628833037542,-0.00749454903211615,-0.07437));
#7466=CARTESIAN_POINT('',(-0.137628833037542,-0.00749454903211615,-0.0685));
#7467=CARTESIAN_POINT('',(-0.137904752225732,0.0028567432655985,-0.0715));
#7468=CARTESIAN_POINT('',(-0.137904752225732,0.0028567432655985,-0.07437));
#7469=CARTESIAN_POINT('',(-0.137628833037542,0.00260062661522098,-0.07437));
#7470=CARTESIAN_POINT('',(-0.115772111570836,-0.0176874523944604,-0.07287));
#7471=CARTESIAN_POINT('',(-0.141548016625995,0.00623853298727699,-0.07287));
#7472=CARTESIAN_POINT('',(-0.137628833037542,0.00260062661522098,-0.0685));
#7473=CARTESIAN_POINT('',(-0.0885998744289728,-0.0024483215231666,-0.07437));
#7474=CARTESIAN_POINT('',(-0.137628833037542,-0.0024483215231666,-0.07437));
#7475=CARTESIAN_POINT('',(-0.125665278892521,0.00284910327815508,-0.0715));
#7476=CARTESIAN_POINT('',(-0.104001201026141,0.0229867148667423,-0.07287));
#7477=CARTESIAN_POINT('',(-0.1313584176269,-0.00244289286679874,-0.07287));
#7478=CARTESIAN_POINT('',(-0.122039102250422,0.00621977694451546,-0.07287));
#7479=CARTESIAN_POINT('',(-0.1313584176269,-0.00244289286679874,-0.0715));
#7480=CARTESIAN_POINT('',(-0.1313584176269,-0.00244289286679874,-0.07437));
#7481=CARTESIAN_POINT('',(-0.125665278892521,0.00284910327815508,-0.07437));
#7482=CARTESIAN_POINT('',(-0.125958285838875,0.00257674180886762,-0.07437));
#7483=CARTESIAN_POINT('',(-0.125958285838875,0.00257674180886762,-0.0685));
#7484=CARTESIAN_POINT('',(-0.12566521178708,-0.00774243795018944,-0.0715));
#7485=CARTESIAN_POINT('',(-0.12566521178708,-0.00774243795018944,-0.07437));
#7486=CARTESIAN_POINT('',(-0.125958285838875,-0.00746962871160604,-0.07437));
#7487=CARTESIAN_POINT('',(-0.115442577566453,-0.0172582208759204,-0.07287));
#7488=CARTESIAN_POINT('',(-0.122039102250422,-0.0111178175706533,-0.07287));
#7489=CARTESIAN_POINT('',(-0.125958285838875,-0.00746962871160604,-0.0685));
#7490=CARTESIAN_POINT('',(-0.0885998744289728,-0.0024483215231666,-0.07437));
#7491=CARTESIAN_POINT('',(-0.125958285838875,-0.0024483215231666,-0.07437));
#7492=CARTESIAN_POINT('',(-0.0975994445092361,-0.00774752531218276,-0.0715));
#7493=CARTESIAN_POINT('',(-0.0975994445092361,-0.00774752531218276,-0.07437));
#7494=CARTESIAN_POINT('',(-0.0978754759692527,-0.00749103419575706,-0.07437));
#7495=CARTESIAN_POINT('',(-0.103310398009235,-0.00244085179394691,-0.07437));
#7496=CARTESIAN_POINT('',(-0.103310398009235,-0.00244085179394691,-0.0715));
#7497=CARTESIAN_POINT('',(-0.103310398009235,-0.00244085179394691,-0.07287));
#7498=CARTESIAN_POINT('',(-0.102409131716857,-0.0032783171955898,-0.07287));
#7499=CARTESIAN_POINT('',(-0.0939556482362423,-0.0111333762366817,-0.07287));
#7500=CARTESIAN_POINT('',(-0.0978754759692527,-0.00749103419575706,-0.0685));
#7501=CARTESIAN_POINT('',(-0.0976013872269258,0.00286030673150765,-0.0715));
#7502=CARTESIAN_POINT('',(-0.0909950587025746,0.00899467853674909,-0.07287));
#7503=CARTESIAN_POINT('',(-0.0939587208928622,0.00624274064668695,-0.07287));
#7504=CARTESIAN_POINT('',(-0.0976013872269258,0.00286030673150765,-0.07437));
#7505=CARTESIAN_POINT('',(-0.097877261121137,0.00260414129374391,-0.07437));
#7506=CARTESIAN_POINT('',(-0.097877261121137,0.00260414129374391,-0.0685));
#7507=CARTESIAN_POINT('',(-0.0885998744289728,-0.0024483215231666,-0.07437));
#7508=CARTESIAN_POINT('',(-0.0978761739571188,-0.00354385745430434,-0.07437));
#7509=CARTESIAN_POINT('',(-0.0979868068081277,-0.00816439815388782,-0.0715));
#7510=CARTESIAN_POINT('',(-0.102796494015084,-0.00369519003791239,-0.07287));
#7511=CARTESIAN_POINT('',(-0.0945146949820423,-0.0113907182210787,-0.07287));
#7512=CARTESIAN_POINT('',(-0.103711698894016,-0.00284477276612236,-0.07287));
#7513=CARTESIAN_POINT('',(-0.103711698894016,-0.00284477276612236,-0.0715));
#7514=CARTESIAN_POINT('',(-0.103711698894016,-0.00284477276612236,-0.07437));
#7515=CARTESIAN_POINT('',(-0.0979868068081277,-0.00816439815388782,-0.07437));
#7516=CARTESIAN_POINT('',(-0.0987316525322048,-0.00747228026514444,-0.07437));
#7517=CARTESIAN_POINT('',(-0.0987316525322048,-0.00747228026514444,-0.0685));
#7518=CARTESIAN_POINT('',(-0.103632008988943,-0.00277056676964836,-0.0715));
#7519=CARTESIAN_POINT('',(-0.103632008988943,-0.00277056676964836,-0.07437));
#7520=CARTESIAN_POINT('',(-0.108683074304319,-0.0074740399967455,-0.07437));
#7521=CARTESIAN_POINT('',(-0.0909960914119688,0.00899580256281191,-0.07287));
#7522=CARTESIAN_POINT('',(-0.112892689546445,-0.0113939680419124,-0.07287));
#7523=CARTESIAN_POINT('',(-0.108683074304319,-0.0074740399967455,-0.0685));
#7524=CARTESIAN_POINT('',(-0.0885998744289728,-0.0024483215231666,-0.07437));
#7525=CARTESIAN_POINT('',(-0.103702731797401,-0.00747315931192536,-0.07437));
#7526=CARTESIAN_POINT('',(-0.103642049488245,-0.00213267801522698,-0.0715));
#7527=CARTESIAN_POINT('',(-0.103712937881233,-0.00206680783123402,-0.0715));
#7528=CARTESIAN_POINT('',(-0.103712937881233,-0.00206680783123403,-0.07287));
#7529=CARTESIAN_POINT('',(-0.103712937881233,-0.00206680783123402,-0.07437));
#7530=CARTESIAN_POINT('',(-0.103642049488245,-0.00213267801522698,-0.07437));
#7531=CARTESIAN_POINT('',(-0.108701710105046,0.0025688078235992,-0.07437));
#7532=CARTESIAN_POINT('',(-0.108701710105046,0.0025688078235992,-0.0685));
#7533=CARTESIAN_POINT('',(-0.112912270975492,0.00648130192254768,-0.07287));
#7534=CARTESIAN_POINT('',(-0.102409131716923,-0.00327831719566092,-0.07287));
#7535=CARTESIAN_POINT('',(-0.0979898622531277,0.00327749050938361,-0.0715));
#7536=CARTESIAN_POINT('',(-0.0914014255909252,0.0094298766403929,-0.07287));
#7537=CARTESIAN_POINT('',(-0.0945276789665386,0.00651053190107275,-0.07287));
#7538=CARTESIAN_POINT('',(-0.0987317980450468,0.0025846591579812,-0.0685));
#7539=CARTESIAN_POINT('',(-0.0987317980450468,0.0025846591579812,-0.07437));
#7540=CARTESIAN_POINT('',(-0.0979898622531277,0.00327749050938361,-0.07437));
#7541=CARTESIAN_POINT('',(-0.0885998744289728,-0.0024483215231666,-0.07437));
#7542=CARTESIAN_POINT('',(-0.0886079020429363,0.00260075531407689,-0.07437));
#7543=CARTESIAN_POINT('',(-0.109839053197928,-0.0077410386631421,-0.0715));
#7544=CARTESIAN_POINT('',(-0.0913997803446905,0.00942932457257373,-0.07287));
#7545=CARTESIAN_POINT('',(-0.104146784577214,-0.00244048692062746,-0.07287));
#7546=CARTESIAN_POINT('',(-0.113464565802167,-0.011117059443675,-0.07287));
#7547=CARTESIAN_POINT('',(-0.104146784577214,-0.00244048692062747,-0.0715));
#7548=CARTESIAN_POINT('',(-0.104146784577214,-0.00244048692062746,-0.07437));
#7549=CARTESIAN_POINT('',(-0.109839053197928,-0.0077410386631421,-0.07437));
#7550=CARTESIAN_POINT('',(-0.109546027392167,-0.00746817760390149,-0.07437));
#7551=CARTESIAN_POINT('',(-0.109546027392167,-0.00746817760390149,-0.0685));
#7552=CARTESIAN_POINT('',(-0.109840859017779,0.0028505024114722,-0.0715));
#7553=CARTESIAN_POINT('',(-0.109840859017779,0.0028505024114722,-0.07437));
#7554=CARTESIAN_POINT('',(-0.109547803913734,0.0025781927594991,-0.07437));
#7555=CARTESIAN_POINT('',(-0.102796494015858,-0.0036951900387451,-0.07287));
#7556=CARTESIAN_POINT('',(-0.113467631646745,0.00622053480042378,-0.07287));
#7557=CARTESIAN_POINT('',(-0.109547803913734,0.0025781927594991,-0.0685));
#7558=CARTESIAN_POINT('',(-0.0885998744289728,-0.0024483215231666,-0.07437));
#7559=CARTESIAN_POINT('',(-0.109546914409253,-0.00245202563390055,-0.07437));
#7560=CARTESIAN_POINT('',(-0.0475474588672891,-0.00212026348208133,-0.0715));
#7561=CARTESIAN_POINT('',(-0.0476183589071366,-0.00205440583446737,-0.0715));
#7562=CARTESIAN_POINT('',(-0.0476183589071366,-0.00205440583446737,-0.07287));
#7563=CARTESIAN_POINT('',(-0.0476183589071366,-0.00205440583446737,-0.07437));
#7564=CARTESIAN_POINT('',(-0.0475474588672891,-0.00212026348208133,-0.07437));
#7565=CARTESIAN_POINT('',(-0.0526079507789581,0.00258032757243728,-0.07437));
#7566=CARTESIAN_POINT('',(-0.0526079507789581,0.00258032757243728,-0.0685));
#7567=CARTESIAN_POINT('',(-0.0568192034384207,0.00649207704757063,-0.07287));
#7568=CARTESIAN_POINT('',(-0.0764187274246462,0.0246976880297823,-0.07287));
#7569=CARTESIAN_POINT('',(-0.0418962284124189,0.00329090444651436,-0.0715));
#7570=CARTESIAN_POINT('',(-0.0652701085577283,-0.0185437324885389,-0.07287));
#7571=CARTESIAN_POINT('',(-0.0384346168857074,0.00652455801306215,-0.07287));
#7572=CARTESIAN_POINT('',(-0.0426380416778623,0.00259794190782295,-0.0685));
#7573=CARTESIAN_POINT('',(-0.0426380416778623,0.00259794190782295,-0.07437));
#7574=CARTESIAN_POINT('',(-0.0418962284124189,0.00329090444651436,-0.07437));
#7575=CARTESIAN_POINT('',(-0.0885998744289728,-0.0024483215231666,-0.07437));
#7576=CARTESIAN_POINT('',(-0.0886086464212443,0.00251672334889516,-0.07437));
#7577=CARTESIAN_POINT('',(-0.0757686156350751,-0.00212774909516833,-0.0715));
#7578=CARTESIAN_POINT('',(-0.0783878842890694,-0.00456332573647489,-0.07287));
#7579=CARTESIAN_POINT('',(-0.0665014411851784,0.00648950885073226,-0.07287));
#7580=CARTESIAN_POINT('',(-0.075697750542456,-0.0020618538445976,-0.07287));
#7581=CARTESIAN_POINT('',(-0.0707106180826247,0.0025755258712034,-0.0685));
#7582=CARTESIAN_POINT('',(-0.0707106180826247,0.0025755258712034,-0.07437));
#7583=CARTESIAN_POINT('',(-0.0757686156350751,-0.00212774909516833,-0.07437));
#7584=CARTESIAN_POINT('',(-0.075697750542456,-0.00206185384459759,-0.07437));
#7585=CARTESIAN_POINT('',(-0.075697750542456,-0.00206185384459759,-0.0715));
#7586=CARTESIAN_POINT('',(-0.0814227159004327,0.0032804201139816,-0.0715));
#7587=CARTESIAN_POINT('',(-0.0814227159004327,0.0032804201139816,-0.07437));
#7588=CARTESIAN_POINT('',(-0.0806805351251653,0.00258785120214619,-0.07437));
#7589=CARTESIAN_POINT('',(-0.0806805351251653,0.00258785120214619,-0.0685));
#7590=CARTESIAN_POINT('',(-0.0848860423819749,0.00651223685268402,-0.07287));
#7591=CARTESIAN_POINT('',(-0.0893950923055143,0.0107198745374946,-0.07287));
#7592=CARTESIAN_POINT('',(-0.0885998744289728,-0.0024483215231666,-0.07437));
#7593=CARTESIAN_POINT('',(-0.075700258190663,0.0025816943242963,-0.07437));
#7594=CARTESIAN_POINT('',(-0.0196904152104467,-0.00212565056618839,-0.0715));
#7595=CARTESIAN_POINT('',(-0.052372293754115,-0.0325262932621245,-0.07287));
#7596=CARTESIAN_POINT('',(-0.0104083758249797,0.00650849090368314,-0.07287));
#7597=CARTESIAN_POINT('',(-0.0196031728823958,-0.00204449786134944,-0.07287));
#7598=CARTESIAN_POINT('',(-0.0146168605384866,0.00259376366743559,-0.0685));
#7599=CARTESIAN_POINT('',(-0.0146168605384866,0.00259376366743559,-0.07437));
#7600=CARTESIAN_POINT('',(-0.0196904152104467,-0.00212565056618839,-0.07437));
#7601=CARTESIAN_POINT('',(-0.0196031728823958,-0.00204449786134944,-0.07437));
#7602=CARTESIAN_POINT('',(-0.0196031728823958,-0.00204449786134944,-0.0715));
#7603=CARTESIAN_POINT('',(-0.0253290828367971,0.00329676365561861,-0.0715));
#7604=CARTESIAN_POINT('',(-0.0253290828367971,0.00329676365561861,-0.07437));
#7605=CARTESIAN_POINT('',(-0.0245867796046649,0.0026043259960531,-0.07437));
#7606=CARTESIAN_POINT('',(-0.0245867796046649,0.0026043259960531,-0.0685));
#7607=CARTESIAN_POINT('',(-0.0287929807533792,0.00652796791623138,-0.07287));
#7608=CARTESIAN_POINT('',(-0.0632889702932981,0.0387066264851942,-0.07287));
#7609=CARTESIAN_POINT('',(-0.0885998744289728,-0.0024483215231666,-0.07437));
#7610=CARTESIAN_POINT('',(-0.0196065016592944,0.00259904979151057,-0.07437));
#7611=CARTESIAN_POINT('',(-0.0475373055688864,-0.00275815045104618,-0.0715));
#7612=CARTESIAN_POINT('',(-0.0475373055688864,-0.00275815045104618,-0.07437));
#7613=CARTESIAN_POINT('',(-0.0525875390798818,-0.00746251679548022,-0.07437));
#7614=CARTESIAN_POINT('',(-0.0476169823507062,-0.00283237053809958,-0.07437));
#7615=CARTESIAN_POINT('',(-0.0476169823507062,-0.00283237053809958,-0.0715));
#7616=CARTESIAN_POINT('',(-0.0476169823507062,-0.00283237053809958,-0.07287));
#7617=CARTESIAN_POINT('',(-0.0649434555026411,-0.0189722335733905,-0.07287));
#7618=CARTESIAN_POINT('',(-0.0567964610867813,-0.0113831891747863,-0.07287));
#7619=CARTESIAN_POINT('',(-0.0525875390798818,-0.00746251679548022,-0.0685));
#7620=CARTESIAN_POINT('',(-0.0418911496733889,-0.00815098349756417,-0.0715));
#7621=CARTESIAN_POINT('',(-0.0768060160002179,0.0242807466959302,-0.07287));
#7622=CARTESIAN_POINT('',(-0.0384184673843887,-0.0113766895332205,-0.07287));
#7623=CARTESIAN_POINT('',(-0.0418911496733889,-0.00815098349756417,-0.07437));
#7624=CARTESIAN_POINT('',(-0.0426361177745329,-0.00745899733233302,-0.07437));
#7625=CARTESIAN_POINT('',(-0.0426361177745329,-0.00745899733233302,-0.0685));
#7626=CARTESIAN_POINT('',(-0.0885998744289728,-0.0024483215231666,-0.07437));
#7627=CARTESIAN_POINT('',(-0.0476071968065639,-0.00746075542586742,-0.07437));
#7628=CARTESIAN_POINT('',(-0.0699731644227064,-0.00816758248537692,-0.0715));
#7629=CARTESIAN_POINT('',(-0.0898039028600121,0.010285401309226,-0.07287));
#7630=CARTESIAN_POINT('',(-0.0756987143911339,-0.00283981916901821,-0.07287));
#7631=CARTESIAN_POINT('',(-0.0665147007673051,-0.0113857669210754,-0.07287));
#7632=CARTESIAN_POINT('',(-0.0756987143911339,-0.00283981916901821,-0.0715));
#7633=CARTESIAN_POINT('',(-0.0756987143911339,-0.00283981916901821,-0.07437));
#7634=CARTESIAN_POINT('',(-0.0699731644227064,-0.00816758248537692,-0.07437));
#7635=CARTESIAN_POINT('',(-0.07072570208496,-0.00746732791188758,-0.07437));
#7636=CARTESIAN_POINT('',(-0.07072570208496,-0.00746732791188758,-0.0685));
#7637=CARTESIAN_POINT('',(-0.0814217247571478,-0.00816146891432499,-0.0715));
#7638=CARTESIAN_POINT('',(-0.0814217247571478,-0.00816146891432499,-0.07437));
#7639=CARTESIAN_POINT('',(-0.0806771238570747,-0.00746908764348883,-0.07437));
#7640=CARTESIAN_POINT('',(-0.0780003745820719,-0.00498006155642089,-0.07287));
#7641=CARTESIAN_POINT('',(-0.0848926953317072,-0.0113890167419094,-0.07287));
#7642=CARTESIAN_POINT('',(-0.0806771238570747,-0.00746908764348883,-0.0685));
#7643=CARTESIAN_POINT('',(-0.0885998744289728,-0.0024483215231666,-0.07437));
#7644=CARTESIAN_POINT('',(-0.0885989863482433,-0.00747048848369898,-0.07437));
#7645=CARTESIAN_POINT('',(-0.0138775071628633,-0.00814921411564205,-0.0715));
#7646=CARTESIAN_POINT('',(-0.0637764569481186,0.0382665093886926,-0.07287));
#7647=CARTESIAN_POINT('',(-0.019603999161757,-0.00282246334404617,-0.07287));
#7648=CARTESIAN_POINT('',(-0.0104184744829752,-0.0113667869333687,-0.07287));
#7649=CARTESIAN_POINT('',(-0.019603999161757,-0.00282246334404618,-0.0715));
#7650=CARTESIAN_POINT('',(-0.019603999161757,-0.00282246334404617,-0.07437));
#7651=CARTESIAN_POINT('',(-0.0138775071628633,-0.00814921411564205,-0.07437));
#7652=CARTESIAN_POINT('',(-0.0146301686408913,-0.00744909262597425,-0.07437));
#7653=CARTESIAN_POINT('',(-0.0146301686408913,-0.00744909262597425,-0.0685));
#7654=CARTESIAN_POINT('',(-0.0253260683993841,-0.00814512501853019,-0.0715));
#7655=CARTESIAN_POINT('',(-0.0253260683993841,-0.00814512501853019,-0.07437));
#7656=CARTESIAN_POINT('',(-0.0245815899462403,-0.00745261208912164,-0.07437));
#7657=CARTESIAN_POINT('',(-0.0519847103608707,-0.0329429605513698,-0.07287));
#7658=CARTESIAN_POINT('',(-0.0287964681853679,-0.0113732865749349,-0.07287));
#7659=CARTESIAN_POINT('',(-0.0245815899462403,-0.00745261208912164,-0.0685));
#7660=CARTESIAN_POINT('',(-0.0885998744289728,-0.0024483215231666,-0.07437));
#7661=CARTESIAN_POINT('',(-0.0885980965826144,-0.00747525244661614,-0.07437));
#7662=CARTESIAN_POINT('',(-0.0818092344648759,-0.00774473309492577,-0.0715));
#7663=CARTESIAN_POINT('',(-0.0783878842891355,-0.00456332573640383,-0.07287));
#7664=CARTESIAN_POINT('',(-0.0854518330552298,-0.0111318724885091,-0.07287));
#7665=CARTESIAN_POINT('',(-0.0761001581032651,-0.00243604014791942,-0.07287));
#7666=CARTESIAN_POINT('',(-0.0761001581032651,-0.00243604014791942,-0.0715));
#7667=CARTESIAN_POINT('',(-0.0761001581032651,-0.00243604014791942,-0.07437));
#7668=CARTESIAN_POINT('',(-0.0818092344648759,-0.00774473309492577,-0.07437));
#7669=CARTESIAN_POINT('',(-0.0815332937338855,-0.0074881443720544,-0.07437));
#7670=CARTESIAN_POINT('',(-0.0815332937338855,-0.0074881443720544,-0.0685));
#7671=CARTESIAN_POINT('',(-0.0818110433593109,0.00286309897242916,-0.0715));
#7672=CARTESIAN_POINT('',(-0.0818110433593109,0.00286309897242916,-0.07437));
#7673=CARTESIAN_POINT('',(-0.0815350788857698,0.00260703111744647,-0.07437));
#7674=CARTESIAN_POINT('',(-0.0898085643547053,0.0102840108752972,-0.07287));
#7675=CARTESIAN_POINT('',(-0.0854549057118498,0.00624424439485953,-0.07287));
#7676=CARTESIAN_POINT('',(-0.0815350788857698,0.00260703111744647,-0.0685));
#7677=CARTESIAN_POINT('',(-0.0885998744289728,-0.0024483215231666,-0.07437));
#7678=CARTESIAN_POINT('',(-0.0815341851576856,-0.002447072081933,-0.07437));
#7679=CARTESIAN_POINT('',(-0.0257136517933556,-0.0077284577298317,-0.0715));
#7680=CARTESIAN_POINT('',(-0.0523722937541785,-0.0325262932620533,-0.07287));
#7681=CARTESIAN_POINT('',(-0.0293556513715267,-0.0111162411990958,-0.07287));
#7682=CARTESIAN_POINT('',(-0.0200055142687349,-0.00241875531742582,-0.07287));
#7683=CARTESIAN_POINT('',(-0.0200055142687349,-0.00241875531742582,-0.0715));
#7684=CARTESIAN_POINT('',(-0.0200055142687349,-0.00241875531742582,-0.07437));
#7685=CARTESIAN_POINT('',(-0.0257136517933556,-0.0077284577298317,-0.07437));
#7686=CARTESIAN_POINT('',(-0.0254377564398222,-0.00747182021577231,-0.07437));
#7687=CARTESIAN_POINT('',(-0.0254377564398222,-0.00747182021577231,-0.0685));
#7688=CARTESIAN_POINT('',(-0.0257173364937979,0.00287937385180109,-0.0715));
#7689=CARTESIAN_POINT('',(-0.0257173364937979,0.00287937385180109,-0.07437));
#7690=CARTESIAN_POINT('',(-0.025441326743535,0.00262335480022028,-0.07437));
#7691=CARTESIAN_POINT('',(-0.0638598551365267,0.0382593248807554,-0.07287));
#7692=CARTESIAN_POINT('',(-0.0293617966846704,0.00625987486925606,-0.07287));
#7693=CARTESIAN_POINT('',(-0.025441326743535,0.00262335480022028,-0.0685));
#7694=CARTESIAN_POINT('',(-0.0885998744289728,-0.0024483215231666,-0.07437));
#7695=CARTESIAN_POINT('',(-0.0254395409723218,-0.00242598396362101,-0.07437));
#7696=CARTESIAN_POINT('',(-0.0415076796207752,0.0028737893700455,-0.0715));
#7697=CARTESIAN_POINT('',(-0.0650211646721962,-0.0189676344272549,-0.07287));
#7698=CARTESIAN_POINT('',(-0.0378656114668161,0.00625686737295789,-0.07287));
#7699=CARTESIAN_POINT('',(-0.0472157528984242,-0.00242837860933035,-0.07287));
#7700=CARTESIAN_POINT('',(-0.0472157528984242,-0.00242837860933035,-0.0715));
#7701=CARTESIAN_POINT('',(-0.0472157528984242,-0.00242837860933035,-0.07437));
#7702=CARTESIAN_POINT('',(-0.0415076796207752,0.0028737893700455,-0.07437));
#7703=CARTESIAN_POINT('',(-0.0417835082123814,0.00261757515290544,-0.07437));
#7704=CARTESIAN_POINT('',(-0.0417835082123814,0.00261757515290544,-0.0685));
#7705=CARTESIAN_POINT('',(-0.0415038610970856,-0.00773404216425846,-0.0715));
#7706=CARTESIAN_POINT('',(-0.0415038610970856,-0.00773404216425846,-0.07437));
#7707=CARTESIAN_POINT('',(-0.0417799379086686,-0.00747759986308713,-0.07437));
#7708=CARTESIAN_POINT('',(-0.0764187274245802,0.0246976880298534,-0.07287));
#7709=CARTESIAN_POINT('',(-0.0378594661536725,-0.011119248695394,-0.07287));
#7710=CARTESIAN_POINT('',(-0.0417799379086686,-0.00747759986308712,-0.0685));
#7711=CARTESIAN_POINT('',(-0.0885998744289728,-0.0024483215231666,-0.07437));
#7712=CARTESIAN_POINT('',(-0.0417813338843789,-0.00353042330677391,-0.07437));
#7713=CARTESIAN_POINT('',(-0.0695696288357361,-0.00773391773306445,-0.0715));
#7714=CARTESIAN_POINT('',(-0.0695696288357361,-0.00773391773306445,-0.07437));
#7715=CARTESIAN_POINT('',(-0.075263771716636,-0.00243537947451258,-0.07437));
#7716=CARTESIAN_POINT('',(-0.0698627511244003,-0.00746116032366906,-0.07437));
#7717=CARTESIAN_POINT('',(-0.075263771716636,-0.00243537947451258,-0.0715));
#7718=CARTESIAN_POINT('',(-0.075263771716636,-0.00243537947451258,-0.07287));
#7719=CARTESIAN_POINT('',(-0.0894003672738158,0.0107190660622588,-0.07287));
#7720=CARTESIAN_POINT('',(-0.0659429224800458,-0.0111086560879126,-0.07287));
#7721=CARTESIAN_POINT('',(-0.0698627511244003,-0.00746116032366906,-0.0685));
#7722=CARTESIAN_POINT('',(-0.0695715688664658,0.00285762331781689,-0.0715));
#7723=CARTESIAN_POINT('',(-0.0780003745812982,-0.00498006155725331,-0.07287));
#7724=CARTESIAN_POINT('',(-0.0659459883246234,0.00622893815618622,-0.07287));
#7725=CARTESIAN_POINT('',(-0.0695715688664658,0.00285762331781689,-0.07437));
#7726=CARTESIAN_POINT('',(-0.0698645276459678,0.00258521003973154,-0.07437));
#7727=CARTESIAN_POINT('',(-0.0698645276459678,0.00258521003973154,-0.0685));
#7728=CARTESIAN_POINT('',(-0.0885998744289728,-0.0024483215231666,-0.07437));
#7729=CARTESIAN_POINT('',(-0.069863638677287,-0.0024419783557163,-0.07437));
#7730=CARTESIAN_POINT('',(-0.0537434707414617,-0.00772971987196621,-0.0715));
#7731=CARTESIAN_POINT('',(-0.0653472210896919,-0.0185387829555995,-0.07287));
#7732=CARTESIAN_POINT('',(-0.0480521395178476,-0.00242816163607404,-0.07287));
#7733=CARTESIAN_POINT('',(-0.0573683862999132,-0.0111063817070015,-0.07287));
#7734=CARTESIAN_POINT('',(-0.0480521395178476,-0.00242816163607404,-0.0715));
#7735=CARTESIAN_POINT('',(-0.0480521395178476,-0.00242816163607404,-0.07437));
#7736=CARTESIAN_POINT('',(-0.0537434707414617,-0.00772971987196621,-0.07437));
#7737=CARTESIAN_POINT('',(-0.053450493190897,-0.00745680700060081,-0.07437));
#7738=CARTESIAN_POINT('',(-0.053450493190897,-0.00745680700060081,-0.0685));
#7739=CARTESIAN_POINT('',(-0.0537471494865483,0.00286182071772443,-0.0715));
#7740=CARTESIAN_POINT('',(-0.0537471494865483,0.00286182071772443,-0.07437));
#7741=CARTESIAN_POINT('',(-0.0534540462339764,0.00258956289158051,-0.07437));
#7742=CARTESIAN_POINT('',(-0.076806016000992,0.0242807466950974,-0.07287));
#7743=CARTESIAN_POINT('',(-0.0573745179889725,0.00623121172388738,-0.07287));
#7744=CARTESIAN_POINT('',(-0.0534540462339764,0.00258956289158051,-0.0685));
#7745=CARTESIAN_POINT('',(-0.0885998744289728,-0.0024483215231666,-0.07437));
#7746=CARTESIAN_POINT('',(-0.0534522689099677,-0.00243589106740112,-0.07437));
#7747=CARTESIAN_POINT('',(-0.0134740482680844,-0.00771547801203352,-0.0715));
#7748=CARTESIAN_POINT('',(-0.0134740482680844,-0.00771547801203352,-0.07437));
#7749=CARTESIAN_POINT('',(-0.0191691280120108,-0.00241794674400398,-0.07437));
#7750=CARTESIAN_POINT('',(-0.0137672187844517,-0.00744277244035537,-0.07437));
#7751=CARTESIAN_POINT('',(-0.0191691280120108,-0.00241794674400398,-0.0715));
#7752=CARTESIAN_POINT('',(-0.0191691280120108,-0.00241794674400398,-0.07287));
#7753=CARTESIAN_POINT('',(-0.0633729980541138,0.0387002454930211,-0.07287));
#7754=CARTESIAN_POINT('',(-0.00984674520676729,-0.0110895749957394,-0.07287));
#7755=CARTESIAN_POINT('',(-0.0137672187844517,-0.00744277244035537,-0.0685));
#7756=CARTESIAN_POINT('',(-0.0134778612240421,0.00287606253019109,-0.0715));
#7757=CARTESIAN_POINT('',(-0.0519847103600976,-0.032942960552202,-0.07287));
#7758=CARTESIAN_POINT('',(-0.00985287689582663,0.00624801843514946,-0.07287));
#7759=CARTESIAN_POINT('',(-0.0134778612240421,0.00287606253019109,-0.07437));
#7760=CARTESIAN_POINT('',(-0.0137707718275311,0.00260359745182593,-0.07437));
#7761=CARTESIAN_POINT('',(-0.0137707718275311,0.00260359745182593,-0.0685));
#7762=CARTESIAN_POINT('',(-0.0885998744289728,-0.0024483215231666,-0.07437));
#7763=CARTESIAN_POINT('',(-0.0137689938901974,-0.00242359070782373,-0.07437));
#7764=CARTESIAN_POINT('',(-0.091,0.009,-0.07287));
#7765=CARTESIAN_POINT('',(-0.0104083758249797,0.00650849090368314,-0.07287));
#7766=CARTESIAN_POINT('',(-0.0384346168857074,0.00652455801306215,-0.07287));
#7767=CARTESIAN_POINT('',(-0.0665014411851784,0.00648950885073226,-0.07287));
#7768=CARTESIAN_POINT('',(-0.0945276789665386,0.00651053190107275,-0.07287));
#7769=CARTESIAN_POINT('',(-0.12259450902501,0.00648044585692597,-0.07287));
#7770=CARTESIAN_POINT('',(-0.150620742650633,0.00650642484757056,-0.07287));
#7771=CARTESIAN_POINT('',(-0.169560746315535,0.00621977694451547,-0.07287));
#7772=CARTESIAN_POINT('',(-0.150051831939963,-0.011137584167764,-0.07287));
#7773=CARTESIAN_POINT('',(-0.141548016625995,0.00623853298727699,-0.07287));
#7774=CARTESIAN_POINT('',(-0.122039102250422,-0.0111178175706533,-0.07287));
#7775=CARTESIAN_POINT('',(-0.113467631646745,0.00622053480042378,-0.07287));
#7776=CARTESIAN_POINT('',(-0.0939556482362423,-0.0111333762366817,-0.07287));
#7777=CARTESIAN_POINT('',(-0.0854549057118498,0.00624424439485953,-0.07287));
#7778=CARTESIAN_POINT('',(-0.0659429224800458,-0.0111086560879126,-0.07287));
#7779=CARTESIAN_POINT('',(-0.0573745179889725,0.00623121172388738,-0.07287));
#7780=CARTESIAN_POINT('',(-0.0378594661536725,-0.011119248695394,-0.07287));
#7781=CARTESIAN_POINT('',(-0.0293617966846704,0.00625987486925606,-0.07287));
#7782=CARTESIAN_POINT('',(-0.00984674520676729,-0.0110895749957394,-0.07287));
#7783=CARTESIAN_POINT('',(-0.000130000000000005,0.009,-0.07287));
#7784=CARTESIAN_POINT('',(-0.00013,0.00887,-0.07287));
#7785=CARTESIAN_POINT('',(-0.091,0.00887,-0.07287));
#7786=CARTESIAN_POINT('',(-0.177,0.00887,-0.07287));
#7787=CARTESIAN_POINT('',(-0.177,0.009,-0.07287));
#7788=CARTESIAN_POINT('',(-0.0287964681853679,-0.0113732865749349,-0.07287));
#7789=CARTESIAN_POINT('',(-0.0848926953317072,-0.0113890167419094,-0.07287));
#7790=CARTESIAN_POINT('',(-0.0567964610867813,-0.0113831891747863,-0.07287));
#7791=CARTESIAN_POINT('',(-0.140988924382592,-0.0113948272906845,-0.07287));
#7792=CARTESIAN_POINT('',(-0.168988919035104,-0.0113948272906844,-0.07287));
#7793=CARTESIAN_POINT('',(-0.112892689546445,-0.0113939680419124,-0.07287));
#7794=CARTESIAN_POINT('',(-0.0472871873378754,0.00013,-1.38777878078145E-17));
#7795=CARTESIAN_POINT('',(-0.091,0.00013,0.07287));
#7796=CARTESIAN_POINT('',(-0.00013,0.00013,0.07287));
#7797=CARTESIAN_POINT('',(-0.00013,0.00013,0.068));
#7798=CARTESIAN_POINT('',(-0.18187,0.009,-1.38777878078145E-17));
#7799=CARTESIAN_POINT('',(-0.18187,0.009,-0.068));
#7800=CARTESIAN_POINT('',(-0.18187,0.00887,-0.068));
#7801=CARTESIAN_POINT('',(-0.18187,0.00887,-1.38777878078145E-17));
#7802=CARTESIAN_POINT('',(-0.18187,0.00887,0.068));
#7803=CARTESIAN_POINT('',(-0.18187,0.009,0.068));
#7804=CARTESIAN_POINT('',(-0.091,0.009,0.07287));
#7805=CARTESIAN_POINT('',(-0.091,0.00887,0.07287));
#7806=CARTESIAN_POINT('',(-0.00013,0.00887,0.07287));
#7807=CARTESIAN_POINT('',(-0.177,0.00887,0.07287));
#7808=CARTESIAN_POINT('',(-0.00013,0.009,0.07287));
#7809=CARTESIAN_POINT('',(-0.177,0.009,0.07287));
#7810=CARTESIAN_POINT('',(-0.00013,0.009,0.068));
#7811=CARTESIAN_POINT('',(-0.00013,0.00887,0.068));
#7812=CARTESIAN_POINT('',(-0.00013,0.00887,0.06313));
#7813=CARTESIAN_POINT('',(-0.00013,0.009,0.06313));
#7814=CARTESIAN_POINT('',(-0.00013,0.009,-0.06313));
#7815=CARTESIAN_POINT('',(-0.00013,0.00887,-0.06313));
#7816=CARTESIAN_POINT('',(-0.00013,0.00887,0.068));
#7817=CARTESIAN_POINT('',(-0.086,0.009,0.06313));
#7818=CARTESIAN_POINT('',(-0.086,0.00887,0.06313));
#7819=CARTESIAN_POINT('',(-0.17213,0.00887,0.06313));
#7820=CARTESIAN_POINT('',(-0.17213,0.009,0.06313));
#7821=CARTESIAN_POINT('',(-0.17213,0.009,1.38777878078145E-17));
#7822=CARTESIAN_POINT('',(-0.17213,0.00887,1.38777878078145E-17));
#7823=CARTESIAN_POINT('',(-0.17213,0.00887,-0.06313));
#7824=CARTESIAN_POINT('',(-0.17213,0.009,-0.06313));
#7825=CARTESIAN_POINT('',(-0.177,0.009,-0.068));
#7826=CARTESIAN_POINT('',(-0.177,0.00887,-0.068));
#7827=CARTESIAN_POINT('',(-0.17387,0.00887,-0.068));
#7828=CARTESIAN_POINT('',(-0.177,0.,-0.068));
#7829=CARTESIAN_POINT('',(-0.17387,0.,-0.068));
#7830=CARTESIAN_POINT('',(-0.086,0.009,-0.06313));
#7831=CARTESIAN_POINT('',(-0.086,0.00887,-0.06313));
#7832=CARTESIAN_POINT('',(-0.177,0.009,0.068));
#7833=CARTESIAN_POINT('',(-0.177,0.00887,0.068));
#7834=CARTESIAN_POINT('',(-0.17387,0.00887,0.068));
#7835=CARTESIAN_POINT('',(-0.0472871873378754,0.00887,-1.38777878078145E-17));
#7836=CARTESIAN_POINT('',(-0.177,0.00887,-0.068));
#7837=CARTESIAN_POINT('',(-0.177,0.00887,0.068));
#7838=CARTESIAN_POINT('',(-0.177,0.009,0.068));
#7839=CARTESIAN_POINT('',(-0.177,0.009,-0.068));
#7840=CARTESIAN_POINT('',(-0.182,0.,0.));
#7841=CARTESIAN_POINT('',(-0.165641562727082,-0.0024483215231666,-0.0685));
#7842=CARTESIAN_POINT('',(-0.159798268104602,-0.00747564370223139,-0.0685));
#7843=CARTESIAN_POINT('',(-0.153971015528416,-0.00354737222895025,-0.0685));
#7844=CARTESIAN_POINT('',(-0.137628833037542,-0.0024483215231666,-0.0685));
#7845=CARTESIAN_POINT('',(-0.088607113928951,0.00267486784959582,-0.0685));
#7846=CARTESIAN_POINT('',(-0.131794016914022,0.00257425803842249,-0.0685));
#7847=CARTESIAN_POINT('',(-0.0885998744289728,-0.00747564370223097,-0.0685));
#7848=CARTESIAN_POINT('',(-0.125958285838875,-0.00245044666517971,-0.0685));
#7849=CARTESIAN_POINT('',(-0.109546914409253,-0.00245202563390055,-0.0685));
#7850=CARTESIAN_POINT('',(-0.103702731797401,-0.00747315931192536,-0.0685));
#7851=CARTESIAN_POINT('',(-0.0886079020429363,0.00260075531407689,-0.0685));
#7852=CARTESIAN_POINT('',(-0.0978761739571188,-0.00354385745430434,-0.0685));
#7853=CARTESIAN_POINT('',(-0.075700258190663,0.00258169432429629,-0.0685));
#7854=CARTESIAN_POINT('',(-0.0815341851576856,-0.002447072081933,-0.0685));
#7855=CARTESIAN_POINT('',(-0.0885989863482433,-0.00747048848369898,-0.0685));
#7856=CARTESIAN_POINT('',(-0.069863638677287,-0.0024419783557163,-0.0685));
#7857=CARTESIAN_POINT('',(-0.0534522689099677,-0.00243589106740112,-0.0685));
#7858=CARTESIAN_POINT('',(-0.0886086464212443,0.00251672334889516,-0.0685));
#7859=CARTESIAN_POINT('',(-0.0476071968065639,-0.00746075542586742,-0.0685));
#7860=CARTESIAN_POINT('',(-0.0417813338843789,-0.00353042330677391,-0.0685));
#7861=CARTESIAN_POINT('',(-0.0254395409723218,-0.00242598396362101,-0.0685));
#7862=CARTESIAN_POINT('',(-0.0885980965826144,-0.00747525244661614,-0.0685));
#7863=CARTESIAN_POINT('',(-0.0196065016592944,0.00259904979151057,-0.0685));
#7864=CARTESIAN_POINT('',(-0.0137689938901974,-0.00242359070782373,-0.0685));
#7865=CARTESIAN_POINT('',(0.,0.,0.));
#7866=CARTESIAN_POINT('',(-0.177,0.008,-0.068));
#7867=CARTESIAN_POINT('',(-0.177,0.008,-0.068));
#7868=CARTESIAN_POINT('',(-0.1753,0.008,-0.068));
#7869=CARTESIAN_POINT('',(-0.177,0.0031,-0.068));
#7870=CARTESIAN_POINT('',(-0.1753,0.0031,-0.068));
#7871=CARTESIAN_POINT('',(-0.177,0.008,-0.068));
#7872=CARTESIAN_POINT('',(-0.177,0.008,-0.068));
#7873=CARTESIAN_POINT('',(-0.174,0.008,-0.068));
#7874=CARTESIAN_POINT('',(-0.177,0.0031,-0.068));
#7875=CARTESIAN_POINT('',(-0.174,0.0031,-0.068));
#7876=CARTESIAN_POINT('',(-0.0472871873378754,0.008,-1.38777878078145E-17));
#7877=CARTESIAN_POINT('',(-0.0472871873378754,0.0031,-1.38777878078145E-17));
#7878=CARTESIAN_POINT('',(0.,0.,0.));
#7879=CARTESIAN_POINT('',(0.0288851713129049,-0.004,-0.00844855832979452));
#7880=CARTESIAN_POINT('',(0.0288851713129049,0.003,-0.00844855832979452));
#7881=CARTESIAN_POINT('',(0.045171066236496,0.003,-0.00969506457298994));
#7882=CARTESIAN_POINT('',(0.0162884464979172,0.003,-0.018845994322002));
#7883=CARTESIAN_POINT('',(0.045171066236496,-0.004,-0.00969506457298994));
#7884=CARTESIAN_POINT('',(0.045171066236496,-0.004,-0.00969506457298994));
#7885=CARTESIAN_POINT('',(0.0288851713129049,-0.004,-0.00844855832979452));
#7886=CARTESIAN_POINT('',(0.0162884464979172,-0.004,-0.018845994322002));
#7887=CARTESIAN_POINT('',(0.0162884464979172,-0.004,-0.018845994322002));
#7888=CARTESIAN_POINT('',(0.00814422324895858,-0.004,-0.0126977130010724));
#7889=CARTESIAN_POINT('',(0.00814422324895858,0.003,-0.0126977130010724));
#7890=CARTESIAN_POINT('',(0.,0.003,-0.00654943168014288));
#7891=CARTESIAN_POINT('',(0.00814422324895858,-0.004,-0.0126977130010724));
#7892=CARTESIAN_POINT('',(0.,-0.004,-0.00654943168014288));
#7893=CARTESIAN_POINT('',(0.,-0.004,-0.00654943168014288));
#7894=CARTESIAN_POINT('',(0.,-0.004,4.9810560047628E-5));
#7895=CARTESIAN_POINT('',(0.,0.003,4.9810560047628E-5));
#7896=CARTESIAN_POINT('',(3.46944695195361E-18,0.003,0.00664905280023814));
#7897=CARTESIAN_POINT('',(0.,-0.004,4.9810560047628E-5));
#7898=CARTESIAN_POINT('',(3.46944695195361E-18,-0.004,0.00664905280023814));
#7899=CARTESIAN_POINT('',(3.46944695195361E-18,-0.004,0.00664905280023814));
#7900=CARTESIAN_POINT('',(0.00814422324895858,-0.004,0.0127973341211677));
#7901=CARTESIAN_POINT('',(0.00814422324895858,0.003,0.0127973341211677));
#7902=CARTESIAN_POINT('',(0.0162884464979172,0.003,0.0189456154420972));
#7903=CARTESIAN_POINT('',(0.00814422324895858,-0.004,0.0127973341211677));
#7904=CARTESIAN_POINT('',(0.0162884464979172,-0.004,0.0189456154420972));
#7905=CARTESIAN_POINT('',(0.0162884464979172,-0.004,0.0189456154420972));
#7906=CARTESIAN_POINT('',(0.0288851713129049,-0.004,0.00854817944988977));
#7907=CARTESIAN_POINT('',(0.0288851713129049,0.003,0.00854817944988977));
#7908=CARTESIAN_POINT('',(0.045171066236496,0.003,0.00979468569308519));
#7909=CARTESIAN_POINT('',(0.0288851713129049,-0.004,0.00854817944988977));
#7910=CARTESIAN_POINT('',(0.045171066236496,-0.004,0.00979468569308519));
#7911=CARTESIAN_POINT('',(0.045171066236496,-0.004,0.00979468569308519));
#7912=CARTESIAN_POINT('',(0.0455439977747836,-0.004,0.00492224812656641));
#7913=CARTESIAN_POINT('',(0.0455439977747836,0.003,0.00492224812656641));
#7914=CARTESIAN_POINT('',(0.0459169293130712,0.003,4.98105600476228E-5));
#7915=CARTESIAN_POINT('',(0.0455439977747836,-0.004,0.00492224812656641));
#7916=CARTESIAN_POINT('',(0.0459169293130712,-0.004,4.98105600476228E-5));
#7917=CARTESIAN_POINT('',(0.0459169293130712,-0.004,4.98105600476228E-5));
#7918=CARTESIAN_POINT('',(0.0455439977747836,-0.004,-0.00482262700647116));
#7919=CARTESIAN_POINT('',(0.0455439977747836,0.003,-0.00482262700647116));
#7920=CARTESIAN_POINT('',(0.0455439977747836,-0.004,-0.00482262700647116));
#7921=CARTESIAN_POINT('',(-0.0472871873378754,-0.004,-1.38777878078145E-17));
#7922=CARTESIAN_POINT('',(-0.0472871873378754,0.003,-1.38777878078145E-17));
#7923=CARTESIAN_POINT('',(0.,0.,0.));
#7924=CARTESIAN_POINT('',(-0.177,0.008,0.068));
#7925=CARTESIAN_POINT('',(-0.177,0.008,0.068));
#7926=CARTESIAN_POINT('',(-0.174,0.008,0.068));
#7927=CARTESIAN_POINT('',(-0.177,0.0031,0.068));
#7928=CARTESIAN_POINT('',(-0.174,0.0031,0.068));
#7929=CARTESIAN_POINT('',(-0.177,0.008,0.068));
#7930=CARTESIAN_POINT('',(-0.177,0.008,0.068));
#7931=CARTESIAN_POINT('',(-0.1753,0.008,0.068));
#7932=CARTESIAN_POINT('',(-0.177,0.0031,0.068));
#7933=CARTESIAN_POINT('',(-0.1753,0.0031,0.068));
#7934=CARTESIAN_POINT('',(-0.0472871873378754,0.008,-1.38777878078145E-17));
#7935=CARTESIAN_POINT('',(-0.0472871873378754,0.0031,-1.38777878078145E-17));
#7936=MECHANICAL_DESIGN_GEOMETRIC_PRESENTATION_REPRESENTATION('',(#4418),
#7941);
#7937=MECHANICAL_DESIGN_GEOMETRIC_PRESENTATION_REPRESENTATION('',(#4419,
#101,#102,#103,#104,#105,#106,#107,#108,#109,#110,#111,#112,#113,#114,#115,
#116,#117,#118,#119,#120,#121,#122,#123,#124,#125,#126,#127,#128,#129,#130,
#131,#132,#133,#134,#135,#136,#137,#138,#139,#140,#141,#142,#143,#144,#145,
#146,#147,#148,#149,#150,#151,#152,#153,#154,#155,#156,#157,#158,#159,#160,
#161,#162,#163,#164,#165,#166,#167,#168,#169,#170,#171,#172,#173,#174,#175,
#176,#177,#178,#179,#180,#181,#182,#183,#184,#185,#186,#187,#188,#189,#190,
#191,#192,#193,#194,#195,#196,#197,#198,#199,#200,#201,#202,#203,#204,#205),
#7942);
#7938=MECHANICAL_DESIGN_GEOMETRIC_PRESENTATION_REPRESENTATION('',(#4420),
#7943);
#7939=MECHANICAL_DESIGN_GEOMETRIC_PRESENTATION_REPRESENTATION('',(#4421),
#7944);
#7940=MECHANICAL_DESIGN_GEOMETRIC_PRESENTATION_REPRESENTATION('',(#4422),
#7945);
#7941=(
GEOMETRIC_REPRESENTATION_CONTEXT(3)
GLOBAL_UNCERTAINTY_ASSIGNED_CONTEXT((#7946))
GLOBAL_UNIT_ASSIGNED_CONTEXT((#7961,#7956,#7951))
REPRESENTATION_CONTEXT('Part 3','TOP_LEVEL_ASSEMBLY_PART')
);
#7942=(
GEOMETRIC_REPRESENTATION_CONTEXT(3)
GLOBAL_UNCERTAINTY_ASSIGNED_CONTEXT((#7947))
GLOBAL_UNIT_ASSIGNED_CONTEXT((#7962,#7957,#7952))
REPRESENTATION_CONTEXT('Part 4','TOP_LEVEL_ASSEMBLY_PART')
);
#7943=(
GEOMETRIC_REPRESENTATION_CONTEXT(3)
GLOBAL_UNCERTAINTY_ASSIGNED_CONTEXT((#7948))
GLOBAL_UNIT_ASSIGNED_CONTEXT((#7963,#7958,#7953))
REPRESENTATION_CONTEXT('Part 1','TOP_LEVEL_ASSEMBLY_PART')
);
#7944=(
GEOMETRIC_REPRESENTATION_CONTEXT(3)
GLOBAL_UNCERTAINTY_ASSIGNED_CONTEXT((#7949))
GLOBAL_UNIT_ASSIGNED_CONTEXT((#7964,#7959,#7954))
REPRESENTATION_CONTEXT('Part 5','TOP_LEVEL_ASSEMBLY_PART')
);
#7945=(
GEOMETRIC_REPRESENTATION_CONTEXT(3)
GLOBAL_UNCERTAINTY_ASSIGNED_CONTEXT((#7950))
GLOBAL_UNIT_ASSIGNED_CONTEXT((#7965,#7960,#7955))
REPRESENTATION_CONTEXT('Part 2','TOP_LEVEL_ASSEMBLY_PART')
);
#7946=UNCERTAINTY_MEASURE_WITH_UNIT(LENGTH_MEASURE(1.E-8),#7961,
'DISTANCE_ACCURACY_VALUE','Maximum Tolerance applied to model');
#7947=UNCERTAINTY_MEASURE_WITH_UNIT(LENGTH_MEASURE(1.E-8),#7962,
'DISTANCE_ACCURACY_VALUE','Maximum Tolerance applied to model');
#7948=UNCERTAINTY_MEASURE_WITH_UNIT(LENGTH_MEASURE(1.E-8),#7963,
'DISTANCE_ACCURACY_VALUE','Maximum Tolerance applied to model');
#7949=UNCERTAINTY_MEASURE_WITH_UNIT(LENGTH_MEASURE(1.E-8),#7964,
'DISTANCE_ACCURACY_VALUE','Maximum Tolerance applied to model');
#7950=UNCERTAINTY_MEASURE_WITH_UNIT(LENGTH_MEASURE(1.E-8),#7965,
'DISTANCE_ACCURACY_VALUE','Maximum Tolerance applied to model');
#7951=(
NAMED_UNIT(*)
SI_UNIT($,.STERADIAN.)
SOLID_ANGLE_UNIT()
);
#7952=(
NAMED_UNIT(*)
SI_UNIT($,.STERADIAN.)
SOLID_ANGLE_UNIT()
);
#7953=(
NAMED_UNIT(*)
SI_UNIT($,.STERADIAN.)
SOLID_ANGLE_UNIT()
);
#7954=(
NAMED_UNIT(*)
SI_UNIT($,.STERADIAN.)
SOLID_ANGLE_UNIT()
);
#7955=(
NAMED_UNIT(*)
SI_UNIT($,.STERADIAN.)
SOLID_ANGLE_UNIT()
);
#7956=(
NAMED_UNIT(*)
PLANE_ANGLE_UNIT()
SI_UNIT($,.RADIAN.)
);
#7957=(
NAMED_UNIT(*)
PLANE_ANGLE_UNIT()
SI_UNIT($,.RADIAN.)
);
#7958=(
NAMED_UNIT(*)
PLANE_ANGLE_UNIT()
SI_UNIT($,.RADIAN.)
);
#7959=(
NAMED_UNIT(*)
PLANE_ANGLE_UNIT()
SI_UNIT($,.RADIAN.)
);
#7960=(
NAMED_UNIT(*)
PLANE_ANGLE_UNIT()
SI_UNIT($,.RADIAN.)
);
#7961=(
LENGTH_UNIT()
NAMED_UNIT(*)
SI_UNIT($,.METRE.)
);
#7962=(
LENGTH_UNIT()
NAMED_UNIT(*)
SI_UNIT($,.METRE.)
);
#7963=(
LENGTH_UNIT()
NAMED_UNIT(*)
SI_UNIT($,.METRE.)
);
#7964=(
LENGTH_UNIT()
NAMED_UNIT(*)
SI_UNIT($,.METRE.)
);
#7965=(
LENGTH_UNIT()
NAMED_UNIT(*)
SI_UNIT($,.METRE.)
);
#7966=PRODUCT_DEFINITION_SHAPE('','',#7971);
#7967=PRODUCT_DEFINITION_SHAPE('','',#7972);
#7968=PRODUCT_DEFINITION_SHAPE('','',#7973);
#7969=PRODUCT_DEFINITION_SHAPE('','',#7974);
#7970=PRODUCT_DEFINITION_SHAPE('','',#7975);
#7971=PRODUCT_DEFINITION('','',#7981,#7976);
#7972=PRODUCT_DEFINITION('','',#7982,#7977);
#7973=PRODUCT_DEFINITION('','',#7983,#7978);
#7974=PRODUCT_DEFINITION('','',#7984,#7979);
#7975=PRODUCT_DEFINITION('','',#7985,#7980);
#7976=PRODUCT_DEFINITION_CONTEXT('',#8011,'design');
#7977=PRODUCT_DEFINITION_CONTEXT('',#8012,'design');
#7978=PRODUCT_DEFINITION_CONTEXT('',#8013,'design');
#7979=PRODUCT_DEFINITION_CONTEXT('',#8014,'design');
#7980=PRODUCT_DEFINITION_CONTEXT('',#8015,'design');
#7981=PRODUCT_DEFINITION_FORMATION_WITH_SPECIFIED_SOURCE('','',#7991,
 .NOT_KNOWN.);
#7982=PRODUCT_DEFINITION_FORMATION_WITH_SPECIFIED_SOURCE('','',#7992,
 .NOT_KNOWN.);
#7983=PRODUCT_DEFINITION_FORMATION_WITH_SPECIFIED_SOURCE('','',#7993,
 .NOT_KNOWN.);
#7984=PRODUCT_DEFINITION_FORMATION_WITH_SPECIFIED_SOURCE('','',#7994,
 .NOT_KNOWN.);
#7985=PRODUCT_DEFINITION_FORMATION_WITH_SPECIFIED_SOURCE('','',#7995,
 .NOT_KNOWN.);
#7986=PRODUCT_RELATED_PRODUCT_CATEGORY('','',(#7991));
#7987=PRODUCT_RELATED_PRODUCT_CATEGORY('','',(#7992));
#7988=PRODUCT_RELATED_PRODUCT_CATEGORY('','',(#7993));
#7989=PRODUCT_RELATED_PRODUCT_CATEGORY('','',(#7994));
#7990=PRODUCT_RELATED_PRODUCT_CATEGORY('','',(#7995));
#7991=PRODUCT('Part 3','Part 3','Part 3',(#8001));
#7992=PRODUCT('Part 4','Part 4','Part 4',(#8002));
#7993=PRODUCT('Part 1','Part 1','Part 1',(#8003));
#7994=PRODUCT('Part 5','Part 5','Part 5',(#8004));
#7995=PRODUCT('Part 2','Part 2','Part 2',(#8005));
#7996=PRODUCT_CATEGORY('','');
#7997=PRODUCT_CATEGORY('','');
#7998=PRODUCT_CATEGORY('','');
#7999=PRODUCT_CATEGORY('','');
#8000=PRODUCT_CATEGORY('','');
#8001=PRODUCT_CONTEXT('',#8011,'mechanical');
#8002=PRODUCT_CONTEXT('',#8012,'mechanical');
#8003=PRODUCT_CONTEXT('',#8013,'mechanical');
#8004=PRODUCT_CONTEXT('',#8014,'mechanical');
#8005=PRODUCT_CONTEXT('',#8015,'mechanical');
#8006=APPLICATION_PROTOCOL_DEFINITION('international standard',
'ap242_managed_model_based_3d_engineering',2011,#8011);
#8007=APPLICATION_PROTOCOL_DEFINITION('international standard',
'ap242_managed_model_based_3d_engineering',2011,#8012);
#8008=APPLICATION_PROTOCOL_DEFINITION('international standard',
'ap242_managed_model_based_3d_engineering',2011,#8013);
#8009=APPLICATION_PROTOCOL_DEFINITION('international standard',
'ap242_managed_model_based_3d_engineering',2011,#8014);
#8010=APPLICATION_PROTOCOL_DEFINITION('international standard',
'ap242_managed_model_based_3d_engineering',2011,#8015);
#8011=APPLICATION_CONTEXT('managed model based 3d engineering');
#8012=APPLICATION_CONTEXT('managed model based 3d engineering');
#8013=APPLICATION_CONTEXT('managed model based 3d engineering');
#8014=APPLICATION_CONTEXT('managed model based 3d engineering');
#8015=APPLICATION_CONTEXT('managed model based 3d engineering');
ENDSEC;
END-ISO-10303-21;
