ISO-10303-21;
HEADER;
/* Generated by software containing ST-Developer
 * from STEP Tools, Inc. (www.steptools.com) 
 */
/* OPTION: using custom renumber hook */

FILE_DESCRIPTION(
/* description */ ('STEP AP242',
'CAx-IF Rec.Pracs.---Representation and Presentation of Product Manufa
cturing Information (PMI)---4.0---2014-10-13',
'CAx-IF Rec.Pracs.---3D Tessellated Geometry---0.4---2014-09-14','2;1'),

/* implementation_level */ '2;1');

FILE_NAME(
/* name */ '68bae94d49b7f06a169df9c2',
/* time_stamp */ '2025-09-05T13:44:46Z',
/* author */ (''),
/* organization */ (''),
/* preprocessor_version */ 'ST-DEVELOPER v20',
/* originating_system */ 'ONSHAPE BY PTC INC, 1.203',
/* authorisation */ '  ');

FILE_SCHEMA (('AP242_MANAGED_MODEL_BASED_3D_ENGINEERING_MIM_LF { 1 0 10303 442 1 1 4 }'));
ENDSEC;

DATA;
#10=DRAUGHTING_PRE_DEFINED_COLOUR('black');
#11=SHAPE_REPRESENTATION_RELATIONSHIP('','',#6127,#16);
#12=SHAPE_REPRESENTATION_RELATIONSHIP('','',#6128,#17);
#13=SHAPE_REPRESENTATION_RELATIONSHIP('','',#6129,#18);
#14=SHAPE_REPRESENTATION_RELATIONSHIP('','',#6130,#19);
#15=SHAPE_REPRESENTATION_RELATIONSHIP('','',#6131,#20);
#16=ADVANCED_BREP_SHAPE_REPRESENTATION('',(#6117),#9505);
#17=ADVANCED_BREP_SHAPE_REPRESENTATION('',(#6118),#9506);
#18=ADVANCED_BREP_SHAPE_REPRESENTATION('',(#6119),#9507);
#19=ADVANCED_BREP_SHAPE_REPRESENTATION('',(#6120),#9508);
#20=ADVANCED_BREP_SHAPE_REPRESENTATION('',(#6121),#9509);
#21=OVER_RIDING_STYLED_ITEM('',(#5395),#5105,#5389);
#22=OVER_RIDING_STYLED_ITEM('',(#5396),#5106,#5389);
#23=OVER_RIDING_STYLED_ITEM('',(#5397),#5107,#5389);
#24=OVER_RIDING_STYLED_ITEM('',(#5398),#5108,#5389);
#25=OVER_RIDING_STYLED_ITEM('',(#5399),#5109,#5389);
#26=OVER_RIDING_STYLED_ITEM('',(#5400),#5110,#5389);
#27=OVER_RIDING_STYLED_ITEM('',(#5401),#5111,#5389);
#28=OVER_RIDING_STYLED_ITEM('',(#5402),#5112,#5389);
#29=OVER_RIDING_STYLED_ITEM('',(#5403),#5113,#5389);
#30=OVER_RIDING_STYLED_ITEM('',(#5404),#5114,#5389);
#31=OVER_RIDING_STYLED_ITEM('',(#5405),#5115,#5389);
#32=OVER_RIDING_STYLED_ITEM('',(#5406),#5116,#5389);
#33=OVER_RIDING_STYLED_ITEM('',(#5407),#5117,#5389);
#34=OVER_RIDING_STYLED_ITEM('',(#5408),#5118,#5389);
#35=OVER_RIDING_STYLED_ITEM('',(#5409),#5119,#5389);
#36=OVER_RIDING_STYLED_ITEM('',(#5410),#5120,#5389);
#37=OVER_RIDING_STYLED_ITEM('',(#5411),#5121,#5389);
#38=OVER_RIDING_STYLED_ITEM('',(#5412),#5122,#5389);
#39=OVER_RIDING_STYLED_ITEM('',(#5413),#5123,#5389);
#40=OVER_RIDING_STYLED_ITEM('',(#5414),#5124,#5389);
#41=OVER_RIDING_STYLED_ITEM('',(#5415),#5125,#5389);
#42=OVER_RIDING_STYLED_ITEM('',(#5416),#5126,#5389);
#43=OVER_RIDING_STYLED_ITEM('',(#5417),#5127,#5389);
#44=OVER_RIDING_STYLED_ITEM('',(#5418),#5128,#5389);
#45=OVER_RIDING_STYLED_ITEM('',(#5419),#5129,#5389);
#46=OVER_RIDING_STYLED_ITEM('',(#5420),#5130,#5389);
#47=OVER_RIDING_STYLED_ITEM('',(#5421),#5131,#5389);
#48=OVER_RIDING_STYLED_ITEM('',(#5422),#5132,#5389);
#49=OVER_RIDING_STYLED_ITEM('',(#5423),#5133,#5389);
#50=OVER_RIDING_STYLED_ITEM('',(#5424),#5134,#5389);
#51=OVER_RIDING_STYLED_ITEM('',(#5425),#5135,#5389);
#52=OVER_RIDING_STYLED_ITEM('',(#5426),#5136,#5389);
#53=OVER_RIDING_STYLED_ITEM('',(#5427),#5137,#5389);
#54=OVER_RIDING_STYLED_ITEM('',(#5428),#5138,#5389);
#55=OVER_RIDING_STYLED_ITEM('',(#5429),#5139,#5389);
#56=OVER_RIDING_STYLED_ITEM('',(#5430),#5140,#5389);
#57=OVER_RIDING_STYLED_ITEM('',(#5431),#5141,#5389);
#58=OVER_RIDING_STYLED_ITEM('',(#5432),#5142,#5389);
#59=OVER_RIDING_STYLED_ITEM('',(#5433),#5143,#5389);
#60=OVER_RIDING_STYLED_ITEM('',(#5434),#5144,#5389);
#61=OVER_RIDING_STYLED_ITEM('',(#5435),#5145,#5389);
#62=OVER_RIDING_STYLED_ITEM('',(#5436),#5146,#5389);
#63=OVER_RIDING_STYLED_ITEM('',(#5437),#5147,#5389);
#64=OVER_RIDING_STYLED_ITEM('',(#5438),#5148,#5389);
#65=OVER_RIDING_STYLED_ITEM('',(#5439),#5149,#5389);
#66=OVER_RIDING_STYLED_ITEM('',(#5440),#5150,#5389);
#67=OVER_RIDING_STYLED_ITEM('',(#5441),#5151,#5389);
#68=OVER_RIDING_STYLED_ITEM('',(#5442),#5152,#5389);
#69=OVER_RIDING_STYLED_ITEM('',(#5443),#5153,#5389);
#70=OVER_RIDING_STYLED_ITEM('',(#5444),#5154,#5389);
#71=OVER_RIDING_STYLED_ITEM('',(#5445),#5155,#5389);
#72=OVER_RIDING_STYLED_ITEM('',(#5446),#5156,#5389);
#73=OVER_RIDING_STYLED_ITEM('',(#5447),#5157,#5389);
#74=OVER_RIDING_STYLED_ITEM('',(#5448),#5158,#5389);
#75=OVER_RIDING_STYLED_ITEM('',(#5449),#5159,#5389);
#76=OVER_RIDING_STYLED_ITEM('',(#5450),#5160,#5389);
#77=OVER_RIDING_STYLED_ITEM('',(#5451),#5161,#5389);
#78=OVER_RIDING_STYLED_ITEM('',(#5452),#5162,#5389);
#79=OVER_RIDING_STYLED_ITEM('',(#5453),#5163,#5389);
#80=OVER_RIDING_STYLED_ITEM('',(#5454),#5164,#5389);
#81=OVER_RIDING_STYLED_ITEM('',(#5455),#5165,#5389);
#82=OVER_RIDING_STYLED_ITEM('',(#5456),#5166,#5389);
#83=OVER_RIDING_STYLED_ITEM('',(#5457),#5167,#5389);
#84=OVER_RIDING_STYLED_ITEM('',(#5458),#5168,#5389);
#85=OVER_RIDING_STYLED_ITEM('',(#5459),#5169,#5389);
#86=OVER_RIDING_STYLED_ITEM('',(#5460),#5170,#5389);
#87=OVER_RIDING_STYLED_ITEM('',(#5461),#5171,#5389);
#88=OVER_RIDING_STYLED_ITEM('',(#5462),#5172,#5389);
#89=OVER_RIDING_STYLED_ITEM('',(#5463),#5173,#5389);
#90=OVER_RIDING_STYLED_ITEM('',(#5464),#5174,#5389);
#91=OVER_RIDING_STYLED_ITEM('',(#5465),#5175,#5389);
#92=OVER_RIDING_STYLED_ITEM('',(#5466),#5176,#5389);
#93=OVER_RIDING_STYLED_ITEM('',(#5467),#5177,#5389);
#94=OVER_RIDING_STYLED_ITEM('',(#5468),#5178,#5389);
#95=OVER_RIDING_STYLED_ITEM('',(#5469),#5179,#5389);
#96=OVER_RIDING_STYLED_ITEM('',(#5470),#5180,#5389);
#97=OVER_RIDING_STYLED_ITEM('',(#5471),#5181,#5389);
#98=OVER_RIDING_STYLED_ITEM('',(#5472),#5185,#5389);
#99=OVER_RIDING_STYLED_ITEM('',(#5473),#5186,#5389);
#100=OVER_RIDING_STYLED_ITEM('',(#5474),#5187,#5389);
#101=OVER_RIDING_STYLED_ITEM('',(#5475),#5188,#5389);
#102=OVER_RIDING_STYLED_ITEM('',(#5476),#5189,#5389);
#103=OVER_RIDING_STYLED_ITEM('',(#5477),#5190,#5389);
#104=OVER_RIDING_STYLED_ITEM('',(#5478),#5191,#5389);
#105=OVER_RIDING_STYLED_ITEM('',(#5479),#5192,#5389);
#106=OVER_RIDING_STYLED_ITEM('',(#5480),#5193,#5389);
#107=OVER_RIDING_STYLED_ITEM('',(#5481),#5194,#5389);
#108=OVER_RIDING_STYLED_ITEM('',(#5482),#5195,#5389);
#109=OVER_RIDING_STYLED_ITEM('',(#5483),#5196,#5389);
#110=OVER_RIDING_STYLED_ITEM('',(#5484),#5198,#5389);
#111=OVER_RIDING_STYLED_ITEM('',(#5485),#5199,#5389);
#112=OVER_RIDING_STYLED_ITEM('',(#5486),#5200,#5389);
#113=OVER_RIDING_STYLED_ITEM('',(#5487),#5201,#5389);
#114=OVER_RIDING_STYLED_ITEM('',(#5488),#5202,#5389);
#115=OVER_RIDING_STYLED_ITEM('',(#5489),#5203,#5389);
#116=OVER_RIDING_STYLED_ITEM('',(#5490),#5204,#5389);
#117=OVER_RIDING_STYLED_ITEM('',(#5491),#5205,#5389);
#118=OVER_RIDING_STYLED_ITEM('',(#5492),#5206,#5389);
#119=OVER_RIDING_STYLED_ITEM('',(#5493),#5207,#5389);
#120=OVER_RIDING_STYLED_ITEM('',(#5494),#5208,#5389);
#121=OVER_RIDING_STYLED_ITEM('',(#5495),#5209,#5389);
#122=OVER_RIDING_STYLED_ITEM('',(#5496),#5210,#5389);
#123=OVER_RIDING_STYLED_ITEM('',(#5497),#5211,#5389);
#124=OVER_RIDING_STYLED_ITEM('',(#5498),#5212,#5389);
#125=OVER_RIDING_STYLED_ITEM('',(#5499),#5213,#5389);
#126=OVER_RIDING_STYLED_ITEM('',(#5500),#5214,#5389);
#127=OVER_RIDING_STYLED_ITEM('',(#5501),#5215,#5389);
#128=OVER_RIDING_STYLED_ITEM('',(#5502),#5216,#5389);
#129=OVER_RIDING_STYLED_ITEM('',(#5503),#5217,#5389);
#130=OVER_RIDING_STYLED_ITEM('',(#5504),#5218,#5389);
#131=OVER_RIDING_STYLED_ITEM('',(#5505),#5219,#5389);
#132=OVER_RIDING_STYLED_ITEM('',(#5506),#5220,#5389);
#133=OVER_RIDING_STYLED_ITEM('',(#5507),#5221,#5389);
#134=OVER_RIDING_STYLED_ITEM('',(#5508),#5222,#5389);
#135=OVER_RIDING_STYLED_ITEM('',(#5509),#5223,#5389);
#136=CYLINDRICAL_SURFACE('',#6148,0.003);
#137=CYLINDRICAL_SURFACE('',#6151,0.003);
#138=CYLINDRICAL_SURFACE('',#6159,0.005);
#139=CYLINDRICAL_SURFACE('',#6161,0.005);
#140=CYLINDRICAL_SURFACE('',#6285,0.00642443659113773);
#141=CYLINDRICAL_SURFACE('',#6288,0.00370479983927282);
#142=CYLINDRICAL_SURFACE('',#6294,0.005);
#143=CYLINDRICAL_SURFACE('',#6303,0.006);
#144=CYLINDRICAL_SURFACE('',#6304,0.006);
#145=CYLINDRICAL_SURFACE('',#6305,0.006);
#146=CYLINDRICAL_SURFACE('',#6306,0.006);
#147=CYLINDRICAL_SURFACE('',#6307,0.006);
#148=CYLINDRICAL_SURFACE('',#6308,0.006);
#149=CYLINDRICAL_SURFACE('',#6309,0.006);
#150=CYLINDRICAL_SURFACE('',#6310,0.006);
#151=CYLINDRICAL_SURFACE('',#6311,0.006);
#152=CYLINDRICAL_SURFACE('',#6312,0.006);
#153=CYLINDRICAL_SURFACE('',#6313,0.006);
#154=CYLINDRICAL_SURFACE('',#6314,0.006);
#155=CYLINDRICAL_SURFACE('',#6315,0.006);
#156=CYLINDRICAL_SURFACE('',#6316,0.006);
#157=CYLINDRICAL_SURFACE('',#6317,0.006);
#158=CYLINDRICAL_SURFACE('',#6318,0.006);
#159=CYLINDRICAL_SURFACE('',#6319,0.006);
#160=CYLINDRICAL_SURFACE('',#6320,0.006);
#161=CYLINDRICAL_SURFACE('',#6321,0.006);
#162=CYLINDRICAL_SURFACE('',#6322,0.006);
#163=CYLINDRICAL_SURFACE('',#6340,0.00313);
#164=CYLINDRICAL_SURFACE('',#6342,0.00313);
#165=CYLINDRICAL_SURFACE('',#6349,0.00487);
#166=CYLINDRICAL_SURFACE('',#6351,0.00487);
#167=CYLINDRICAL_SURFACE('',#6470,0.00629443659113773);
#168=CYLINDRICAL_SURFACE('',#6473,0.00383479983927282);
#169=CYLINDRICAL_SURFACE('',#6479,0.00487);
#170=CYLINDRICAL_SURFACE('',#6489,0.00587);
#171=CYLINDRICAL_SURFACE('',#6490,0.00587);
#172=CYLINDRICAL_SURFACE('',#6491,0.00587);
#173=CYLINDRICAL_SURFACE('',#6492,0.00587);
#174=CYLINDRICAL_SURFACE('',#6493,0.00587);
#175=CYLINDRICAL_SURFACE('',#6494,0.00587);
#176=CYLINDRICAL_SURFACE('',#6495,0.00587);
#177=CYLINDRICAL_SURFACE('',#6496,0.00587);
#178=CYLINDRICAL_SURFACE('',#6497,0.00587);
#179=CYLINDRICAL_SURFACE('',#6498,0.00587);
#180=CYLINDRICAL_SURFACE('',#6499,0.00587);
#181=CYLINDRICAL_SURFACE('',#6500,0.00587);
#182=CYLINDRICAL_SURFACE('',#6501,0.00587);
#183=CYLINDRICAL_SURFACE('',#6502,0.00587);
#184=CYLINDRICAL_SURFACE('',#6503,0.00587);
#185=CYLINDRICAL_SURFACE('',#6504,0.00587);
#186=CYLINDRICAL_SURFACE('',#6505,0.00587);
#187=CYLINDRICAL_SURFACE('',#6506,0.00587);
#188=CYLINDRICAL_SURFACE('',#6507,0.00587);
#189=CYLINDRICAL_SURFACE('',#6508,0.00587);
#190=CYLINDRICAL_SURFACE('',#6520,0.0163335284392741);
#191=CYLINDRICAL_SURFACE('',#6525,0.0163335284392741);
#192=CYLINDRICAL_SURFACE('',#6538,0.0017);
#193=CYLINDRICAL_SURFACE('',#6541,0.003);
#194=CYLINDRICAL_SURFACE('',#6547,0.003);
#195=CYLINDRICAL_SURFACE('',#6550,0.0017);
#196=ELLIPSE('',#6144,0.00600001133252967,0.006);
#197=ELLIPSE('',#6145,0.00600000084427981,0.006);
#198=ELLIPSE('',#6160,0.00502293482665729,0.005);
#199=ELLIPSE('',#6162,0.00502293482665729,0.005);
#200=ELLIPSE('',#6172,0.00819179825146652,0.006);
#201=ELLIPSE('',#6174,0.00819717204731638,0.006);
#202=ELLIPSE('',#6177,0.00818645452845819,0.006);
#203=ELLIPSE('',#6179,0.00819179825146653,0.006);
#204=ELLIPSE('',#6182,0.00881275092653111,0.006);
#205=ELLIPSE('',#6184,0.00880607430174494,0.006);
#206=ELLIPSE('',#6187,0.0088061272198537,0.006);
#207=ELLIPSE('',#6190,0.00879938291311556,0.006);
#208=ELLIPSE('',#6193,0.00819717204731638,0.006);
#209=ELLIPSE('',#6195,0.00819179825146653,0.006);
#210=ELLIPSE('',#6198,0.00818645452845819,0.006);
#211=ELLIPSE('',#6200,0.00819179825146652,0.006);
#212=ELLIPSE('',#6203,0.00819179825146652,0.006);
#213=ELLIPSE('',#6205,0.00819717204731638,0.006);
#214=ELLIPSE('',#6209,0.00819179825146652,0.006);
#215=ELLIPSE('',#6211,0.00819717204731643,0.006);
#216=ELLIPSE('',#6214,0.00818645452845819,0.006);
#217=ELLIPSE('',#6216,0.0081917982514666,0.006);
#218=ELLIPSE('',#6219,0.00819179825146652,0.006);
#219=ELLIPSE('',#6221,0.00819717204731639,0.006);
#220=ELLIPSE('',#6224,0.00818645452845819,0.006);
#221=ELLIPSE('',#6226,0.00819179825146651,0.006);
#222=ELLIPSE('',#6229,0.00818645452845819,0.006);
#223=ELLIPSE('',#6231,0.00819179825146653,0.006);
#224=ELLIPSE('',#6234,0.00881275092653112,0.006);
#225=ELLIPSE('',#6236,0.00880607430174493,0.006);
#226=ELLIPSE('',#6239,0.00880607430174507,0.006);
#227=ELLIPSE('',#6241,0.00881275092653112,0.006);
#228=ELLIPSE('',#6244,0.00881275092653111,0.006);
#229=ELLIPSE('',#6246,0.00880607430174491,0.006);
#230=ELLIPSE('',#6249,0.00881275092653117,0.006);
#231=ELLIPSE('',#6251,0.0088060743017449,0.006);
#232=ELLIPSE('',#6255,0.0088061272198537,0.006);
#233=ELLIPSE('',#6258,0.00879938291311627,0.006);
#234=ELLIPSE('',#6262,0.0088061272198537,0.006);
#235=ELLIPSE('',#6264,0.00879938291311673,0.006);
#236=ELLIPSE('',#6268,0.0088061272198537,0.006);
#237=ELLIPSE('',#6270,0.00879938291311672,0.006);
#238=ELLIPSE('',#6273,0.0088061272198537,0.006);
#239=ELLIPSE('',#6276,0.00879938291311675,0.006);
#240=ELLIPSE('',#6295,0.00502293482665729,0.005);
#241=ELLIPSE('',#6336,0.00587000082598709,0.00587);
#242=ELLIPSE('',#6337,0.00587001108699153,0.00587);
#243=ELLIPSE('',#6350,0.0048923385211642,0.00487);
#244=ELLIPSE('',#6352,0.0048923385211642,0.00487);
#245=ELLIPSE('',#6362,0.00801430928935141,0.00587);
#246=ELLIPSE('',#6364,0.00801956665295786,0.00587);
#247=ELLIPSE('',#6367,0.00800908134700826,0.00587);
#248=ELLIPSE('',#6369,0.00801430928935142,0.00587);
#249=ELLIPSE('',#6372,0.00862180798978961,0.00587);
#250=ELLIPSE('',#6374,0.00861527602520714,0.00587);
#251=ELLIPSE('',#6377,0.00861532779675687,0.00587);
#252=ELLIPSE('',#6379,0.00860872961666473,0.00587);
#253=ELLIPSE('',#6382,0.00801956665295786,0.00587);
#254=ELLIPSE('',#6384,0.00801430928935142,0.00587);
#255=ELLIPSE('',#6387,0.00800908134700826,0.00587);
#256=ELLIPSE('',#6389,0.00801430928935142,0.00587);
#257=ELLIPSE('',#6392,0.00801430928935141,0.00587);
#258=ELLIPSE('',#6394,0.00801956665295786,0.00587);
#259=ELLIPSE('',#6398,0.00801430928935141,0.00587);
#260=ELLIPSE('',#6400,0.00801956665295791,0.00587);
#261=ELLIPSE('',#6403,0.00800908134700827,0.00587);
#262=ELLIPSE('',#6405,0.00801430928935149,0.00587);
#263=ELLIPSE('',#6408,0.00801430928935141,0.00587);
#264=ELLIPSE('',#6410,0.00801956665295786,0.00587);
#265=ELLIPSE('',#6413,0.00800908134700826,0.00587);
#266=ELLIPSE('',#6415,0.0080143092893514,0.00587);
#267=ELLIPSE('',#6418,0.00800908134700827,0.00587);
#268=ELLIPSE('',#6420,0.00801430928935142,0.00587);
#269=ELLIPSE('',#6423,0.00862180798978961,0.00587);
#270=ELLIPSE('',#6425,0.00861527602520713,0.00587);
#271=ELLIPSE('',#6428,0.00861527602520726,0.00587);
#272=ELLIPSE('',#6430,0.00862180798978961,0.00587);
#273=ELLIPSE('',#6433,0.00862180798978961,0.00587);
#274=ELLIPSE('',#6435,0.0086152760252071,0.00587);
#275=ELLIPSE('',#6438,0.00862180798978967,0.00587);
#276=ELLIPSE('',#6440,0.00861527602520709,0.00587);
#277=ELLIPSE('',#6444,0.00861532779675687,0.00587);
#278=ELLIPSE('',#6446,0.00860872961666541,0.00587);
#279=ELLIPSE('',#6449,0.00861532779675687,0.00587);
#280=ELLIPSE('',#6451,0.00860872961666587,0.00587);
#281=ELLIPSE('',#6454,0.00861532779675687,0.00587);
#282=ELLIPSE('',#6456,0.00860872961666586,0.00587);
#283=ELLIPSE('',#6459,0.00861532779675687,0.00587);
#284=ELLIPSE('',#6461,0.00860872961666588,0.00587);
#285=ELLIPSE('',#6480,0.0048923385211642,0.00487);
#286=CIRCLE('',#6137,0.00642443659113773);
#287=CIRCLE('',#6138,0.00370479983927282);
#288=CIRCLE('',#6149,0.003);
#289=CIRCLE('',#6150,0.003);
#290=CIRCLE('',#6152,0.003);
#291=CIRCLE('',#6153,0.003);
#292=CIRCLE('',#6155,0.005);
#293=CIRCLE('',#6156,0.005);
#294=CIRCLE('',#6158,0.005);
#295=CIRCLE('',#6282,0.00370479983927282);
#296=CIRCLE('',#6283,0.00642443659113773);
#297=CIRCLE('',#6324,0.00313);
#298=CIRCLE('',#6326,0.00313);
#299=CIRCLE('',#6329,0.00629443659113773);
#300=CIRCLE('',#6330,0.00383479983927282);
#301=CIRCLE('',#6341,0.00313);
#302=CIRCLE('',#6343,0.00313);
#303=CIRCLE('',#6345,0.00487);
#304=CIRCLE('',#6346,0.00487);
#305=CIRCLE('',#6348,0.00487);
#306=CIRCLE('',#6467,0.00629443659113773);
#307=CIRCLE('',#6468,0.00383479983927282);
#308=CIRCLE('',#6521,0.0163335284392741);
#309=CIRCLE('',#6522,0.0163335284392741);
#310=CIRCLE('',#6526,0.0163335284392741);
#311=CIRCLE('',#6527,0.0163335284392741);
#312=CIRCLE('',#6539,0.0017);
#313=CIRCLE('',#6540,0.0017);
#314=CIRCLE('',#6542,0.003);
#315=CIRCLE('',#6543,0.003);
#316=CIRCLE('',#6548,0.003);
#317=CIRCLE('',#6549,0.003);
#318=CIRCLE('',#6551,0.0017);
#319=CIRCLE('',#6552,0.0017);
#320=ORIENTED_EDGE('',*,*,#1760,.F.);
#321=ORIENTED_EDGE('',*,*,#1761,.F.);
#322=ORIENTED_EDGE('',*,*,#1762,.T.);
#323=ORIENTED_EDGE('',*,*,#1763,.T.);
#324=ORIENTED_EDGE('',*,*,#1764,.F.);
#325=ORIENTED_EDGE('',*,*,#1765,.T.);
#326=ORIENTED_EDGE('',*,*,#1766,.T.);
#327=ORIENTED_EDGE('',*,*,#1767,.T.);
#328=ORIENTED_EDGE('',*,*,#1768,.F.);
#329=ORIENTED_EDGE('',*,*,#1769,.T.);
#330=ORIENTED_EDGE('',*,*,#1770,.T.);
#331=ORIENTED_EDGE('',*,*,#1771,.F.);
#332=ORIENTED_EDGE('',*,*,#1772,.T.);
#333=ORIENTED_EDGE('',*,*,#1773,.F.);
#334=ORIENTED_EDGE('',*,*,#1774,.F.);
#335=ORIENTED_EDGE('',*,*,#1775,.F.);
#336=ORIENTED_EDGE('',*,*,#1776,.F.);
#337=ORIENTED_EDGE('',*,*,#1777,.F.);
#338=ORIENTED_EDGE('',*,*,#1778,.F.);
#339=ORIENTED_EDGE('',*,*,#1779,.T.);
#340=ORIENTED_EDGE('',*,*,#1780,.T.);
#341=ORIENTED_EDGE('',*,*,#1781,.T.);
#342=ORIENTED_EDGE('',*,*,#1782,.T.);
#343=ORIENTED_EDGE('',*,*,#1783,.T.);
#344=ORIENTED_EDGE('',*,*,#1784,.T.);
#345=ORIENTED_EDGE('',*,*,#1785,.T.);
#346=ORIENTED_EDGE('',*,*,#1786,.F.);
#347=ORIENTED_EDGE('',*,*,#1787,.T.);
#348=ORIENTED_EDGE('',*,*,#1788,.T.);
#349=ORIENTED_EDGE('',*,*,#1789,.F.);
#350=ORIENTED_EDGE('',*,*,#1790,.F.);
#351=ORIENTED_EDGE('',*,*,#1791,.F.);
#352=ORIENTED_EDGE('',*,*,#1792,.T.);
#353=ORIENTED_EDGE('',*,*,#1793,.F.);
#354=ORIENTED_EDGE('',*,*,#1794,.F.);
#355=ORIENTED_EDGE('',*,*,#1795,.T.);
#356=ORIENTED_EDGE('',*,*,#1796,.F.);
#357=ORIENTED_EDGE('',*,*,#1797,.T.);
#358=ORIENTED_EDGE('',*,*,#1798,.F.);
#359=ORIENTED_EDGE('',*,*,#1799,.T.);
#360=ORIENTED_EDGE('',*,*,#1800,.T.);
#361=ORIENTED_EDGE('',*,*,#1770,.F.);
#362=ORIENTED_EDGE('',*,*,#1801,.F.);
#363=ORIENTED_EDGE('',*,*,#1802,.F.);
#364=ORIENTED_EDGE('',*,*,#1803,.F.);
#365=ORIENTED_EDGE('',*,*,#1804,.T.);
#366=ORIENTED_EDGE('',*,*,#1805,.T.);
#367=ORIENTED_EDGE('',*,*,#1806,.F.);
#368=ORIENTED_EDGE('',*,*,#1807,.T.);
#369=ORIENTED_EDGE('',*,*,#1808,.T.);
#370=ORIENTED_EDGE('',*,*,#1809,.F.);
#371=ORIENTED_EDGE('',*,*,#1810,.T.);
#372=ORIENTED_EDGE('',*,*,#1811,.T.);
#373=ORIENTED_EDGE('',*,*,#1812,.F.);
#374=ORIENTED_EDGE('',*,*,#1813,.T.);
#375=ORIENTED_EDGE('',*,*,#1814,.T.);
#376=ORIENTED_EDGE('',*,*,#1815,.F.);
#377=ORIENTED_EDGE('',*,*,#1816,.T.);
#378=ORIENTED_EDGE('',*,*,#1817,.T.);
#379=ORIENTED_EDGE('',*,*,#1818,.F.);
#380=ORIENTED_EDGE('',*,*,#1819,.T.);
#381=ORIENTED_EDGE('',*,*,#1820,.T.);
#382=ORIENTED_EDGE('',*,*,#1821,.F.);
#383=ORIENTED_EDGE('',*,*,#1822,.T.);
#384=ORIENTED_EDGE('',*,*,#1823,.T.);
#385=ORIENTED_EDGE('',*,*,#1824,.F.);
#386=ORIENTED_EDGE('',*,*,#1825,.T.);
#387=ORIENTED_EDGE('',*,*,#1826,.T.);
#388=ORIENTED_EDGE('',*,*,#1827,.F.);
#389=ORIENTED_EDGE('',*,*,#1828,.T.);
#390=ORIENTED_EDGE('',*,*,#1829,.T.);
#391=ORIENTED_EDGE('',*,*,#1830,.F.);
#392=ORIENTED_EDGE('',*,*,#1831,.T.);
#393=ORIENTED_EDGE('',*,*,#1832,.T.);
#394=ORIENTED_EDGE('',*,*,#1833,.F.);
#395=ORIENTED_EDGE('',*,*,#1834,.T.);
#396=ORIENTED_EDGE('',*,*,#1835,.F.);
#397=ORIENTED_EDGE('',*,*,#1836,.F.);
#398=ORIENTED_EDGE('',*,*,#1837,.F.);
#399=ORIENTED_EDGE('',*,*,#1838,.T.);
#400=ORIENTED_EDGE('',*,*,#1839,.F.);
#401=ORIENTED_EDGE('',*,*,#1840,.T.);
#402=ORIENTED_EDGE('',*,*,#1841,.T.);
#403=ORIENTED_EDGE('',*,*,#1842,.F.);
#404=ORIENTED_EDGE('',*,*,#1843,.F.);
#405=ORIENTED_EDGE('',*,*,#1844,.T.);
#406=ORIENTED_EDGE('',*,*,#1845,.T.);
#407=ORIENTED_EDGE('',*,*,#1846,.F.);
#408=ORIENTED_EDGE('',*,*,#1847,.F.);
#409=ORIENTED_EDGE('',*,*,#1848,.F.);
#410=ORIENTED_EDGE('',*,*,#1849,.T.);
#411=ORIENTED_EDGE('',*,*,#1850,.F.);
#412=ORIENTED_EDGE('',*,*,#1851,.F.);
#413=ORIENTED_EDGE('',*,*,#1852,.T.);
#414=ORIENTED_EDGE('',*,*,#1853,.T.);
#415=ORIENTED_EDGE('',*,*,#1854,.T.);
#416=ORIENTED_EDGE('',*,*,#1855,.F.);
#417=ORIENTED_EDGE('',*,*,#1856,.T.);
#418=ORIENTED_EDGE('',*,*,#1857,.F.);
#419=ORIENTED_EDGE('',*,*,#1858,.T.);
#420=ORIENTED_EDGE('',*,*,#1859,.T.);
#421=ORIENTED_EDGE('',*,*,#1860,.T.);
#422=ORIENTED_EDGE('',*,*,#1861,.F.);
#423=ORIENTED_EDGE('',*,*,#1862,.T.);
#424=ORIENTED_EDGE('',*,*,#1863,.T.);
#425=ORIENTED_EDGE('',*,*,#1864,.F.);
#426=ORIENTED_EDGE('',*,*,#1865,.T.);
#427=ORIENTED_EDGE('',*,*,#1866,.T.);
#428=ORIENTED_EDGE('',*,*,#1867,.T.);
#429=ORIENTED_EDGE('',*,*,#1868,.F.);
#430=ORIENTED_EDGE('',*,*,#1869,.F.);
#431=ORIENTED_EDGE('',*,*,#1870,.T.);
#432=ORIENTED_EDGE('',*,*,#1801,.T.);
#433=ORIENTED_EDGE('',*,*,#1769,.F.);
#434=ORIENTED_EDGE('',*,*,#1871,.T.);
#435=ORIENTED_EDGE('',*,*,#1872,.F.);
#436=ORIENTED_EDGE('',*,*,#1873,.F.);
#437=ORIENTED_EDGE('',*,*,#1869,.T.);
#438=ORIENTED_EDGE('',*,*,#1874,.T.);
#439=ORIENTED_EDGE('',*,*,#1875,.F.);
#440=ORIENTED_EDGE('',*,*,#1876,.F.);
#441=ORIENTED_EDGE('',*,*,#1872,.T.);
#442=ORIENTED_EDGE('',*,*,#1767,.F.);
#443=ORIENTED_EDGE('',*,*,#1877,.F.);
#444=ORIENTED_EDGE('',*,*,#1878,.T.);
#445=ORIENTED_EDGE('',*,*,#1875,.T.);
#446=ORIENTED_EDGE('',*,*,#1879,.F.);
#447=ORIENTED_EDGE('',*,*,#1880,.F.);
#448=ORIENTED_EDGE('',*,*,#1881,.T.);
#449=ORIENTED_EDGE('',*,*,#1763,.F.);
#450=ORIENTED_EDGE('',*,*,#1882,.F.);
#451=ORIENTED_EDGE('',*,*,#1883,.F.);
#452=ORIENTED_EDGE('',*,*,#1798,.T.);
#453=ORIENTED_EDGE('',*,*,#1884,.T.);
#454=ORIENTED_EDGE('',*,*,#1885,.T.);
#455=ORIENTED_EDGE('',*,*,#1886,.T.);
#456=ORIENTED_EDGE('',*,*,#1793,.T.);
#457=ORIENTED_EDGE('',*,*,#1887,.F.);
#458=ORIENTED_EDGE('',*,*,#1888,.T.);
#459=ORIENTED_EDGE('',*,*,#1889,.T.);
#460=ORIENTED_EDGE('',*,*,#1790,.T.);
#461=ORIENTED_EDGE('',*,*,#1890,.T.);
#462=ORIENTED_EDGE('',*,*,#1891,.T.);
#463=ORIENTED_EDGE('',*,*,#1892,.T.);
#464=ORIENTED_EDGE('',*,*,#1786,.T.);
#465=ORIENTED_EDGE('',*,*,#1893,.F.);
#466=ORIENTED_EDGE('',*,*,#1894,.T.);
#467=ORIENTED_EDGE('',*,*,#1895,.T.);
#468=ORIENTED_EDGE('',*,*,#1896,.F.);
#469=ORIENTED_EDGE('',*,*,#1897,.F.);
#470=ORIENTED_EDGE('',*,*,#1877,.T.);
#471=ORIENTED_EDGE('',*,*,#1766,.F.);
#472=ORIENTED_EDGE('',*,*,#1898,.F.);
#473=ORIENTED_EDGE('',*,*,#1899,.T.);
#474=ORIENTED_EDGE('',*,*,#1900,.T.);
#475=ORIENTED_EDGE('',*,*,#1901,.F.);
#476=ORIENTED_EDGE('',*,*,#1902,.T.);
#477=ORIENTED_EDGE('',*,*,#1903,.F.);
#478=ORIENTED_EDGE('',*,*,#1896,.T.);
#479=ORIENTED_EDGE('',*,*,#1904,.T.);
#480=ORIENTED_EDGE('',*,*,#1905,.T.);
#481=ORIENTED_EDGE('',*,*,#1906,.T.);
#482=ORIENTED_EDGE('',*,*,#1907,.T.);
#483=ORIENTED_EDGE('',*,*,#1908,.F.);
#484=ORIENTED_EDGE('',*,*,#1909,.F.);
#485=ORIENTED_EDGE('',*,*,#1910,.T.);
#486=ORIENTED_EDGE('',*,*,#1911,.F.);
#487=ORIENTED_EDGE('',*,*,#1903,.T.);
#488=ORIENTED_EDGE('',*,*,#1912,.T.);
#489=ORIENTED_EDGE('',*,*,#1904,.F.);
#490=ORIENTED_EDGE('',*,*,#1913,.T.);
#491=ORIENTED_EDGE('',*,*,#1802,.T.);
#492=ORIENTED_EDGE('',*,*,#1870,.F.);
#493=ORIENTED_EDGE('',*,*,#1873,.T.);
#494=ORIENTED_EDGE('',*,*,#1876,.T.);
#495=ORIENTED_EDGE('',*,*,#1878,.F.);
#496=ORIENTED_EDGE('',*,*,#1897,.T.);
#497=ORIENTED_EDGE('',*,*,#1908,.T.);
#498=ORIENTED_EDGE('',*,*,#1910,.F.);
#499=ORIENTED_EDGE('',*,*,#1895,.F.);
#500=ORIENTED_EDGE('',*,*,#1914,.T.);
#501=ORIENTED_EDGE('',*,*,#1899,.F.);
#502=ORIENTED_EDGE('',*,*,#1912,.F.);
#503=ORIENTED_EDGE('',*,*,#1902,.F.);
#504=ORIENTED_EDGE('',*,*,#1915,.F.);
#505=ORIENTED_EDGE('',*,*,#1905,.F.);
#506=ORIENTED_EDGE('',*,*,#1913,.F.);
#507=ORIENTED_EDGE('',*,*,#1907,.F.);
#508=ORIENTED_EDGE('',*,*,#1916,.F.);
#509=ORIENTED_EDGE('',*,*,#1784,.F.);
#510=ORIENTED_EDGE('',*,*,#1917,.F.);
#511=ORIENTED_EDGE('',*,*,#1918,.F.);
#512=ORIENTED_EDGE('',*,*,#1919,.F.);
#513=ORIENTED_EDGE('',*,*,#1920,.F.);
#514=ORIENTED_EDGE('',*,*,#1921,.F.);
#515=ORIENTED_EDGE('',*,*,#1922,.F.);
#516=ORIENTED_EDGE('',*,*,#1923,.F.);
#517=ORIENTED_EDGE('',*,*,#1924,.F.);
#518=ORIENTED_EDGE('',*,*,#1925,.F.);
#519=ORIENTED_EDGE('',*,*,#1926,.F.);
#520=ORIENTED_EDGE('',*,*,#1927,.F.);
#521=ORIENTED_EDGE('',*,*,#1928,.F.);
#522=ORIENTED_EDGE('',*,*,#1772,.F.);
#523=ORIENTED_EDGE('',*,*,#1929,.T.);
#524=ORIENTED_EDGE('',*,*,#1924,.T.);
#525=ORIENTED_EDGE('',*,*,#1930,.F.);
#526=ORIENTED_EDGE('',*,*,#1783,.F.);
#527=ORIENTED_EDGE('',*,*,#1931,.T.);
#528=ORIENTED_EDGE('',*,*,#1925,.T.);
#529=ORIENTED_EDGE('',*,*,#1929,.F.);
#530=ORIENTED_EDGE('',*,*,#1782,.F.);
#531=ORIENTED_EDGE('',*,*,#1932,.T.);
#532=ORIENTED_EDGE('',*,*,#1926,.T.);
#533=ORIENTED_EDGE('',*,*,#1931,.F.);
#534=ORIENTED_EDGE('',*,*,#1781,.F.);
#535=ORIENTED_EDGE('',*,*,#1933,.T.);
#536=ORIENTED_EDGE('',*,*,#1927,.T.);
#537=ORIENTED_EDGE('',*,*,#1932,.F.);
#538=ORIENTED_EDGE('',*,*,#1780,.F.);
#539=ORIENTED_EDGE('',*,*,#1934,.T.);
#540=ORIENTED_EDGE('',*,*,#1928,.T.);
#541=ORIENTED_EDGE('',*,*,#1933,.F.);
#542=ORIENTED_EDGE('',*,*,#1779,.F.);
#543=ORIENTED_EDGE('',*,*,#1935,.T.);
#544=ORIENTED_EDGE('',*,*,#1917,.T.);
#545=ORIENTED_EDGE('',*,*,#1934,.F.);
#546=ORIENTED_EDGE('',*,*,#1936,.T.);
#547=ORIENTED_EDGE('',*,*,#1937,.T.);
#548=ORIENTED_EDGE('',*,*,#1938,.F.);
#549=ORIENTED_EDGE('',*,*,#1938,.T.);
#550=ORIENTED_EDGE('',*,*,#1939,.T.);
#551=ORIENTED_EDGE('',*,*,#1804,.F.);
#552=ORIENTED_EDGE('',*,*,#1940,.T.);
#553=ORIENTED_EDGE('',*,*,#1803,.T.);
#554=ORIENTED_EDGE('',*,*,#1941,.T.);
#555=ORIENTED_EDGE('',*,*,#1936,.F.);
#556=ORIENTED_EDGE('',*,*,#1940,.F.);
#557=ORIENTED_EDGE('',*,*,#1942,.F.);
#558=ORIENTED_EDGE('',*,*,#1943,.T.);
#559=ORIENTED_EDGE('',*,*,#1944,.T.);
#560=ORIENTED_EDGE('',*,*,#1808,.F.);
#561=ORIENTED_EDGE('',*,*,#1945,.T.);
#562=ORIENTED_EDGE('',*,*,#1942,.T.);
#563=ORIENTED_EDGE('',*,*,#1946,.F.);
#564=ORIENTED_EDGE('',*,*,#1944,.F.);
#565=ORIENTED_EDGE('',*,*,#1947,.T.);
#566=ORIENTED_EDGE('',*,*,#1806,.T.);
#567=ORIENTED_EDGE('',*,*,#1946,.T.);
#568=ORIENTED_EDGE('',*,*,#1948,.F.);
#569=ORIENTED_EDGE('',*,*,#1949,.T.);
#570=ORIENTED_EDGE('',*,*,#1950,.T.);
#571=ORIENTED_EDGE('',*,*,#1811,.F.);
#572=ORIENTED_EDGE('',*,*,#1951,.T.);
#573=ORIENTED_EDGE('',*,*,#1948,.T.);
#574=ORIENTED_EDGE('',*,*,#1952,.F.);
#575=ORIENTED_EDGE('',*,*,#1950,.F.);
#576=ORIENTED_EDGE('',*,*,#1953,.T.);
#577=ORIENTED_EDGE('',*,*,#1809,.T.);
#578=ORIENTED_EDGE('',*,*,#1952,.T.);
#579=ORIENTED_EDGE('',*,*,#1954,.F.);
#580=ORIENTED_EDGE('',*,*,#1955,.T.);
#581=ORIENTED_EDGE('',*,*,#1956,.T.);
#582=ORIENTED_EDGE('',*,*,#1957,.F.);
#583=ORIENTED_EDGE('',*,*,#1956,.F.);
#584=ORIENTED_EDGE('',*,*,#1958,.T.);
#585=ORIENTED_EDGE('',*,*,#1864,.T.);
#586=ORIENTED_EDGE('',*,*,#1959,.T.);
#587=ORIENTED_EDGE('',*,*,#1867,.F.);
#588=ORIENTED_EDGE('',*,*,#1960,.T.);
#589=ORIENTED_EDGE('',*,*,#1957,.T.);
#590=ORIENTED_EDGE('',*,*,#1959,.F.);
#591=ORIENTED_EDGE('',*,*,#1866,.F.);
#592=ORIENTED_EDGE('',*,*,#1961,.T.);
#593=ORIENTED_EDGE('',*,*,#1954,.T.);
#594=ORIENTED_EDGE('',*,*,#1960,.F.);
#595=ORIENTED_EDGE('',*,*,#1962,.T.);
#596=ORIENTED_EDGE('',*,*,#1963,.T.);
#597=ORIENTED_EDGE('',*,*,#1964,.F.);
#598=ORIENTED_EDGE('',*,*,#1964,.T.);
#599=ORIENTED_EDGE('',*,*,#1965,.T.);
#600=ORIENTED_EDGE('',*,*,#1813,.F.);
#601=ORIENTED_EDGE('',*,*,#1966,.T.);
#602=ORIENTED_EDGE('',*,*,#1812,.T.);
#603=ORIENTED_EDGE('',*,*,#1967,.T.);
#604=ORIENTED_EDGE('',*,*,#1962,.F.);
#605=ORIENTED_EDGE('',*,*,#1966,.F.);
#606=ORIENTED_EDGE('',*,*,#1968,.F.);
#607=ORIENTED_EDGE('',*,*,#1969,.T.);
#608=ORIENTED_EDGE('',*,*,#1970,.T.);
#609=ORIENTED_EDGE('',*,*,#1817,.F.);
#610=ORIENTED_EDGE('',*,*,#1971,.T.);
#611=ORIENTED_EDGE('',*,*,#1968,.T.);
#612=ORIENTED_EDGE('',*,*,#1972,.F.);
#613=ORIENTED_EDGE('',*,*,#1970,.F.);
#614=ORIENTED_EDGE('',*,*,#1973,.T.);
#615=ORIENTED_EDGE('',*,*,#1815,.T.);
#616=ORIENTED_EDGE('',*,*,#1972,.T.);
#617=ORIENTED_EDGE('',*,*,#1974,.T.);
#618=ORIENTED_EDGE('',*,*,#1975,.T.);
#619=ORIENTED_EDGE('',*,*,#1976,.F.);
#620=ORIENTED_EDGE('',*,*,#1976,.T.);
#621=ORIENTED_EDGE('',*,*,#1977,.T.);
#622=ORIENTED_EDGE('',*,*,#1978,.F.);
#623=ORIENTED_EDGE('',*,*,#1887,.T.);
#624=ORIENTED_EDGE('',*,*,#1792,.F.);
#625=ORIENTED_EDGE('',*,*,#1979,.T.);
#626=ORIENTED_EDGE('',*,*,#1980,.T.);
#627=ORIENTED_EDGE('',*,*,#1981,.T.);
#628=ORIENTED_EDGE('',*,*,#1974,.F.);
#629=ORIENTED_EDGE('',*,*,#1979,.F.);
#630=ORIENTED_EDGE('',*,*,#1791,.T.);
#631=ORIENTED_EDGE('',*,*,#1889,.F.);
#632=ORIENTED_EDGE('',*,*,#1978,.T.);
#633=ORIENTED_EDGE('',*,*,#1982,.T.);
#634=ORIENTED_EDGE('',*,*,#1980,.F.);
#635=ORIENTED_EDGE('',*,*,#1888,.F.);
#636=ORIENTED_EDGE('',*,*,#1983,.T.);
#637=ORIENTED_EDGE('',*,*,#1984,.T.);
#638=ORIENTED_EDGE('',*,*,#1985,.F.);
#639=ORIENTED_EDGE('',*,*,#1985,.T.);
#640=ORIENTED_EDGE('',*,*,#1986,.T.);
#641=ORIENTED_EDGE('',*,*,#1819,.F.);
#642=ORIENTED_EDGE('',*,*,#1987,.T.);
#643=ORIENTED_EDGE('',*,*,#1818,.T.);
#644=ORIENTED_EDGE('',*,*,#1988,.T.);
#645=ORIENTED_EDGE('',*,*,#1983,.F.);
#646=ORIENTED_EDGE('',*,*,#1987,.F.);
#647=ORIENTED_EDGE('',*,*,#1989,.F.);
#648=ORIENTED_EDGE('',*,*,#1990,.T.);
#649=ORIENTED_EDGE('',*,*,#1991,.T.);
#650=ORIENTED_EDGE('',*,*,#1991,.F.);
#651=ORIENTED_EDGE('',*,*,#1992,.T.);
#652=ORIENTED_EDGE('',*,*,#1821,.T.);
#653=ORIENTED_EDGE('',*,*,#1993,.T.);
#654=ORIENTED_EDGE('',*,*,#1823,.F.);
#655=ORIENTED_EDGE('',*,*,#1994,.T.);
#656=ORIENTED_EDGE('',*,*,#1989,.T.);
#657=ORIENTED_EDGE('',*,*,#1993,.F.);
#658=ORIENTED_EDGE('',*,*,#1995,.T.);
#659=ORIENTED_EDGE('',*,*,#1996,.T.);
#660=ORIENTED_EDGE('',*,*,#1997,.F.);
#661=ORIENTED_EDGE('',*,*,#1861,.T.);
#662=ORIENTED_EDGE('',*,*,#1998,.T.);
#663=ORIENTED_EDGE('',*,*,#1995,.F.);
#664=ORIENTED_EDGE('',*,*,#1999,.F.);
#665=ORIENTED_EDGE('',*,*,#1997,.T.);
#666=ORIENTED_EDGE('',*,*,#2000,.T.);
#667=ORIENTED_EDGE('',*,*,#1862,.F.);
#668=ORIENTED_EDGE('',*,*,#1999,.T.);
#669=ORIENTED_EDGE('',*,*,#2001,.F.);
#670=ORIENTED_EDGE('',*,*,#2002,.T.);
#671=ORIENTED_EDGE('',*,*,#2003,.T.);
#672=ORIENTED_EDGE('',*,*,#2003,.F.);
#673=ORIENTED_EDGE('',*,*,#2004,.T.);
#674=ORIENTED_EDGE('',*,*,#1824,.T.);
#675=ORIENTED_EDGE('',*,*,#2005,.T.);
#676=ORIENTED_EDGE('',*,*,#1826,.F.);
#677=ORIENTED_EDGE('',*,*,#2006,.T.);
#678=ORIENTED_EDGE('',*,*,#2001,.T.);
#679=ORIENTED_EDGE('',*,*,#2005,.F.);
#680=ORIENTED_EDGE('',*,*,#2007,.F.);
#681=ORIENTED_EDGE('',*,*,#2008,.T.);
#682=ORIENTED_EDGE('',*,*,#2009,.T.);
#683=ORIENTED_EDGE('',*,*,#1829,.F.);
#684=ORIENTED_EDGE('',*,*,#2010,.T.);
#685=ORIENTED_EDGE('',*,*,#2007,.T.);
#686=ORIENTED_EDGE('',*,*,#2011,.F.);
#687=ORIENTED_EDGE('',*,*,#2009,.F.);
#688=ORIENTED_EDGE('',*,*,#2012,.T.);
#689=ORIENTED_EDGE('',*,*,#1827,.T.);
#690=ORIENTED_EDGE('',*,*,#2011,.T.);
#691=ORIENTED_EDGE('',*,*,#2013,.F.);
#692=ORIENTED_EDGE('',*,*,#2014,.T.);
#693=ORIENTED_EDGE('',*,*,#2015,.T.);
#694=ORIENTED_EDGE('',*,*,#1832,.F.);
#695=ORIENTED_EDGE('',*,*,#2016,.T.);
#696=ORIENTED_EDGE('',*,*,#2013,.T.);
#697=ORIENTED_EDGE('',*,*,#2017,.F.);
#698=ORIENTED_EDGE('',*,*,#2015,.F.);
#699=ORIENTED_EDGE('',*,*,#2018,.T.);
#700=ORIENTED_EDGE('',*,*,#1830,.T.);
#701=ORIENTED_EDGE('',*,*,#2017,.T.);
#702=ORIENTED_EDGE('',*,*,#2019,.T.);
#703=ORIENTED_EDGE('',*,*,#2020,.T.);
#704=ORIENTED_EDGE('',*,*,#2021,.T.);
#705=ORIENTED_EDGE('',*,*,#1835,.T.);
#706=ORIENTED_EDGE('',*,*,#2022,.T.);
#707=ORIENTED_EDGE('',*,*,#2019,.F.);
#708=ORIENTED_EDGE('',*,*,#2023,.F.);
#709=ORIENTED_EDGE('',*,*,#2021,.F.);
#710=ORIENTED_EDGE('',*,*,#2024,.T.);
#711=ORIENTED_EDGE('',*,*,#1833,.T.);
#712=ORIENTED_EDGE('',*,*,#2023,.T.);
#713=ORIENTED_EDGE('',*,*,#2025,.T.);
#714=ORIENTED_EDGE('',*,*,#2026,.T.);
#715=ORIENTED_EDGE('',*,*,#2027,.T.);
#716=ORIENTED_EDGE('',*,*,#2027,.F.);
#717=ORIENTED_EDGE('',*,*,#2028,.T.);
#718=ORIENTED_EDGE('',*,*,#1837,.T.);
#719=ORIENTED_EDGE('',*,*,#2029,.T.);
#720=ORIENTED_EDGE('',*,*,#1836,.T.);
#721=ORIENTED_EDGE('',*,*,#2030,.T.);
#722=ORIENTED_EDGE('',*,*,#2025,.F.);
#723=ORIENTED_EDGE('',*,*,#2029,.F.);
#724=ORIENTED_EDGE('',*,*,#2031,.F.);
#725=ORIENTED_EDGE('',*,*,#2032,.T.);
#726=ORIENTED_EDGE('',*,*,#2033,.T.);
#727=ORIENTED_EDGE('',*,*,#1788,.F.);
#728=ORIENTED_EDGE('',*,*,#2034,.T.);
#729=ORIENTED_EDGE('',*,*,#2031,.T.);
#730=ORIENTED_EDGE('',*,*,#2035,.F.);
#731=ORIENTED_EDGE('',*,*,#2033,.F.);
#732=ORIENTED_EDGE('',*,*,#2036,.T.);
#733=ORIENTED_EDGE('',*,*,#2037,.T.);
#734=ORIENTED_EDGE('',*,*,#1890,.F.);
#735=ORIENTED_EDGE('',*,*,#1789,.T.);
#736=ORIENTED_EDGE('',*,*,#2035,.T.);
#737=ORIENTED_EDGE('',*,*,#2037,.F.);
#738=ORIENTED_EDGE('',*,*,#2038,.T.);
#739=ORIENTED_EDGE('',*,*,#1891,.F.);
#740=ORIENTED_EDGE('',*,*,#2039,.F.);
#741=ORIENTED_EDGE('',*,*,#2040,.T.);
#742=ORIENTED_EDGE('',*,*,#2041,.T.);
#743=ORIENTED_EDGE('',*,*,#2042,.F.);
#744=ORIENTED_EDGE('',*,*,#2041,.F.);
#745=ORIENTED_EDGE('',*,*,#2043,.T.);
#746=ORIENTED_EDGE('',*,*,#1857,.T.);
#747=ORIENTED_EDGE('',*,*,#2044,.T.);
#748=ORIENTED_EDGE('',*,*,#1860,.F.);
#749=ORIENTED_EDGE('',*,*,#2045,.T.);
#750=ORIENTED_EDGE('',*,*,#2042,.T.);
#751=ORIENTED_EDGE('',*,*,#2044,.F.);
#752=ORIENTED_EDGE('',*,*,#1859,.F.);
#753=ORIENTED_EDGE('',*,*,#2046,.T.);
#754=ORIENTED_EDGE('',*,*,#2039,.T.);
#755=ORIENTED_EDGE('',*,*,#2045,.F.);
#756=ORIENTED_EDGE('',*,*,#2047,.F.);
#757=ORIENTED_EDGE('',*,*,#2048,.T.);
#758=ORIENTED_EDGE('',*,*,#2049,.T.);
#759=ORIENTED_EDGE('',*,*,#2050,.T.);
#760=ORIENTED_EDGE('',*,*,#2051,.F.);
#761=ORIENTED_EDGE('',*,*,#1842,.T.);
#762=ORIENTED_EDGE('',*,*,#2052,.T.);
#763=ORIENTED_EDGE('',*,*,#2050,.F.);
#764=ORIENTED_EDGE('',*,*,#1841,.F.);
#765=ORIENTED_EDGE('',*,*,#2053,.T.);
#766=ORIENTED_EDGE('',*,*,#2047,.T.);
#767=ORIENTED_EDGE('',*,*,#2052,.F.);
#768=ORIENTED_EDGE('',*,*,#2049,.F.);
#769=ORIENTED_EDGE('',*,*,#2054,.T.);
#770=ORIENTED_EDGE('',*,*,#1839,.T.);
#771=ORIENTED_EDGE('',*,*,#2051,.T.);
#772=ORIENTED_EDGE('',*,*,#2055,.F.);
#773=ORIENTED_EDGE('',*,*,#2056,.T.);
#774=ORIENTED_EDGE('',*,*,#2057,.T.);
#775=ORIENTED_EDGE('',*,*,#2058,.T.);
#776=ORIENTED_EDGE('',*,*,#2059,.F.);
#777=ORIENTED_EDGE('',*,*,#1846,.T.);
#778=ORIENTED_EDGE('',*,*,#2060,.T.);
#779=ORIENTED_EDGE('',*,*,#2058,.F.);
#780=ORIENTED_EDGE('',*,*,#1845,.F.);
#781=ORIENTED_EDGE('',*,*,#2061,.T.);
#782=ORIENTED_EDGE('',*,*,#2055,.T.);
#783=ORIENTED_EDGE('',*,*,#2060,.F.);
#784=ORIENTED_EDGE('',*,*,#2057,.F.);
#785=ORIENTED_EDGE('',*,*,#2062,.T.);
#786=ORIENTED_EDGE('',*,*,#1843,.T.);
#787=ORIENTED_EDGE('',*,*,#2059,.T.);
#788=ORIENTED_EDGE('',*,*,#2063,.T.);
#789=ORIENTED_EDGE('',*,*,#2064,.T.);
#790=ORIENTED_EDGE('',*,*,#2065,.T.);
#791=ORIENTED_EDGE('',*,*,#2066,.F.);
#792=ORIENTED_EDGE('',*,*,#2065,.F.);
#793=ORIENTED_EDGE('',*,*,#2067,.T.);
#794=ORIENTED_EDGE('',*,*,#1796,.T.);
#795=ORIENTED_EDGE('',*,*,#2068,.T.);
#796=ORIENTED_EDGE('',*,*,#1795,.F.);
#797=ORIENTED_EDGE('',*,*,#2069,.T.);
#798=ORIENTED_EDGE('',*,*,#2066,.T.);
#799=ORIENTED_EDGE('',*,*,#2068,.F.);
#800=ORIENTED_EDGE('',*,*,#2070,.T.);
#801=ORIENTED_EDGE('',*,*,#2071,.T.);
#802=ORIENTED_EDGE('',*,*,#2063,.F.);
#803=ORIENTED_EDGE('',*,*,#2069,.F.);
#804=ORIENTED_EDGE('',*,*,#1794,.T.);
#805=ORIENTED_EDGE('',*,*,#1886,.F.);
#806=ORIENTED_EDGE('',*,*,#1885,.F.);
#807=ORIENTED_EDGE('',*,*,#2072,.T.);
#808=ORIENTED_EDGE('',*,*,#2070,.F.);
#809=ORIENTED_EDGE('',*,*,#2073,.F.);
#810=ORIENTED_EDGE('',*,*,#2074,.T.);
#811=ORIENTED_EDGE('',*,*,#1799,.F.);
#812=ORIENTED_EDGE('',*,*,#1883,.T.);
#813=ORIENTED_EDGE('',*,*,#2075,.T.);
#814=ORIENTED_EDGE('',*,*,#1771,.T.);
#815=ORIENTED_EDGE('',*,*,#1800,.F.);
#816=ORIENTED_EDGE('',*,*,#2074,.F.);
#817=ORIENTED_EDGE('',*,*,#2076,.T.);
#818=ORIENTED_EDGE('',*,*,#2077,.F.);
#819=ORIENTED_EDGE('',*,*,#2076,.F.);
#820=ORIENTED_EDGE('',*,*,#2073,.T.);
#821=ORIENTED_EDGE('',*,*,#1882,.T.);
#822=ORIENTED_EDGE('',*,*,#1762,.F.);
#823=ORIENTED_EDGE('',*,*,#2078,.T.);
#824=ORIENTED_EDGE('',*,*,#2079,.F.);
#825=ORIENTED_EDGE('',*,*,#2080,.F.);
#826=ORIENTED_EDGE('',*,*,#2081,.T.);
#827=ORIENTED_EDGE('',*,*,#2082,.F.);
#828=ORIENTED_EDGE('',*,*,#2083,.T.);
#829=ORIENTED_EDGE('',*,*,#2084,.T.);
#830=ORIENTED_EDGE('',*,*,#2085,.T.);
#831=ORIENTED_EDGE('',*,*,#2086,.T.);
#832=ORIENTED_EDGE('',*,*,#2087,.T.);
#833=ORIENTED_EDGE('',*,*,#2088,.F.);
#834=ORIENTED_EDGE('',*,*,#1855,.T.);
#835=ORIENTED_EDGE('',*,*,#2089,.T.);
#836=ORIENTED_EDGE('',*,*,#2085,.F.);
#837=ORIENTED_EDGE('',*,*,#2090,.F.);
#838=ORIENTED_EDGE('',*,*,#1847,.T.);
#839=ORIENTED_EDGE('',*,*,#2091,.T.);
#840=ORIENTED_EDGE('',*,*,#2083,.F.);
#841=ORIENTED_EDGE('',*,*,#1856,.F.);
#842=ORIENTED_EDGE('',*,*,#2088,.T.);
#843=ORIENTED_EDGE('',*,*,#2084,.F.);
#844=ORIENTED_EDGE('',*,*,#2091,.F.);
#845=ORIENTED_EDGE('',*,*,#2089,.F.);
#846=ORIENTED_EDGE('',*,*,#1854,.F.);
#847=ORIENTED_EDGE('',*,*,#2092,.T.);
#848=ORIENTED_EDGE('',*,*,#2086,.F.);
#849=ORIENTED_EDGE('',*,*,#2093,.F.);
#850=ORIENTED_EDGE('',*,*,#1851,.T.);
#851=ORIENTED_EDGE('',*,*,#2094,.T.);
#852=ORIENTED_EDGE('',*,*,#2079,.T.);
#853=ORIENTED_EDGE('',*,*,#2094,.F.);
#854=ORIENTED_EDGE('',*,*,#1850,.T.);
#855=ORIENTED_EDGE('',*,*,#2095,.T.);
#856=ORIENTED_EDGE('',*,*,#2080,.T.);
#857=ORIENTED_EDGE('',*,*,#1849,.F.);
#858=ORIENTED_EDGE('',*,*,#2096,.T.);
#859=ORIENTED_EDGE('',*,*,#2081,.F.);
#860=ORIENTED_EDGE('',*,*,#2095,.F.);
#861=ORIENTED_EDGE('',*,*,#2096,.F.);
#862=ORIENTED_EDGE('',*,*,#1848,.T.);
#863=ORIENTED_EDGE('',*,*,#2090,.T.);
#864=ORIENTED_EDGE('',*,*,#2082,.T.);
#865=ORIENTED_EDGE('',*,*,#1853,.F.);
#866=ORIENTED_EDGE('',*,*,#2097,.T.);
#867=ORIENTED_EDGE('',*,*,#2087,.F.);
#868=ORIENTED_EDGE('',*,*,#2092,.F.);
#869=ORIENTED_EDGE('',*,*,#1852,.F.);
#870=ORIENTED_EDGE('',*,*,#2093,.T.);
#871=ORIENTED_EDGE('',*,*,#2078,.F.);
#872=ORIENTED_EDGE('',*,*,#2097,.F.);
#873=ORIENTED_EDGE('',*,*,#1914,.F.);
#874=ORIENTED_EDGE('',*,*,#1894,.F.);
#875=ORIENTED_EDGE('',*,*,#2098,.F.);
#876=ORIENTED_EDGE('',*,*,#1900,.F.);
#877=ORIENTED_EDGE('',*,*,#1901,.T.);
#878=ORIENTED_EDGE('',*,*,#2098,.T.);
#879=ORIENTED_EDGE('',*,*,#1893,.T.);
#880=ORIENTED_EDGE('',*,*,#1785,.F.);
#881=ORIENTED_EDGE('',*,*,#1916,.T.);
#882=ORIENTED_EDGE('',*,*,#1906,.F.);
#883=ORIENTED_EDGE('',*,*,#1915,.T.);
#884=ORIENTED_EDGE('',*,*,#1935,.F.);
#885=ORIENTED_EDGE('',*,*,#1778,.T.);
#886=ORIENTED_EDGE('',*,*,#2099,.T.);
#887=ORIENTED_EDGE('',*,*,#1918,.T.);
#888=ORIENTED_EDGE('',*,*,#2100,.F.);
#889=ORIENTED_EDGE('',*,*,#1776,.T.);
#890=ORIENTED_EDGE('',*,*,#2101,.T.);
#891=ORIENTED_EDGE('',*,*,#1920,.T.);
#892=ORIENTED_EDGE('',*,*,#2101,.F.);
#893=ORIENTED_EDGE('',*,*,#1775,.T.);
#894=ORIENTED_EDGE('',*,*,#2102,.T.);
#895=ORIENTED_EDGE('',*,*,#1921,.T.);
#896=ORIENTED_EDGE('',*,*,#2103,.F.);
#897=ORIENTED_EDGE('',*,*,#1773,.T.);
#898=ORIENTED_EDGE('',*,*,#1930,.T.);
#899=ORIENTED_EDGE('',*,*,#1923,.T.);
#900=ORIENTED_EDGE('',*,*,#2099,.F.);
#901=ORIENTED_EDGE('',*,*,#1777,.T.);
#902=ORIENTED_EDGE('',*,*,#2100,.T.);
#903=ORIENTED_EDGE('',*,*,#1919,.T.);
#904=ORIENTED_EDGE('',*,*,#2102,.F.);
#905=ORIENTED_EDGE('',*,*,#1774,.T.);
#906=ORIENTED_EDGE('',*,*,#2103,.T.);
#907=ORIENTED_EDGE('',*,*,#1922,.T.);
#908=ORIENTED_EDGE('',*,*,#1947,.F.);
#909=ORIENTED_EDGE('',*,*,#1943,.F.);
#910=ORIENTED_EDGE('',*,*,#1945,.F.);
#911=ORIENTED_EDGE('',*,*,#1807,.F.);
#912=ORIENTED_EDGE('',*,*,#1953,.F.);
#913=ORIENTED_EDGE('',*,*,#1949,.F.);
#914=ORIENTED_EDGE('',*,*,#1951,.F.);
#915=ORIENTED_EDGE('',*,*,#1810,.F.);
#916=ORIENTED_EDGE('',*,*,#1941,.F.);
#917=ORIENTED_EDGE('',*,*,#1805,.F.);
#918=ORIENTED_EDGE('',*,*,#1939,.F.);
#919=ORIENTED_EDGE('',*,*,#1937,.F.);
#920=ORIENTED_EDGE('',*,*,#1965,.F.);
#921=ORIENTED_EDGE('',*,*,#1963,.F.);
#922=ORIENTED_EDGE('',*,*,#1967,.F.);
#923=ORIENTED_EDGE('',*,*,#1814,.F.);
#924=ORIENTED_EDGE('',*,*,#2030,.F.);
#925=ORIENTED_EDGE('',*,*,#1838,.F.);
#926=ORIENTED_EDGE('',*,*,#2028,.F.);
#927=ORIENTED_EDGE('',*,*,#2026,.F.);
#928=ORIENTED_EDGE('',*,*,#2006,.F.);
#929=ORIENTED_EDGE('',*,*,#1825,.F.);
#930=ORIENTED_EDGE('',*,*,#2004,.F.);
#931=ORIENTED_EDGE('',*,*,#2002,.F.);
#932=ORIENTED_EDGE('',*,*,#2012,.F.);
#933=ORIENTED_EDGE('',*,*,#2008,.F.);
#934=ORIENTED_EDGE('',*,*,#2010,.F.);
#935=ORIENTED_EDGE('',*,*,#1828,.F.);
#936=ORIENTED_EDGE('',*,*,#1988,.F.);
#937=ORIENTED_EDGE('',*,*,#1820,.F.);
#938=ORIENTED_EDGE('',*,*,#1986,.F.);
#939=ORIENTED_EDGE('',*,*,#1984,.F.);
#940=ORIENTED_EDGE('',*,*,#2018,.F.);
#941=ORIENTED_EDGE('',*,*,#2014,.F.);
#942=ORIENTED_EDGE('',*,*,#2016,.F.);
#943=ORIENTED_EDGE('',*,*,#1831,.F.);
#944=ORIENTED_EDGE('',*,*,#2022,.F.);
#945=ORIENTED_EDGE('',*,*,#1834,.F.);
#946=ORIENTED_EDGE('',*,*,#2024,.F.);
#947=ORIENTED_EDGE('',*,*,#2020,.F.);
#948=ORIENTED_EDGE('',*,*,#2000,.F.);
#949=ORIENTED_EDGE('',*,*,#1996,.F.);
#950=ORIENTED_EDGE('',*,*,#1998,.F.);
#951=ORIENTED_EDGE('',*,*,#1863,.F.);
#952=ORIENTED_EDGE('',*,*,#1994,.F.);
#953=ORIENTED_EDGE('',*,*,#1822,.F.);
#954=ORIENTED_EDGE('',*,*,#1992,.F.);
#955=ORIENTED_EDGE('',*,*,#1990,.F.);
#956=ORIENTED_EDGE('',*,*,#1973,.F.);
#957=ORIENTED_EDGE('',*,*,#1969,.F.);
#958=ORIENTED_EDGE('',*,*,#1971,.F.);
#959=ORIENTED_EDGE('',*,*,#1816,.F.);
#960=ORIENTED_EDGE('',*,*,#2036,.F.);
#961=ORIENTED_EDGE('',*,*,#2032,.F.);
#962=ORIENTED_EDGE('',*,*,#2034,.F.);
#963=ORIENTED_EDGE('',*,*,#1787,.F.);
#964=ORIENTED_EDGE('',*,*,#1892,.F.);
#965=ORIENTED_EDGE('',*,*,#2038,.F.);
#966=ORIENTED_EDGE('',*,*,#1981,.F.);
#967=ORIENTED_EDGE('',*,*,#1982,.F.);
#968=ORIENTED_EDGE('',*,*,#1977,.F.);
#969=ORIENTED_EDGE('',*,*,#1975,.F.);
#970=ORIENTED_EDGE('',*,*,#2071,.F.);
#971=ORIENTED_EDGE('',*,*,#2072,.F.);
#972=ORIENTED_EDGE('',*,*,#1884,.F.);
#973=ORIENTED_EDGE('',*,*,#1797,.F.);
#974=ORIENTED_EDGE('',*,*,#2067,.F.);
#975=ORIENTED_EDGE('',*,*,#2064,.F.);
#976=ORIENTED_EDGE('',*,*,#2062,.F.);
#977=ORIENTED_EDGE('',*,*,#2056,.F.);
#978=ORIENTED_EDGE('',*,*,#2061,.F.);
#979=ORIENTED_EDGE('',*,*,#1844,.F.);
#980=ORIENTED_EDGE('',*,*,#2046,.F.);
#981=ORIENTED_EDGE('',*,*,#1858,.F.);
#982=ORIENTED_EDGE('',*,*,#2043,.F.);
#983=ORIENTED_EDGE('',*,*,#2040,.F.);
#984=ORIENTED_EDGE('',*,*,#2054,.F.);
#985=ORIENTED_EDGE('',*,*,#2048,.F.);
#986=ORIENTED_EDGE('',*,*,#2053,.F.);
#987=ORIENTED_EDGE('',*,*,#1840,.F.);
#988=ORIENTED_EDGE('',*,*,#1961,.F.);
#989=ORIENTED_EDGE('',*,*,#1865,.F.);
#990=ORIENTED_EDGE('',*,*,#1958,.F.);
#991=ORIENTED_EDGE('',*,*,#1955,.F.);
#992=ORIENTED_EDGE('',*,*,#2104,.F.);
#993=ORIENTED_EDGE('',*,*,#1911,.T.);
#994=ORIENTED_EDGE('',*,*,#2105,.F.);
#995=ORIENTED_EDGE('',*,*,#1909,.T.);
#996=ORIENTED_EDGE('',*,*,#1879,.T.);
#997=ORIENTED_EDGE('',*,*,#1874,.F.);
#998=ORIENTED_EDGE('',*,*,#1871,.F.);
#999=ORIENTED_EDGE('',*,*,#1868,.T.);
#1000=ORIENTED_EDGE('',*,*,#2106,.F.);
#1001=ORIENTED_EDGE('',*,*,#2107,.F.);
#1002=ORIENTED_EDGE('',*,*,#2108,.T.);
#1003=ORIENTED_EDGE('',*,*,#2109,.T.);
#1004=ORIENTED_EDGE('',*,*,#2110,.F.);
#1005=ORIENTED_EDGE('',*,*,#2111,.F.);
#1006=ORIENTED_EDGE('',*,*,#2112,.F.);
#1007=ORIENTED_EDGE('',*,*,#2113,.F.);
#1008=ORIENTED_EDGE('',*,*,#2114,.T.);
#1009=ORIENTED_EDGE('',*,*,#2115,.F.);
#1010=ORIENTED_EDGE('',*,*,#2116,.F.);
#1011=ORIENTED_EDGE('',*,*,#2117,.T.);
#1012=ORIENTED_EDGE('',*,*,#2118,.F.);
#1013=ORIENTED_EDGE('',*,*,#2119,.F.);
#1014=ORIENTED_EDGE('',*,*,#2120,.T.);
#1015=ORIENTED_EDGE('',*,*,#2121,.F.);
#1016=ORIENTED_EDGE('',*,*,#2122,.F.);
#1017=ORIENTED_EDGE('',*,*,#2123,.T.);
#1018=ORIENTED_EDGE('',*,*,#2124,.T.);
#1019=ORIENTED_EDGE('',*,*,#2125,.T.);
#1020=ORIENTED_EDGE('',*,*,#2126,.F.);
#1021=ORIENTED_EDGE('',*,*,#2127,.T.);
#1022=ORIENTED_EDGE('',*,*,#2128,.T.);
#1023=ORIENTED_EDGE('',*,*,#2129,.T.);
#1024=ORIENTED_EDGE('',*,*,#2130,.F.);
#1025=ORIENTED_EDGE('',*,*,#2131,.F.);
#1026=ORIENTED_EDGE('',*,*,#2132,.T.);
#1027=ORIENTED_EDGE('',*,*,#2133,.F.);
#1028=ORIENTED_EDGE('',*,*,#2134,.F.);
#1029=ORIENTED_EDGE('',*,*,#2135,.T.);
#1030=ORIENTED_EDGE('',*,*,#2136,.T.);
#1031=ORIENTED_EDGE('',*,*,#2106,.T.);
#1032=ORIENTED_EDGE('',*,*,#1768,.T.);
#1033=ORIENTED_EDGE('',*,*,#2137,.T.);
#1034=ORIENTED_EDGE('',*,*,#2138,.F.);
#1035=ORIENTED_EDGE('',*,*,#2139,.F.);
#1036=ORIENTED_EDGE('',*,*,#2140,.T.);
#1037=ORIENTED_EDGE('',*,*,#2141,.F.);
#1038=ORIENTED_EDGE('',*,*,#2142,.T.);
#1039=ORIENTED_EDGE('',*,*,#2143,.F.);
#1040=ORIENTED_EDGE('',*,*,#2144,.F.);
#1041=ORIENTED_EDGE('',*,*,#2145,.F.);
#1042=ORIENTED_EDGE('',*,*,#2146,.F.);
#1043=ORIENTED_EDGE('',*,*,#2147,.F.);
#1044=ORIENTED_EDGE('',*,*,#2148,.F.);
#1045=ORIENTED_EDGE('',*,*,#2149,.T.);
#1046=ORIENTED_EDGE('',*,*,#2150,.T.);
#1047=ORIENTED_EDGE('',*,*,#2151,.T.);
#1048=ORIENTED_EDGE('',*,*,#2152,.T.);
#1049=ORIENTED_EDGE('',*,*,#2153,.T.);
#1050=ORIENTED_EDGE('',*,*,#2154,.T.);
#1051=ORIENTED_EDGE('',*,*,#2155,.T.);
#1052=ORIENTED_EDGE('',*,*,#2156,.F.);
#1053=ORIENTED_EDGE('',*,*,#2157,.F.);
#1054=ORIENTED_EDGE('',*,*,#2158,.T.);
#1055=ORIENTED_EDGE('',*,*,#2159,.F.);
#1056=ORIENTED_EDGE('',*,*,#2160,.F.);
#1057=ORIENTED_EDGE('',*,*,#2161,.T.);
#1058=ORIENTED_EDGE('',*,*,#2162,.F.);
#1059=ORIENTED_EDGE('',*,*,#2163,.F.);
#1060=ORIENTED_EDGE('',*,*,#2164,.T.);
#1061=ORIENTED_EDGE('',*,*,#2165,.F.);
#1062=ORIENTED_EDGE('',*,*,#2166,.F.);
#1063=ORIENTED_EDGE('',*,*,#2167,.T.);
#1064=ORIENTED_EDGE('',*,*,#2168,.F.);
#1065=ORIENTED_EDGE('',*,*,#2169,.F.);
#1066=ORIENTED_EDGE('',*,*,#2170,.T.);
#1067=ORIENTED_EDGE('',*,*,#2171,.F.);
#1068=ORIENTED_EDGE('',*,*,#2172,.F.);
#1069=ORIENTED_EDGE('',*,*,#2173,.T.);
#1070=ORIENTED_EDGE('',*,*,#2174,.F.);
#1071=ORIENTED_EDGE('',*,*,#2175,.F.);
#1072=ORIENTED_EDGE('',*,*,#2176,.T.);
#1073=ORIENTED_EDGE('',*,*,#2177,.F.);
#1074=ORIENTED_EDGE('',*,*,#2178,.F.);
#1075=ORIENTED_EDGE('',*,*,#2179,.T.);
#1076=ORIENTED_EDGE('',*,*,#2180,.F.);
#1077=ORIENTED_EDGE('',*,*,#2181,.F.);
#1078=ORIENTED_EDGE('',*,*,#2182,.T.);
#1079=ORIENTED_EDGE('',*,*,#2183,.F.);
#1080=ORIENTED_EDGE('',*,*,#2184,.F.);
#1081=ORIENTED_EDGE('',*,*,#2185,.T.);
#1082=ORIENTED_EDGE('',*,*,#2186,.T.);
#1083=ORIENTED_EDGE('',*,*,#2187,.F.);
#1084=ORIENTED_EDGE('',*,*,#2188,.T.);
#1085=ORIENTED_EDGE('',*,*,#2189,.F.);
#1086=ORIENTED_EDGE('',*,*,#2190,.T.);
#1087=ORIENTED_EDGE('',*,*,#2191,.T.);
#1088=ORIENTED_EDGE('',*,*,#2192,.F.);
#1089=ORIENTED_EDGE('',*,*,#2193,.T.);
#1090=ORIENTED_EDGE('',*,*,#2194,.F.);
#1091=ORIENTED_EDGE('',*,*,#2195,.F.);
#1092=ORIENTED_EDGE('',*,*,#2196,.F.);
#1093=ORIENTED_EDGE('',*,*,#2197,.T.);
#1094=ORIENTED_EDGE('',*,*,#2198,.T.);
#1095=ORIENTED_EDGE('',*,*,#2199,.F.);
#1096=ORIENTED_EDGE('',*,*,#2200,.T.);
#1097=ORIENTED_EDGE('',*,*,#2201,.T.);
#1098=ORIENTED_EDGE('',*,*,#2202,.F.);
#1099=ORIENTED_EDGE('',*,*,#2203,.F.);
#1100=ORIENTED_EDGE('',*,*,#2107,.T.);
#1101=ORIENTED_EDGE('',*,*,#2136,.F.);
#1102=ORIENTED_EDGE('',*,*,#2204,.F.);
#1103=ORIENTED_EDGE('',*,*,#2205,.T.);
#1104=ORIENTED_EDGE('',*,*,#2108,.F.);
#1105=ORIENTED_EDGE('',*,*,#2205,.F.);
#1106=ORIENTED_EDGE('',*,*,#2206,.T.);
#1107=ORIENTED_EDGE('',*,*,#2207,.T.);
#1108=ORIENTED_EDGE('',*,*,#2109,.F.);
#1109=ORIENTED_EDGE('',*,*,#2207,.F.);
#1110=ORIENTED_EDGE('',*,*,#2208,.T.);
#1111=ORIENTED_EDGE('',*,*,#2209,.T.);
#1112=ORIENTED_EDGE('',*,*,#2110,.T.);
#1113=ORIENTED_EDGE('',*,*,#2209,.F.);
#1114=ORIENTED_EDGE('',*,*,#2210,.F.);
#1115=ORIENTED_EDGE('',*,*,#2211,.T.);
#1116=ORIENTED_EDGE('',*,*,#2212,.F.);
#1117=ORIENTED_EDGE('',*,*,#2213,.T.);
#1118=ORIENTED_EDGE('',*,*,#2214,.T.);
#1119=ORIENTED_EDGE('',*,*,#1764,.T.);
#1120=ORIENTED_EDGE('',*,*,#2111,.T.);
#1121=ORIENTED_EDGE('',*,*,#2211,.F.);
#1122=ORIENTED_EDGE('',*,*,#2215,.T.);
#1123=ORIENTED_EDGE('',*,*,#2216,.T.);
#1124=ORIENTED_EDGE('',*,*,#2217,.F.);
#1125=ORIENTED_EDGE('',*,*,#2218,.F.);
#1126=ORIENTED_EDGE('',*,*,#2219,.T.);
#1127=ORIENTED_EDGE('',*,*,#2132,.F.);
#1128=ORIENTED_EDGE('',*,*,#2220,.F.);
#1129=ORIENTED_EDGE('',*,*,#2221,.F.);
#1130=ORIENTED_EDGE('',*,*,#2222,.F.);
#1131=ORIENTED_EDGE('',*,*,#2128,.F.);
#1132=ORIENTED_EDGE('',*,*,#2223,.F.);
#1133=ORIENTED_EDGE('',*,*,#2224,.F.);
#1134=ORIENTED_EDGE('',*,*,#2225,.T.);
#1135=ORIENTED_EDGE('',*,*,#2125,.F.);
#1136=ORIENTED_EDGE('',*,*,#2226,.F.);
#1137=ORIENTED_EDGE('',*,*,#2227,.F.);
#1138=ORIENTED_EDGE('',*,*,#2228,.F.);
#1139=ORIENTED_EDGE('',*,*,#2140,.F.);
#1140=ORIENTED_EDGE('',*,*,#2229,.T.);
#1141=ORIENTED_EDGE('',*,*,#2230,.T.);
#1142=ORIENTED_EDGE('',*,*,#2231,.T.);
#1143=ORIENTED_EDGE('',*,*,#1761,.T.);
#1144=ORIENTED_EDGE('',*,*,#2232,.F.);
#1145=ORIENTED_EDGE('',*,*,#2216,.F.);
#1146=ORIENTED_EDGE('',*,*,#2233,.T.);
#1147=ORIENTED_EDGE('',*,*,#2234,.F.);
#1148=ORIENTED_EDGE('',*,*,#2235,.T.);
#1149=ORIENTED_EDGE('',*,*,#2236,.F.);
#1150=ORIENTED_EDGE('',*,*,#2237,.F.);
#1151=ORIENTED_EDGE('',*,*,#2238,.F.);
#1152=ORIENTED_EDGE('',*,*,#2239,.F.);
#1153=ORIENTED_EDGE('',*,*,#2240,.F.);
#1154=ORIENTED_EDGE('',*,*,#2241,.T.);
#1155=ORIENTED_EDGE('',*,*,#2105,.T.);
#1156=ORIENTED_EDGE('',*,*,#2242,.F.);
#1157=ORIENTED_EDGE('',*,*,#2104,.T.);
#1158=ORIENTED_EDGE('',*,*,#2233,.F.);
#1159=ORIENTED_EDGE('',*,*,#2215,.F.);
#1160=ORIENTED_EDGE('',*,*,#2210,.T.);
#1161=ORIENTED_EDGE('',*,*,#2208,.F.);
#1162=ORIENTED_EDGE('',*,*,#2206,.F.);
#1163=ORIENTED_EDGE('',*,*,#2204,.T.);
#1164=ORIENTED_EDGE('',*,*,#2135,.F.);
#1165=ORIENTED_EDGE('',*,*,#2243,.F.);
#1166=ORIENTED_EDGE('',*,*,#2237,.T.);
#1167=ORIENTED_EDGE('',*,*,#2244,.F.);
#1168=ORIENTED_EDGE('',*,*,#2241,.F.);
#1169=ORIENTED_EDGE('',*,*,#2242,.T.);
#1170=ORIENTED_EDGE('',*,*,#2217,.T.);
#1171=ORIENTED_EDGE('',*,*,#2232,.T.);
#1172=ORIENTED_EDGE('',*,*,#2245,.F.);
#1173=ORIENTED_EDGE('',*,*,#2244,.T.);
#1174=ORIENTED_EDGE('',*,*,#2240,.T.);
#1175=ORIENTED_EDGE('',*,*,#2246,.T.);
#1176=ORIENTED_EDGE('',*,*,#2234,.T.);
#1177=ORIENTED_EDGE('',*,*,#2243,.T.);
#1178=ORIENTED_EDGE('',*,*,#2134,.T.);
#1179=ORIENTED_EDGE('',*,*,#2247,.T.);
#1180=ORIENTED_EDGE('',*,*,#2238,.T.);
#1181=ORIENTED_EDGE('',*,*,#2248,.T.);
#1182=ORIENTED_EDGE('',*,*,#2249,.T.);
#1183=ORIENTED_EDGE('',*,*,#2250,.T.);
#1184=ORIENTED_EDGE('',*,*,#2251,.T.);
#1185=ORIENTED_EDGE('',*,*,#2252,.T.);
#1186=ORIENTED_EDGE('',*,*,#2253,.T.);
#1187=ORIENTED_EDGE('',*,*,#2254,.T.);
#1188=ORIENTED_EDGE('',*,*,#2255,.T.);
#1189=ORIENTED_EDGE('',*,*,#2256,.T.);
#1190=ORIENTED_EDGE('',*,*,#2257,.T.);
#1191=ORIENTED_EDGE('',*,*,#2258,.T.);
#1192=ORIENTED_EDGE('',*,*,#2259,.T.);
#1193=ORIENTED_EDGE('',*,*,#2143,.T.);
#1194=ORIENTED_EDGE('',*,*,#2260,.T.);
#1195=ORIENTED_EDGE('',*,*,#2253,.F.);
#1196=ORIENTED_EDGE('',*,*,#2261,.F.);
#1197=ORIENTED_EDGE('',*,*,#2144,.T.);
#1198=ORIENTED_EDGE('',*,*,#2261,.T.);
#1199=ORIENTED_EDGE('',*,*,#2252,.F.);
#1200=ORIENTED_EDGE('',*,*,#2262,.F.);
#1201=ORIENTED_EDGE('',*,*,#2145,.T.);
#1202=ORIENTED_EDGE('',*,*,#2262,.T.);
#1203=ORIENTED_EDGE('',*,*,#2251,.F.);
#1204=ORIENTED_EDGE('',*,*,#2263,.F.);
#1205=ORIENTED_EDGE('',*,*,#2146,.T.);
#1206=ORIENTED_EDGE('',*,*,#2263,.T.);
#1207=ORIENTED_EDGE('',*,*,#2250,.F.);
#1208=ORIENTED_EDGE('',*,*,#2264,.F.);
#1209=ORIENTED_EDGE('',*,*,#2147,.T.);
#1210=ORIENTED_EDGE('',*,*,#2264,.T.);
#1211=ORIENTED_EDGE('',*,*,#2249,.F.);
#1212=ORIENTED_EDGE('',*,*,#2265,.F.);
#1213=ORIENTED_EDGE('',*,*,#2148,.T.);
#1214=ORIENTED_EDGE('',*,*,#2265,.T.);
#1215=ORIENTED_EDGE('',*,*,#2248,.F.);
#1216=ORIENTED_EDGE('',*,*,#2266,.F.);
#1217=ORIENTED_EDGE('',*,*,#2267,.F.);
#1218=ORIENTED_EDGE('',*,*,#2268,.T.);
#1219=ORIENTED_EDGE('',*,*,#2269,.F.);
#1220=ORIENTED_EDGE('',*,*,#2268,.F.);
#1221=ORIENTED_EDGE('',*,*,#2270,.F.);
#1222=ORIENTED_EDGE('',*,*,#2157,.T.);
#1223=ORIENTED_EDGE('',*,*,#2271,.F.);
#1224=ORIENTED_EDGE('',*,*,#2155,.F.);
#1225=ORIENTED_EDGE('',*,*,#2270,.T.);
#1226=ORIENTED_EDGE('',*,*,#2267,.T.);
#1227=ORIENTED_EDGE('',*,*,#2272,.F.);
#1228=ORIENTED_EDGE('',*,*,#2273,.T.);
#1229=ORIENTED_EDGE('',*,*,#2274,.F.);
#1230=ORIENTED_EDGE('',*,*,#2275,.F.);
#1231=ORIENTED_EDGE('',*,*,#2159,.T.);
#1232=ORIENTED_EDGE('',*,*,#2276,.T.);
#1233=ORIENTED_EDGE('',*,*,#2273,.F.);
#1234=ORIENTED_EDGE('',*,*,#2277,.F.);
#1235=ORIENTED_EDGE('',*,*,#2274,.T.);
#1236=ORIENTED_EDGE('',*,*,#2276,.F.);
#1237=ORIENTED_EDGE('',*,*,#2158,.F.);
#1238=ORIENTED_EDGE('',*,*,#2278,.F.);
#1239=ORIENTED_EDGE('',*,*,#2279,.T.);
#1240=ORIENTED_EDGE('',*,*,#2280,.F.);
#1241=ORIENTED_EDGE('',*,*,#2281,.F.);
#1242=ORIENTED_EDGE('',*,*,#2162,.T.);
#1243=ORIENTED_EDGE('',*,*,#2282,.T.);
#1244=ORIENTED_EDGE('',*,*,#2279,.F.);
#1245=ORIENTED_EDGE('',*,*,#2283,.F.);
#1246=ORIENTED_EDGE('',*,*,#2280,.T.);
#1247=ORIENTED_EDGE('',*,*,#2282,.F.);
#1248=ORIENTED_EDGE('',*,*,#2161,.F.);
#1249=ORIENTED_EDGE('',*,*,#2284,.F.);
#1250=ORIENTED_EDGE('',*,*,#2285,.F.);
#1251=ORIENTED_EDGE('',*,*,#2286,.F.);
#1252=ORIENTED_EDGE('',*,*,#2287,.T.);
#1253=ORIENTED_EDGE('',*,*,#2114,.F.);
#1254=ORIENTED_EDGE('',*,*,#2288,.F.);
#1255=ORIENTED_EDGE('',*,*,#2285,.T.);
#1256=ORIENTED_EDGE('',*,*,#2289,.F.);
#1257=ORIENTED_EDGE('',*,*,#2289,.T.);
#1258=ORIENTED_EDGE('',*,*,#2287,.F.);
#1259=ORIENTED_EDGE('',*,*,#2290,.F.);
#1260=ORIENTED_EDGE('',*,*,#2112,.T.);
#1261=ORIENTED_EDGE('',*,*,#2291,.F.);
#1262=ORIENTED_EDGE('',*,*,#2292,.T.);
#1263=ORIENTED_EDGE('',*,*,#2293,.F.);
#1264=ORIENTED_EDGE('',*,*,#2292,.F.);
#1265=ORIENTED_EDGE('',*,*,#2294,.F.);
#1266=ORIENTED_EDGE('',*,*,#2166,.T.);
#1267=ORIENTED_EDGE('',*,*,#2295,.F.);
#1268=ORIENTED_EDGE('',*,*,#2164,.F.);
#1269=ORIENTED_EDGE('',*,*,#2294,.T.);
#1270=ORIENTED_EDGE('',*,*,#2291,.T.);
#1271=ORIENTED_EDGE('',*,*,#2296,.F.);
#1272=ORIENTED_EDGE('',*,*,#2297,.T.);
#1273=ORIENTED_EDGE('',*,*,#2298,.F.);
#1274=ORIENTED_EDGE('',*,*,#2299,.F.);
#1275=ORIENTED_EDGE('',*,*,#2168,.T.);
#1276=ORIENTED_EDGE('',*,*,#2300,.T.);
#1277=ORIENTED_EDGE('',*,*,#2297,.F.);
#1278=ORIENTED_EDGE('',*,*,#2301,.F.);
#1279=ORIENTED_EDGE('',*,*,#2298,.T.);
#1280=ORIENTED_EDGE('',*,*,#2300,.F.);
#1281=ORIENTED_EDGE('',*,*,#2167,.F.);
#1282=ORIENTED_EDGE('',*,*,#2302,.F.);
#1283=ORIENTED_EDGE('',*,*,#2303,.F.);
#1284=ORIENTED_EDGE('',*,*,#2304,.T.);
#1285=ORIENTED_EDGE('',*,*,#2305,.F.);
#1286=ORIENTED_EDGE('',*,*,#2304,.F.);
#1287=ORIENTED_EDGE('',*,*,#2306,.F.);
#1288=ORIENTED_EDGE('',*,*,#2126,.T.);
#1289=ORIENTED_EDGE('',*,*,#2225,.F.);
#1290=ORIENTED_EDGE('',*,*,#2307,.T.);
#1291=ORIENTED_EDGE('',*,*,#2308,.F.);
#1292=ORIENTED_EDGE('',*,*,#2309,.F.);
#1293=ORIENTED_EDGE('',*,*,#2223,.T.);
#1294=ORIENTED_EDGE('',*,*,#2127,.F.);
#1295=ORIENTED_EDGE('',*,*,#2306,.T.);
#1296=ORIENTED_EDGE('',*,*,#2303,.T.);
#1297=ORIENTED_EDGE('',*,*,#2310,.F.);
#1298=ORIENTED_EDGE('',*,*,#2307,.F.);
#1299=ORIENTED_EDGE('',*,*,#2224,.T.);
#1300=ORIENTED_EDGE('',*,*,#2309,.T.);
#1301=ORIENTED_EDGE('',*,*,#2311,.F.);
#1302=ORIENTED_EDGE('',*,*,#2312,.F.);
#1303=ORIENTED_EDGE('',*,*,#2313,.T.);
#1304=ORIENTED_EDGE('',*,*,#2314,.F.);
#1305=ORIENTED_EDGE('',*,*,#2313,.F.);
#1306=ORIENTED_EDGE('',*,*,#2315,.F.);
#1307=ORIENTED_EDGE('',*,*,#2172,.T.);
#1308=ORIENTED_EDGE('',*,*,#2316,.F.);
#1309=ORIENTED_EDGE('',*,*,#2170,.F.);
#1310=ORIENTED_EDGE('',*,*,#2315,.T.);
#1311=ORIENTED_EDGE('',*,*,#2312,.T.);
#1312=ORIENTED_EDGE('',*,*,#2317,.F.);
#1313=ORIENTED_EDGE('',*,*,#2318,.T.);
#1314=ORIENTED_EDGE('',*,*,#2319,.F.);
#1315=ORIENTED_EDGE('',*,*,#2320,.F.);
#1316=ORIENTED_EDGE('',*,*,#2319,.T.);
#1317=ORIENTED_EDGE('',*,*,#2321,.F.);
#1318=ORIENTED_EDGE('',*,*,#2173,.F.);
#1319=ORIENTED_EDGE('',*,*,#2322,.F.);
#1320=ORIENTED_EDGE('',*,*,#2174,.T.);
#1321=ORIENTED_EDGE('',*,*,#2321,.T.);
#1322=ORIENTED_EDGE('',*,*,#2318,.F.);
#1323=ORIENTED_EDGE('',*,*,#2323,.F.);
#1324=ORIENTED_EDGE('',*,*,#2324,.F.);
#1325=ORIENTED_EDGE('',*,*,#2325,.T.);
#1326=ORIENTED_EDGE('',*,*,#2326,.F.);
#1327=ORIENTED_EDGE('',*,*,#2201,.F.);
#1328=ORIENTED_EDGE('',*,*,#2327,.T.);
#1329=ORIENTED_EDGE('',*,*,#2324,.T.);
#1330=ORIENTED_EDGE('',*,*,#2328,.F.);
#1331=ORIENTED_EDGE('',*,*,#2325,.F.);
#1332=ORIENTED_EDGE('',*,*,#2327,.F.);
#1333=ORIENTED_EDGE('',*,*,#2203,.T.);
#1334=ORIENTED_EDGE('',*,*,#2329,.F.);
#1335=ORIENTED_EDGE('',*,*,#2330,.T.);
#1336=ORIENTED_EDGE('',*,*,#2331,.F.);
#1337=ORIENTED_EDGE('',*,*,#2332,.F.);
#1338=ORIENTED_EDGE('',*,*,#2331,.T.);
#1339=ORIENTED_EDGE('',*,*,#2333,.F.);
#1340=ORIENTED_EDGE('',*,*,#2176,.F.);
#1341=ORIENTED_EDGE('',*,*,#2334,.F.);
#1342=ORIENTED_EDGE('',*,*,#2177,.T.);
#1343=ORIENTED_EDGE('',*,*,#2333,.T.);
#1344=ORIENTED_EDGE('',*,*,#2330,.F.);
#1345=ORIENTED_EDGE('',*,*,#2335,.F.);
#1346=ORIENTED_EDGE('',*,*,#2336,.T.);
#1347=ORIENTED_EDGE('',*,*,#2337,.F.);
#1348=ORIENTED_EDGE('',*,*,#2338,.F.);
#1349=ORIENTED_EDGE('',*,*,#2180,.T.);
#1350=ORIENTED_EDGE('',*,*,#2339,.T.);
#1351=ORIENTED_EDGE('',*,*,#2336,.F.);
#1352=ORIENTED_EDGE('',*,*,#2340,.F.);
#1353=ORIENTED_EDGE('',*,*,#2337,.T.);
#1354=ORIENTED_EDGE('',*,*,#2339,.F.);
#1355=ORIENTED_EDGE('',*,*,#2179,.F.);
#1356=ORIENTED_EDGE('',*,*,#2341,.F.);
#1357=ORIENTED_EDGE('',*,*,#2342,.T.);
#1358=ORIENTED_EDGE('',*,*,#2343,.F.);
#1359=ORIENTED_EDGE('',*,*,#2344,.F.);
#1360=ORIENTED_EDGE('',*,*,#2183,.T.);
#1361=ORIENTED_EDGE('',*,*,#2345,.T.);
#1362=ORIENTED_EDGE('',*,*,#2342,.F.);
#1363=ORIENTED_EDGE('',*,*,#2346,.F.);
#1364=ORIENTED_EDGE('',*,*,#2343,.T.);
#1365=ORIENTED_EDGE('',*,*,#2345,.F.);
#1366=ORIENTED_EDGE('',*,*,#2182,.F.);
#1367=ORIENTED_EDGE('',*,*,#2347,.F.);
#1368=ORIENTED_EDGE('',*,*,#2348,.F.);
#1369=ORIENTED_EDGE('',*,*,#2349,.F.);
#1370=ORIENTED_EDGE('',*,*,#2350,.F.);
#1371=ORIENTED_EDGE('',*,*,#2186,.F.);
#1372=ORIENTED_EDGE('',*,*,#2351,.T.);
#1373=ORIENTED_EDGE('',*,*,#2348,.T.);
#1374=ORIENTED_EDGE('',*,*,#2352,.F.);
#1375=ORIENTED_EDGE('',*,*,#2349,.T.);
#1376=ORIENTED_EDGE('',*,*,#2351,.F.);
#1377=ORIENTED_EDGE('',*,*,#2185,.F.);
#1378=ORIENTED_EDGE('',*,*,#2353,.F.);
#1379=ORIENTED_EDGE('',*,*,#2354,.F.);
#1380=ORIENTED_EDGE('',*,*,#2355,.F.);
#1381=ORIENTED_EDGE('',*,*,#2356,.F.);
#1382=ORIENTED_EDGE('',*,*,#2355,.T.);
#1383=ORIENTED_EDGE('',*,*,#2357,.F.);
#1384=ORIENTED_EDGE('',*,*,#2190,.F.);
#1385=ORIENTED_EDGE('',*,*,#2358,.F.);
#1386=ORIENTED_EDGE('',*,*,#2188,.F.);
#1387=ORIENTED_EDGE('',*,*,#2357,.T.);
#1388=ORIENTED_EDGE('',*,*,#2354,.T.);
#1389=ORIENTED_EDGE('',*,*,#2359,.F.);
#1390=ORIENTED_EDGE('',*,*,#2360,.T.);
#1391=ORIENTED_EDGE('',*,*,#2361,.F.);
#1392=ORIENTED_EDGE('',*,*,#2362,.F.);
#1393=ORIENTED_EDGE('',*,*,#2130,.T.);
#1394=ORIENTED_EDGE('',*,*,#2363,.T.);
#1395=ORIENTED_EDGE('',*,*,#2360,.F.);
#1396=ORIENTED_EDGE('',*,*,#2364,.F.);
#1397=ORIENTED_EDGE('',*,*,#2361,.T.);
#1398=ORIENTED_EDGE('',*,*,#2363,.F.);
#1399=ORIENTED_EDGE('',*,*,#2129,.F.);
#1400=ORIENTED_EDGE('',*,*,#2222,.T.);
#1401=ORIENTED_EDGE('',*,*,#2365,.F.);
#1402=ORIENTED_EDGE('',*,*,#2366,.F.);
#1403=ORIENTED_EDGE('',*,*,#2365,.T.);
#1404=ORIENTED_EDGE('',*,*,#2221,.T.);
#1405=ORIENTED_EDGE('',*,*,#2367,.F.);
#1406=ORIENTED_EDGE('',*,*,#2368,.F.);
#1407=ORIENTED_EDGE('',*,*,#2369,.F.);
#1408=ORIENTED_EDGE('',*,*,#2370,.T.);
#1409=ORIENTED_EDGE('',*,*,#2117,.F.);
#1410=ORIENTED_EDGE('',*,*,#2371,.F.);
#1411=ORIENTED_EDGE('',*,*,#2368,.T.);
#1412=ORIENTED_EDGE('',*,*,#2372,.F.);
#1413=ORIENTED_EDGE('',*,*,#2372,.T.);
#1414=ORIENTED_EDGE('',*,*,#2370,.F.);
#1415=ORIENTED_EDGE('',*,*,#2373,.F.);
#1416=ORIENTED_EDGE('',*,*,#2115,.T.);
#1417=ORIENTED_EDGE('',*,*,#2374,.F.);
#1418=ORIENTED_EDGE('',*,*,#2375,.F.);
#1419=ORIENTED_EDGE('',*,*,#2376,.T.);
#1420=ORIENTED_EDGE('',*,*,#2377,.T.);
#1421=ORIENTED_EDGE('',*,*,#2376,.F.);
#1422=ORIENTED_EDGE('',*,*,#2378,.F.);
#1423=ORIENTED_EDGE('',*,*,#2121,.T.);
#1424=ORIENTED_EDGE('',*,*,#2123,.F.);
#1425=ORIENTED_EDGE('',*,*,#2379,.F.);
#1426=ORIENTED_EDGE('',*,*,#2374,.T.);
#1427=ORIENTED_EDGE('',*,*,#2377,.F.);
#1428=ORIENTED_EDGE('',*,*,#2380,.F.);
#1429=ORIENTED_EDGE('',*,*,#2381,.F.);
#1430=ORIENTED_EDGE('',*,*,#2382,.T.);
#1431=ORIENTED_EDGE('',*,*,#2383,.T.);
#1432=ORIENTED_EDGE('',*,*,#2382,.F.);
#1433=ORIENTED_EDGE('',*,*,#2384,.F.);
#1434=ORIENTED_EDGE('',*,*,#2118,.T.);
#1435=ORIENTED_EDGE('',*,*,#2120,.F.);
#1436=ORIENTED_EDGE('',*,*,#2385,.F.);
#1437=ORIENTED_EDGE('',*,*,#2380,.T.);
#1438=ORIENTED_EDGE('',*,*,#2383,.F.);
#1439=ORIENTED_EDGE('',*,*,#2386,.F.);
#1440=ORIENTED_EDGE('',*,*,#2387,.F.);
#1441=ORIENTED_EDGE('',*,*,#2388,.F.);
#1442=ORIENTED_EDGE('',*,*,#2389,.T.);
#1443=ORIENTED_EDGE('',*,*,#2142,.F.);
#1444=ORIENTED_EDGE('',*,*,#2390,.F.);
#1445=ORIENTED_EDGE('',*,*,#2386,.T.);
#1446=ORIENTED_EDGE('',*,*,#2388,.T.);
#1447=ORIENTED_EDGE('',*,*,#2391,.F.);
#1448=ORIENTED_EDGE('',*,*,#2392,.F.);
#1449=ORIENTED_EDGE('',*,*,#2226,.T.);
#1450=ORIENTED_EDGE('',*,*,#2124,.F.);
#1451=ORIENTED_EDGE('',*,*,#2389,.F.);
#1452=ORIENTED_EDGE('',*,*,#2227,.T.);
#1453=ORIENTED_EDGE('',*,*,#2392,.T.);
#1454=ORIENTED_EDGE('',*,*,#2393,.F.);
#1455=ORIENTED_EDGE('',*,*,#2394,.T.);
#1456=ORIENTED_EDGE('',*,*,#2229,.F.);
#1457=ORIENTED_EDGE('',*,*,#2139,.T.);
#1458=ORIENTED_EDGE('',*,*,#2395,.F.);
#1459=ORIENTED_EDGE('',*,*,#2396,.F.);
#1460=ORIENTED_EDGE('',*,*,#2397,.F.);
#1461=ORIENTED_EDGE('',*,*,#2395,.T.);
#1462=ORIENTED_EDGE('',*,*,#2138,.T.);
#1463=ORIENTED_EDGE('',*,*,#2398,.T.);
#1464=ORIENTED_EDGE('',*,*,#2230,.F.);
#1465=ORIENTED_EDGE('',*,*,#2394,.F.);
#1466=ORIENTED_EDGE('',*,*,#2397,.T.);
#1467=ORIENTED_EDGE('',*,*,#2399,.F.);
#1468=ORIENTED_EDGE('',*,*,#2400,.F.);
#1469=ORIENTED_EDGE('',*,*,#2401,.F.);
#1470=ORIENTED_EDGE('',*,*,#2402,.F.);
#1471=ORIENTED_EDGE('',*,*,#2403,.F.);
#1472=ORIENTED_EDGE('',*,*,#2404,.F.);
#1473=ORIENTED_EDGE('',*,*,#2405,.T.);
#1474=ORIENTED_EDGE('',*,*,#2406,.F.);
#1475=ORIENTED_EDGE('',*,*,#2407,.T.);
#1476=ORIENTED_EDGE('',*,*,#2408,.T.);
#1477=ORIENTED_EDGE('',*,*,#2409,.T.);
#1478=ORIENTED_EDGE('',*,*,#2402,.T.);
#1479=ORIENTED_EDGE('',*,*,#2410,.F.);
#1480=ORIENTED_EDGE('',*,*,#2193,.F.);
#1481=ORIENTED_EDGE('',*,*,#2411,.T.);
#1482=ORIENTED_EDGE('',*,*,#2404,.T.);
#1483=ORIENTED_EDGE('',*,*,#2412,.F.);
#1484=ORIENTED_EDGE('',*,*,#2191,.F.);
#1485=ORIENTED_EDGE('',*,*,#2192,.T.);
#1486=ORIENTED_EDGE('',*,*,#2412,.T.);
#1487=ORIENTED_EDGE('',*,*,#2403,.T.);
#1488=ORIENTED_EDGE('',*,*,#2409,.F.);
#1489=ORIENTED_EDGE('',*,*,#2410,.T.);
#1490=ORIENTED_EDGE('',*,*,#2401,.T.);
#1491=ORIENTED_EDGE('',*,*,#2413,.F.);
#1492=ORIENTED_EDGE('',*,*,#2194,.T.);
#1493=ORIENTED_EDGE('',*,*,#2414,.T.);
#1494=ORIENTED_EDGE('',*,*,#2408,.F.);
#1495=ORIENTED_EDGE('',*,*,#2415,.F.);
#1496=ORIENTED_EDGE('',*,*,#2197,.F.);
#1497=ORIENTED_EDGE('',*,*,#2415,.T.);
#1498=ORIENTED_EDGE('',*,*,#2407,.F.);
#1499=ORIENTED_EDGE('',*,*,#2416,.F.);
#1500=ORIENTED_EDGE('',*,*,#2198,.F.);
#1501=ORIENTED_EDGE('',*,*,#2199,.T.);
#1502=ORIENTED_EDGE('',*,*,#2416,.T.);
#1503=ORIENTED_EDGE('',*,*,#2406,.T.);
#1504=ORIENTED_EDGE('',*,*,#2417,.F.);
#1505=ORIENTED_EDGE('',*,*,#2417,.T.);
#1506=ORIENTED_EDGE('',*,*,#2405,.F.);
#1507=ORIENTED_EDGE('',*,*,#2411,.F.);
#1508=ORIENTED_EDGE('',*,*,#2200,.F.);
#1509=ORIENTED_EDGE('',*,*,#2195,.T.);
#1510=ORIENTED_EDGE('',*,*,#2413,.T.);
#1511=ORIENTED_EDGE('',*,*,#2400,.T.);
#1512=ORIENTED_EDGE('',*,*,#2418,.F.);
#1513=ORIENTED_EDGE('',*,*,#2196,.T.);
#1514=ORIENTED_EDGE('',*,*,#2418,.T.);
#1515=ORIENTED_EDGE('',*,*,#2399,.T.);
#1516=ORIENTED_EDGE('',*,*,#2414,.F.);
#1517=ORIENTED_EDGE('',*,*,#2245,.T.);
#1518=ORIENTED_EDGE('',*,*,#2236,.T.);
#1519=ORIENTED_EDGE('',*,*,#2419,.T.);
#1520=ORIENTED_EDGE('',*,*,#2218,.T.);
#1521=ORIENTED_EDGE('',*,*,#2235,.F.);
#1522=ORIENTED_EDGE('',*,*,#2246,.F.);
#1523=ORIENTED_EDGE('',*,*,#2239,.T.);
#1524=ORIENTED_EDGE('',*,*,#2247,.F.);
#1525=ORIENTED_EDGE('',*,*,#2133,.T.);
#1526=ORIENTED_EDGE('',*,*,#2219,.F.);
#1527=ORIENTED_EDGE('',*,*,#2419,.F.);
#1528=ORIENTED_EDGE('',*,*,#2077,.T.);
#1529=ORIENTED_EDGE('',*,*,#2231,.F.);
#1530=ORIENTED_EDGE('',*,*,#2398,.F.);
#1531=ORIENTED_EDGE('',*,*,#2396,.T.);
#1532=ORIENTED_EDGE('',*,*,#2137,.F.);
#1533=ORIENTED_EDGE('',*,*,#2075,.F.);
#1534=ORIENTED_EDGE('',*,*,#2266,.T.);
#1535=ORIENTED_EDGE('',*,*,#2259,.F.);
#1536=ORIENTED_EDGE('',*,*,#2420,.F.);
#1537=ORIENTED_EDGE('',*,*,#2149,.F.);
#1538=ORIENTED_EDGE('',*,*,#2421,.T.);
#1539=ORIENTED_EDGE('',*,*,#2257,.F.);
#1540=ORIENTED_EDGE('',*,*,#2422,.F.);
#1541=ORIENTED_EDGE('',*,*,#2151,.F.);
#1542=ORIENTED_EDGE('',*,*,#2422,.T.);
#1543=ORIENTED_EDGE('',*,*,#2256,.F.);
#1544=ORIENTED_EDGE('',*,*,#2423,.F.);
#1545=ORIENTED_EDGE('',*,*,#2152,.F.);
#1546=ORIENTED_EDGE('',*,*,#2424,.T.);
#1547=ORIENTED_EDGE('',*,*,#2254,.F.);
#1548=ORIENTED_EDGE('',*,*,#2260,.F.);
#1549=ORIENTED_EDGE('',*,*,#2154,.F.);
#1550=ORIENTED_EDGE('',*,*,#2420,.T.);
#1551=ORIENTED_EDGE('',*,*,#2258,.F.);
#1552=ORIENTED_EDGE('',*,*,#2421,.F.);
#1553=ORIENTED_EDGE('',*,*,#2150,.F.);
#1554=ORIENTED_EDGE('',*,*,#2423,.T.);
#1555=ORIENTED_EDGE('',*,*,#2255,.F.);
#1556=ORIENTED_EDGE('',*,*,#2424,.F.);
#1557=ORIENTED_EDGE('',*,*,#2153,.F.);
#1558=ORIENTED_EDGE('',*,*,#2278,.T.);
#1559=ORIENTED_EDGE('',*,*,#2160,.T.);
#1560=ORIENTED_EDGE('',*,*,#2277,.T.);
#1561=ORIENTED_EDGE('',*,*,#2275,.T.);
#1562=ORIENTED_EDGE('',*,*,#2284,.T.);
#1563=ORIENTED_EDGE('',*,*,#2163,.T.);
#1564=ORIENTED_EDGE('',*,*,#2283,.T.);
#1565=ORIENTED_EDGE('',*,*,#2281,.T.);
#1566=ORIENTED_EDGE('',*,*,#2272,.T.);
#1567=ORIENTED_EDGE('',*,*,#2269,.T.);
#1568=ORIENTED_EDGE('',*,*,#2271,.T.);
#1569=ORIENTED_EDGE('',*,*,#2156,.T.);
#1570=ORIENTED_EDGE('',*,*,#2295,.T.);
#1571=ORIENTED_EDGE('',*,*,#2165,.T.);
#1572=ORIENTED_EDGE('',*,*,#2296,.T.);
#1573=ORIENTED_EDGE('',*,*,#2293,.T.);
#1574=ORIENTED_EDGE('',*,*,#2359,.T.);
#1575=ORIENTED_EDGE('',*,*,#2356,.T.);
#1576=ORIENTED_EDGE('',*,*,#2358,.T.);
#1577=ORIENTED_EDGE('',*,*,#2189,.T.);
#1578=ORIENTED_EDGE('',*,*,#2335,.T.);
#1579=ORIENTED_EDGE('',*,*,#2332,.T.);
#1580=ORIENTED_EDGE('',*,*,#2334,.T.);
#1581=ORIENTED_EDGE('',*,*,#2178,.T.);
#1582=ORIENTED_EDGE('',*,*,#2341,.T.);
#1583=ORIENTED_EDGE('',*,*,#2181,.T.);
#1584=ORIENTED_EDGE('',*,*,#2340,.T.);
#1585=ORIENTED_EDGE('',*,*,#2338,.T.);
#1586=ORIENTED_EDGE('',*,*,#2317,.T.);
#1587=ORIENTED_EDGE('',*,*,#2314,.T.);
#1588=ORIENTED_EDGE('',*,*,#2316,.T.);
#1589=ORIENTED_EDGE('',*,*,#2171,.T.);
#1590=ORIENTED_EDGE('',*,*,#2347,.T.);
#1591=ORIENTED_EDGE('',*,*,#2184,.T.);
#1592=ORIENTED_EDGE('',*,*,#2346,.T.);
#1593=ORIENTED_EDGE('',*,*,#2344,.T.);
#1594=ORIENTED_EDGE('',*,*,#2352,.T.);
#1595=ORIENTED_EDGE('',*,*,#2350,.T.);
#1596=ORIENTED_EDGE('',*,*,#2353,.T.);
#1597=ORIENTED_EDGE('',*,*,#2187,.T.);
#1598=ORIENTED_EDGE('',*,*,#2329,.T.);
#1599=ORIENTED_EDGE('',*,*,#2202,.T.);
#1600=ORIENTED_EDGE('',*,*,#2328,.T.);
#1601=ORIENTED_EDGE('',*,*,#2326,.T.);
#1602=ORIENTED_EDGE('',*,*,#2323,.T.);
#1603=ORIENTED_EDGE('',*,*,#2320,.T.);
#1604=ORIENTED_EDGE('',*,*,#2322,.T.);
#1605=ORIENTED_EDGE('',*,*,#2175,.T.);
#1606=ORIENTED_EDGE('',*,*,#2302,.T.);
#1607=ORIENTED_EDGE('',*,*,#2169,.T.);
#1608=ORIENTED_EDGE('',*,*,#2301,.T.);
#1609=ORIENTED_EDGE('',*,*,#2299,.T.);
#1610=ORIENTED_EDGE('',*,*,#2366,.T.);
#1611=ORIENTED_EDGE('',*,*,#2367,.T.);
#1612=ORIENTED_EDGE('',*,*,#2220,.T.);
#1613=ORIENTED_EDGE('',*,*,#2131,.T.);
#1614=ORIENTED_EDGE('',*,*,#2364,.T.);
#1615=ORIENTED_EDGE('',*,*,#2362,.T.);
#1616=ORIENTED_EDGE('',*,*,#2310,.T.);
#1617=ORIENTED_EDGE('',*,*,#2305,.T.);
#1618=ORIENTED_EDGE('',*,*,#2308,.T.);
#1619=ORIENTED_EDGE('',*,*,#2311,.T.);
#1620=ORIENTED_EDGE('',*,*,#2391,.T.);
#1621=ORIENTED_EDGE('',*,*,#2387,.T.);
#1622=ORIENTED_EDGE('',*,*,#2390,.T.);
#1623=ORIENTED_EDGE('',*,*,#2141,.T.);
#1624=ORIENTED_EDGE('',*,*,#2228,.T.);
#1625=ORIENTED_EDGE('',*,*,#2393,.T.);
#1626=ORIENTED_EDGE('',*,*,#2385,.T.);
#1627=ORIENTED_EDGE('',*,*,#2119,.T.);
#1628=ORIENTED_EDGE('',*,*,#2384,.T.);
#1629=ORIENTED_EDGE('',*,*,#2381,.T.);
#1630=ORIENTED_EDGE('',*,*,#2373,.T.);
#1631=ORIENTED_EDGE('',*,*,#2369,.T.);
#1632=ORIENTED_EDGE('',*,*,#2371,.T.);
#1633=ORIENTED_EDGE('',*,*,#2116,.T.);
#1634=ORIENTED_EDGE('',*,*,#2379,.T.);
#1635=ORIENTED_EDGE('',*,*,#2122,.T.);
#1636=ORIENTED_EDGE('',*,*,#2378,.T.);
#1637=ORIENTED_EDGE('',*,*,#2375,.T.);
#1638=ORIENTED_EDGE('',*,*,#2290,.T.);
#1639=ORIENTED_EDGE('',*,*,#2286,.T.);
#1640=ORIENTED_EDGE('',*,*,#2288,.T.);
#1641=ORIENTED_EDGE('',*,*,#2113,.T.);
#1642=ORIENTED_EDGE('',*,*,#2212,.T.);
#1643=ORIENTED_EDGE('',*,*,#1760,.T.);
#1644=ORIENTED_EDGE('',*,*,#1881,.F.);
#1645=ORIENTED_EDGE('',*,*,#2425,.F.);
#1646=ORIENTED_EDGE('',*,*,#2426,.T.);
#1647=ORIENTED_EDGE('',*,*,#1898,.T.);
#1648=ORIENTED_EDGE('',*,*,#1765,.F.);
#1649=ORIENTED_EDGE('',*,*,#2214,.F.);
#1650=ORIENTED_EDGE('',*,*,#2425,.T.);
#1651=ORIENTED_EDGE('',*,*,#1880,.T.);
#1652=ORIENTED_EDGE('',*,*,#2426,.F.);
#1653=ORIENTED_EDGE('',*,*,#2213,.F.);
#1654=ORIENTED_EDGE('',*,*,#2427,.T.);
#1655=ORIENTED_EDGE('',*,*,#2428,.F.);
#1656=ORIENTED_EDGE('',*,*,#2429,.F.);
#1657=ORIENTED_EDGE('',*,*,#2430,.T.);
#1658=ORIENTED_EDGE('',*,*,#2431,.T.);
#1659=ORIENTED_EDGE('',*,*,#2432,.F.);
#1660=ORIENTED_EDGE('',*,*,#2433,.F.);
#1661=ORIENTED_EDGE('',*,*,#2428,.T.);
#1662=ORIENTED_EDGE('',*,*,#2434,.T.);
#1663=ORIENTED_EDGE('',*,*,#2435,.F.);
#1664=ORIENTED_EDGE('',*,*,#2436,.F.);
#1665=ORIENTED_EDGE('',*,*,#2432,.T.);
#1666=ORIENTED_EDGE('',*,*,#2437,.F.);
#1667=ORIENTED_EDGE('',*,*,#2438,.F.);
#1668=ORIENTED_EDGE('',*,*,#2439,.T.);
#1669=ORIENTED_EDGE('',*,*,#2435,.T.);
#1670=ORIENTED_EDGE('',*,*,#2440,.F.);
#1671=ORIENTED_EDGE('',*,*,#2441,.F.);
#1672=ORIENTED_EDGE('',*,*,#2442,.T.);
#1673=ORIENTED_EDGE('',*,*,#2438,.T.);
#1674=ORIENTED_EDGE('',*,*,#2443,.T.);
#1675=ORIENTED_EDGE('',*,*,#2444,.F.);
#1676=ORIENTED_EDGE('',*,*,#2445,.F.);
#1677=ORIENTED_EDGE('',*,*,#2441,.T.);
#1678=ORIENTED_EDGE('',*,*,#2446,.F.);
#1679=ORIENTED_EDGE('',*,*,#2447,.F.);
#1680=ORIENTED_EDGE('',*,*,#2448,.T.);
#1681=ORIENTED_EDGE('',*,*,#2444,.T.);
#1682=ORIENTED_EDGE('',*,*,#2449,.F.);
#1683=ORIENTED_EDGE('',*,*,#2450,.F.);
#1684=ORIENTED_EDGE('',*,*,#2451,.T.);
#1685=ORIENTED_EDGE('',*,*,#2447,.T.);
#1686=ORIENTED_EDGE('',*,*,#2452,.T.);
#1687=ORIENTED_EDGE('',*,*,#2453,.F.);
#1688=ORIENTED_EDGE('',*,*,#2454,.F.);
#1689=ORIENTED_EDGE('',*,*,#2450,.T.);
#1690=ORIENTED_EDGE('',*,*,#2455,.F.);
#1691=ORIENTED_EDGE('',*,*,#2456,.F.);
#1692=ORIENTED_EDGE('',*,*,#2457,.T.);
#1693=ORIENTED_EDGE('',*,*,#2453,.T.);
#1694=ORIENTED_EDGE('',*,*,#2458,.T.);
#1695=ORIENTED_EDGE('',*,*,#2430,.F.);
#1696=ORIENTED_EDGE('',*,*,#2459,.F.);
#1697=ORIENTED_EDGE('',*,*,#2456,.T.);
#1698=ORIENTED_EDGE('',*,*,#2429,.T.);
#1699=ORIENTED_EDGE('',*,*,#2433,.T.);
#1700=ORIENTED_EDGE('',*,*,#2436,.T.);
#1701=ORIENTED_EDGE('',*,*,#2439,.F.);
#1702=ORIENTED_EDGE('',*,*,#2442,.F.);
#1703=ORIENTED_EDGE('',*,*,#2445,.T.);
#1704=ORIENTED_EDGE('',*,*,#2448,.F.);
#1705=ORIENTED_EDGE('',*,*,#2451,.F.);
#1706=ORIENTED_EDGE('',*,*,#2454,.T.);
#1707=ORIENTED_EDGE('',*,*,#2457,.F.);
#1708=ORIENTED_EDGE('',*,*,#2459,.T.);
#1709=ORIENTED_EDGE('',*,*,#2427,.F.);
#1710=ORIENTED_EDGE('',*,*,#2458,.F.);
#1711=ORIENTED_EDGE('',*,*,#2455,.T.);
#1712=ORIENTED_EDGE('',*,*,#2452,.F.);
#1713=ORIENTED_EDGE('',*,*,#2449,.T.);
#1714=ORIENTED_EDGE('',*,*,#2446,.T.);
#1715=ORIENTED_EDGE('',*,*,#2443,.F.);
#1716=ORIENTED_EDGE('',*,*,#2440,.T.);
#1717=ORIENTED_EDGE('',*,*,#2437,.T.);
#1718=ORIENTED_EDGE('',*,*,#2434,.F.);
#1719=ORIENTED_EDGE('',*,*,#2431,.F.);
#1720=ORIENTED_EDGE('',*,*,#2460,.F.);
#1721=ORIENTED_EDGE('',*,*,#2461,.F.);
#1722=ORIENTED_EDGE('',*,*,#2462,.T.);
#1723=ORIENTED_EDGE('',*,*,#2463,.T.);
#1724=ORIENTED_EDGE('',*,*,#2464,.T.);
#1725=ORIENTED_EDGE('',*,*,#2465,.F.);
#1726=ORIENTED_EDGE('',*,*,#2466,.F.);
#1727=ORIENTED_EDGE('',*,*,#2461,.T.);
#1728=ORIENTED_EDGE('',*,*,#2467,.F.);
#1729=ORIENTED_EDGE('',*,*,#2468,.F.);
#1730=ORIENTED_EDGE('',*,*,#2469,.T.);
#1731=ORIENTED_EDGE('',*,*,#2465,.T.);
#1732=ORIENTED_EDGE('',*,*,#2470,.F.);
#1733=ORIENTED_EDGE('',*,*,#2463,.F.);
#1734=ORIENTED_EDGE('',*,*,#2471,.T.);
#1735=ORIENTED_EDGE('',*,*,#2468,.T.);
#1736=ORIENTED_EDGE('',*,*,#2462,.F.);
#1737=ORIENTED_EDGE('',*,*,#2466,.T.);
#1738=ORIENTED_EDGE('',*,*,#2469,.F.);
#1739=ORIENTED_EDGE('',*,*,#2471,.F.);
#1740=ORIENTED_EDGE('',*,*,#2460,.T.);
#1741=ORIENTED_EDGE('',*,*,#2470,.T.);
#1742=ORIENTED_EDGE('',*,*,#2467,.T.);
#1743=ORIENTED_EDGE('',*,*,#2464,.F.);
#1744=ORIENTED_EDGE('',*,*,#2472,.T.);
#1745=ORIENTED_EDGE('',*,*,#2473,.F.);
#1746=ORIENTED_EDGE('',*,*,#2474,.F.);
#1747=ORIENTED_EDGE('',*,*,#2475,.T.);
#1748=ORIENTED_EDGE('',*,*,#2472,.F.);
#1749=ORIENTED_EDGE('',*,*,#2474,.T.);
#1750=ORIENTED_EDGE('',*,*,#2473,.T.);
#1751=ORIENTED_EDGE('',*,*,#2475,.F.);
#1752=ORIENTED_EDGE('',*,*,#2476,.T.);
#1753=ORIENTED_EDGE('',*,*,#2477,.F.);
#1754=ORIENTED_EDGE('',*,*,#2478,.F.);
#1755=ORIENTED_EDGE('',*,*,#2479,.T.);
#1756=ORIENTED_EDGE('',*,*,#2476,.F.);
#1757=ORIENTED_EDGE('',*,*,#2478,.T.);
#1758=ORIENTED_EDGE('',*,*,#2477,.T.);
#1759=ORIENTED_EDGE('',*,*,#2479,.F.);
#1760=EDGE_CURVE('',#2480,#2481,#2964,.T.);
#1761=EDGE_CURVE('',#2482,#2480,#2965,.T.);
#1762=EDGE_CURVE('',#2482,#2483,#2966,.T.);
#1763=EDGE_CURVE('',#2483,#2481,#2967,.T.);
#1764=EDGE_CURVE('',#2484,#2485,#2968,.T.);
#1765=EDGE_CURVE('',#2484,#2486,#2969,.T.);
#1766=EDGE_CURVE('',#2486,#2487,#2970,.T.);
#1767=EDGE_CURVE('',#2487,#2485,#2971,.T.);
#1768=EDGE_CURVE('',#2488,#2489,#2972,.T.);
#1769=EDGE_CURVE('',#2488,#2490,#2973,.T.);
#1770=EDGE_CURVE('',#2490,#2491,#2974,.T.);
#1771=EDGE_CURVE('',#2489,#2491,#2975,.T.);
#1772=EDGE_CURVE('',#2492,#2493,#2976,.T.);
#1773=EDGE_CURVE('',#2494,#2493,#2977,.T.);
#1774=EDGE_CURVE('',#2495,#2494,#2978,.T.);
#1775=EDGE_CURVE('',#2496,#2495,#2979,.T.);
#1776=EDGE_CURVE('',#2497,#2496,#2980,.T.);
#1777=EDGE_CURVE('',#2498,#2497,#2981,.T.);
#1778=EDGE_CURVE('',#2499,#2498,#2982,.T.);
#1779=EDGE_CURVE('',#2499,#2500,#2983,.T.);
#1780=EDGE_CURVE('',#2500,#2501,#2984,.T.);
#1781=EDGE_CURVE('',#2501,#2502,#2985,.T.);
#1782=EDGE_CURVE('',#2502,#2503,#2986,.T.);
#1783=EDGE_CURVE('',#2503,#2492,#2987,.T.);
#1784=EDGE_CURVE('',#2504,#2505,#2988,.T.);
#1785=EDGE_CURVE('',#2505,#2506,#2989,.T.);
#1786=EDGE_CURVE('',#2507,#2506,#2990,.T.);
#1787=EDGE_CURVE('',#2507,#2508,#2991,.T.);
#1788=EDGE_CURVE('',#2508,#2509,#2992,.T.);
#1789=EDGE_CURVE('',#2510,#2509,#2993,.T.);
#1790=EDGE_CURVE('',#2511,#2510,#2994,.T.);
#1791=EDGE_CURVE('',#2512,#2511,#2995,.T.);
#1792=EDGE_CURVE('',#2512,#2513,#2996,.T.);
#1793=EDGE_CURVE('',#2514,#2513,#2997,.T.);
#1794=EDGE_CURVE('',#2515,#2514,#2998,.T.);
#1795=EDGE_CURVE('',#2515,#2516,#2999,.T.);
#1796=EDGE_CURVE('',#2517,#2516,#3000,.T.);
#1797=EDGE_CURVE('',#2517,#2518,#3001,.T.);
#1798=EDGE_CURVE('',#2519,#2518,#3002,.T.);
#1799=EDGE_CURVE('',#2519,#2520,#3003,.T.);
#1800=EDGE_CURVE('',#2520,#2491,#3004,.T.);
#1801=EDGE_CURVE('',#2521,#2490,#3005,.T.);
#1802=EDGE_CURVE('',#2504,#2521,#3006,.T.);
#1803=EDGE_CURVE('',#2522,#2523,#3007,.T.);
#1804=EDGE_CURVE('',#2522,#2524,#3008,.T.);
#1805=EDGE_CURVE('',#2524,#2523,#3009,.T.);
#1806=EDGE_CURVE('',#2525,#2526,#3010,.T.);
#1807=EDGE_CURVE('',#2525,#2527,#3011,.T.);
#1808=EDGE_CURVE('',#2527,#2526,#3012,.T.);
#1809=EDGE_CURVE('',#2528,#2529,#3013,.T.);
#1810=EDGE_CURVE('',#2528,#2530,#3014,.T.);
#1811=EDGE_CURVE('',#2530,#2529,#3015,.T.);
#1812=EDGE_CURVE('',#2531,#2532,#3016,.T.);
#1813=EDGE_CURVE('',#2531,#2533,#3017,.T.);
#1814=EDGE_CURVE('',#2533,#2532,#3018,.T.);
#1815=EDGE_CURVE('',#2534,#2535,#3019,.T.);
#1816=EDGE_CURVE('',#2534,#2536,#3020,.T.);
#1817=EDGE_CURVE('',#2536,#2535,#3021,.T.);
#1818=EDGE_CURVE('',#2537,#2538,#3022,.T.);
#1819=EDGE_CURVE('',#2537,#2539,#3023,.T.);
#1820=EDGE_CURVE('',#2539,#2538,#3024,.T.);
#1821=EDGE_CURVE('',#2540,#2541,#3025,.T.);
#1822=EDGE_CURVE('',#2540,#2542,#3026,.T.);
#1823=EDGE_CURVE('',#2542,#2541,#3027,.T.);
#1824=EDGE_CURVE('',#2543,#2544,#3028,.T.);
#1825=EDGE_CURVE('',#2543,#2545,#3029,.T.);
#1826=EDGE_CURVE('',#2545,#2544,#3030,.T.);
#1827=EDGE_CURVE('',#2546,#2547,#3031,.T.);
#1828=EDGE_CURVE('',#2546,#2548,#3032,.T.);
#1829=EDGE_CURVE('',#2548,#2547,#3033,.T.);
#1830=EDGE_CURVE('',#2549,#2550,#3034,.T.);
#1831=EDGE_CURVE('',#2549,#2551,#3035,.T.);
#1832=EDGE_CURVE('',#2551,#2550,#3036,.T.);
#1833=EDGE_CURVE('',#2552,#2553,#3037,.T.);
#1834=EDGE_CURVE('',#2552,#2554,#3038,.T.);
#1835=EDGE_CURVE('',#2553,#2554,#3039,.T.);
#1836=EDGE_CURVE('',#2555,#2556,#3040,.T.);
#1837=EDGE_CURVE('',#2557,#2555,#3041,.T.);
#1838=EDGE_CURVE('',#2557,#2556,#3042,.T.);
#1839=EDGE_CURVE('',#2558,#2559,#3043,.T.);
#1840=EDGE_CURVE('',#2558,#2560,#3044,.T.);
#1841=EDGE_CURVE('',#2560,#2561,#3045,.T.);
#1842=EDGE_CURVE('',#2559,#2561,#3046,.T.);
#1843=EDGE_CURVE('',#2562,#2563,#3047,.T.);
#1844=EDGE_CURVE('',#2562,#2564,#3048,.T.);
#1845=EDGE_CURVE('',#2564,#2565,#3049,.T.);
#1846=EDGE_CURVE('',#2563,#2565,#3050,.T.);
#1847=EDGE_CURVE('',#2566,#2567,#286,.T.);
#1848=EDGE_CURVE('',#2568,#2566,#3051,.T.);
#1849=EDGE_CURVE('',#2568,#2569,#3052,.T.);
#1850=EDGE_CURVE('',#2570,#2569,#3053,.T.);
#1851=EDGE_CURVE('',#2571,#2570,#287,.T.);
#1852=EDGE_CURVE('',#2571,#2572,#3054,.T.);
#1853=EDGE_CURVE('',#2572,#2573,#3055,.T.);
#1854=EDGE_CURVE('',#2573,#2574,#3056,.T.);
#1855=EDGE_CURVE('',#2575,#2574,#3057,.T.);
#1856=EDGE_CURVE('',#2575,#2567,#3058,.T.);
#1857=EDGE_CURVE('',#2576,#2577,#3059,.T.);
#1858=EDGE_CURVE('',#2576,#2578,#3060,.T.);
#1859=EDGE_CURVE('',#2578,#2579,#3061,.T.);
#1860=EDGE_CURVE('',#2579,#2577,#3062,.T.);
#1861=EDGE_CURVE('',#2580,#2581,#3063,.T.);
#1862=EDGE_CURVE('',#2580,#2582,#3064,.T.);
#1863=EDGE_CURVE('',#2582,#2581,#3065,.T.);
#1864=EDGE_CURVE('',#2583,#2584,#3066,.T.);
#1865=EDGE_CURVE('',#2583,#2585,#3067,.T.);
#1866=EDGE_CURVE('',#2585,#2586,#3068,.T.);
#1867=EDGE_CURVE('',#2586,#2584,#3069,.T.);
#1868=EDGE_CURVE('',#2587,#2488,#3070,.T.);
#1869=EDGE_CURVE('',#2588,#2587,#3071,.T.);
#1870=EDGE_CURVE('',#2588,#2521,#3072,.T.);
#1871=EDGE_CURVE('',#2587,#2589,#3073,.T.);
#1872=EDGE_CURVE('',#2590,#2589,#3074,.T.);
#1873=EDGE_CURVE('',#2588,#2590,#3075,.T.);
#1874=EDGE_CURVE('',#2589,#2591,#3076,.T.);
#1875=EDGE_CURVE('',#2592,#2591,#3077,.T.);
#1876=EDGE_CURVE('',#2590,#2592,#3078,.T.);
#1877=EDGE_CURVE('',#2593,#2487,#3079,.T.);
#1878=EDGE_CURVE('',#2593,#2592,#3080,.T.);
#1879=EDGE_CURVE('',#2485,#2591,#3081,.T.);
#1880=EDGE_CURVE('',#2594,#2595,#3082,.T.);
#1881=EDGE_CURVE('',#2594,#2481,#3083,.T.);
#1882=EDGE_CURVE('',#2596,#2483,#3084,.T.);
#1883=EDGE_CURVE('',#2519,#2596,#3085,.T.);
#1884=EDGE_CURVE('',#2518,#2597,#196,.T.);
#1885=EDGE_CURVE('',#2597,#2598,#3086,.T.);
#1886=EDGE_CURVE('',#2598,#2514,#3087,.T.);
#1887=EDGE_CURVE('',#2599,#2513,#3088,.T.);
#1888=EDGE_CURVE('',#2599,#2600,#3089,.T.);
#1889=EDGE_CURVE('',#2600,#2511,#3090,.T.);
#1890=EDGE_CURVE('',#2510,#2601,#3091,.T.);
#1891=EDGE_CURVE('',#2601,#2602,#3092,.T.);
#1892=EDGE_CURVE('',#2602,#2507,#197,.T.);
#1893=EDGE_CURVE('',#2603,#2506,#3093,.T.);
#1894=EDGE_CURVE('',#2603,#2604,#3094,.F.);
#1895=EDGE_CURVE('',#2604,#2605,#3095,.T.);
#1896=EDGE_CURVE('',#2606,#2605,#3096,.T.);
#1897=EDGE_CURVE('',#2593,#2606,#3097,.T.);
#1898=EDGE_CURVE('',#2595,#2486,#3098,.T.);
#1899=EDGE_CURVE('',#2605,#2607,#3099,.T.);
#1900=EDGE_CURVE('',#2607,#2608,#3100,.T.);
#1901=EDGE_CURVE('',#2609,#2608,#3101,.T.);
#1902=EDGE_CURVE('',#2609,#2610,#3102,.F.);
#1903=EDGE_CURVE('',#2606,#2610,#3103,.T.);
#1904=EDGE_CURVE('',#2611,#2612,#3104,.T.);
#1905=EDGE_CURVE('',#2612,#2613,#3105,.T.);
#1906=EDGE_CURVE('',#2613,#2614,#3106,.T.);
#1907=EDGE_CURVE('',#2614,#2611,#3107,.F.);
#1908=EDGE_CURVE('',#2615,#2615,#288,.T.);
#1909=EDGE_CURVE('',#2616,#2616,#289,.F.);
#1910=EDGE_CURVE('',#2617,#2617,#290,.T.);
#1911=EDGE_CURVE('',#2618,#2618,#291,.T.);
#1912=EDGE_CURVE('',#2610,#2612,#292,.T.);
#1913=EDGE_CURVE('',#2611,#2504,#293,.T.);
#1914=EDGE_CURVE('',#2604,#2607,#294,.F.);
#1915=EDGE_CURVE('',#2613,#2609,#198,.F.);
#1916=EDGE_CURVE('',#2505,#2614,#199,.F.);
#1917=EDGE_CURVE('',#2619,#2620,#3108,.T.);
#1918=EDGE_CURVE('',#2621,#2619,#3109,.T.);
#1919=EDGE_CURVE('',#2622,#2621,#3110,.T.);
#1920=EDGE_CURVE('',#2623,#2622,#3111,.T.);
#1921=EDGE_CURVE('',#2624,#2623,#3112,.T.);
#1922=EDGE_CURVE('',#2625,#2624,#3113,.T.);
#1923=EDGE_CURVE('',#2626,#2625,#3114,.T.);
#1924=EDGE_CURVE('',#2627,#2626,#3115,.T.);
#1925=EDGE_CURVE('',#2628,#2627,#3116,.T.);
#1926=EDGE_CURVE('',#2629,#2628,#3117,.T.);
#1927=EDGE_CURVE('',#2630,#2629,#3118,.T.);
#1928=EDGE_CURVE('',#2620,#2630,#3119,.T.);
#1929=EDGE_CURVE('',#2492,#2627,#3120,.T.);
#1930=EDGE_CURVE('',#2493,#2626,#3121,.T.);
#1931=EDGE_CURVE('',#2503,#2628,#3122,.T.);
#1932=EDGE_CURVE('',#2502,#2629,#3123,.T.);
#1933=EDGE_CURVE('',#2501,#2630,#3124,.T.);
#1934=EDGE_CURVE('',#2500,#2620,#3125,.T.);
#1935=EDGE_CURVE('',#2499,#2619,#3126,.T.);
#1936=EDGE_CURVE('',#2631,#2632,#3127,.T.);
#1937=EDGE_CURVE('',#2632,#2633,#3128,.T.);
#1938=EDGE_CURVE('',#2631,#2633,#3129,.T.);
#1939=EDGE_CURVE('',#2633,#2524,#200,.F.);
#1940=EDGE_CURVE('',#2522,#2631,#3130,.T.);
#1941=EDGE_CURVE('',#2523,#2632,#201,.T.);
#1942=EDGE_CURVE('',#2634,#2635,#3131,.T.);
#1943=EDGE_CURVE('',#2634,#2636,#3132,.F.);
#1944=EDGE_CURVE('',#2636,#2635,#3133,.T.);
#1945=EDGE_CURVE('',#2527,#2634,#202,.F.);
#1946=EDGE_CURVE('',#2526,#2635,#3134,.T.);
#1947=EDGE_CURVE('',#2636,#2525,#203,.T.);
#1948=EDGE_CURVE('',#2637,#2638,#3135,.T.);
#1949=EDGE_CURVE('',#2637,#2639,#3136,.F.);
#1950=EDGE_CURVE('',#2639,#2638,#3137,.T.);
#1951=EDGE_CURVE('',#2530,#2637,#204,.F.);
#1952=EDGE_CURVE('',#2529,#2638,#3138,.T.);
#1953=EDGE_CURVE('',#2639,#2528,#205,.T.);
#1954=EDGE_CURVE('',#2640,#2641,#3139,.T.);
#1955=EDGE_CURVE('',#2640,#2642,#3140,.T.);
#1956=EDGE_CURVE('',#2642,#2643,#3141,.T.);
#1957=EDGE_CURVE('',#2641,#2643,#3142,.T.);
#1958=EDGE_CURVE('',#2642,#2583,#206,.T.);
#1959=EDGE_CURVE('',#2584,#2643,#3143,.T.);
#1960=EDGE_CURVE('',#2586,#2641,#3144,.T.);
#1961=EDGE_CURVE('',#2585,#2640,#207,.F.);
#1962=EDGE_CURVE('',#2644,#2645,#3145,.T.);
#1963=EDGE_CURVE('',#2645,#2646,#3146,.F.);
#1964=EDGE_CURVE('',#2644,#2646,#3147,.T.);
#1965=EDGE_CURVE('',#2646,#2533,#208,.F.);
#1966=EDGE_CURVE('',#2531,#2644,#3148,.T.);
#1967=EDGE_CURVE('',#2532,#2645,#209,.T.);
#1968=EDGE_CURVE('',#2647,#2648,#3149,.T.);
#1969=EDGE_CURVE('',#2647,#2649,#3150,.F.);
#1970=EDGE_CURVE('',#2649,#2648,#3151,.T.);
#1971=EDGE_CURVE('',#2536,#2647,#210,.F.);
#1972=EDGE_CURVE('',#2535,#2648,#3152,.T.);
#1973=EDGE_CURVE('',#2649,#2534,#211,.T.);
#1974=EDGE_CURVE('',#2650,#2651,#3153,.T.);
#1975=EDGE_CURVE('',#2651,#2652,#3154,.T.);
#1976=EDGE_CURVE('',#2650,#2652,#3155,.T.);
#1977=EDGE_CURVE('',#2652,#2653,#212,.F.);
#1978=EDGE_CURVE('',#2599,#2653,#3156,.T.);
#1979=EDGE_CURVE('',#2512,#2650,#3157,.T.);
#1980=EDGE_CURVE('',#2600,#2654,#3158,.T.);
#1981=EDGE_CURVE('',#2654,#2651,#213,.T.);
#1982=EDGE_CURVE('',#2653,#2654,#3159,.T.);
#1983=EDGE_CURVE('',#2655,#2656,#3160,.T.);
#1984=EDGE_CURVE('',#2656,#2657,#3161,.T.);
#1985=EDGE_CURVE('',#2655,#2657,#3162,.T.);
#1986=EDGE_CURVE('',#2657,#2539,#214,.F.);
#1987=EDGE_CURVE('',#2537,#2655,#3163,.T.);
#1988=EDGE_CURVE('',#2538,#2656,#215,.T.);
#1989=EDGE_CURVE('',#2658,#2659,#3164,.T.);
#1990=EDGE_CURVE('',#2658,#2660,#3165,.T.);
#1991=EDGE_CURVE('',#2660,#2659,#3166,.T.);
#1992=EDGE_CURVE('',#2660,#2540,#216,.T.);
#1993=EDGE_CURVE('',#2541,#2659,#3167,.T.);
#1994=EDGE_CURVE('',#2542,#2658,#217,.F.);
#1995=EDGE_CURVE('',#2661,#2662,#3168,.T.);
#1996=EDGE_CURVE('',#2662,#2663,#3169,.F.);
#1997=EDGE_CURVE('',#2661,#2663,#3170,.T.);
#1998=EDGE_CURVE('',#2581,#2662,#218,.T.);
#1999=EDGE_CURVE('',#2580,#2661,#3171,.T.);
#2000=EDGE_CURVE('',#2663,#2582,#219,.F.);
#2001=EDGE_CURVE('',#2664,#2665,#3172,.T.);
#2002=EDGE_CURVE('',#2664,#2666,#3173,.T.);
#2003=EDGE_CURVE('',#2666,#2665,#3174,.T.);
#2004=EDGE_CURVE('',#2666,#2543,#220,.T.);
#2005=EDGE_CURVE('',#2544,#2665,#3175,.T.);
#2006=EDGE_CURVE('',#2545,#2664,#221,.F.);
#2007=EDGE_CURVE('',#2667,#2668,#3176,.T.);
#2008=EDGE_CURVE('',#2667,#2669,#3177,.F.);
#2009=EDGE_CURVE('',#2669,#2668,#3178,.T.);
#2010=EDGE_CURVE('',#2548,#2667,#222,.F.);
#2011=EDGE_CURVE('',#2547,#2668,#3179,.T.);
#2012=EDGE_CURVE('',#2669,#2546,#223,.T.);
#2013=EDGE_CURVE('',#2670,#2671,#3180,.T.);
#2014=EDGE_CURVE('',#2670,#2672,#3181,.F.);
#2015=EDGE_CURVE('',#2672,#2671,#3182,.T.);
#2016=EDGE_CURVE('',#2551,#2670,#224,.F.);
#2017=EDGE_CURVE('',#2550,#2671,#3183,.T.);
#2018=EDGE_CURVE('',#2672,#2549,#225,.T.);
#2019=EDGE_CURVE('',#2673,#2674,#3184,.T.);
#2020=EDGE_CURVE('',#2674,#2675,#3185,.T.);
#2021=EDGE_CURVE('',#2675,#2673,#3186,.T.);
#2022=EDGE_CURVE('',#2554,#2674,#226,.T.);
#2023=EDGE_CURVE('',#2553,#2673,#3187,.T.);
#2024=EDGE_CURVE('',#2675,#2552,#227,.T.);
#2025=EDGE_CURVE('',#2676,#2677,#3188,.T.);
#2026=EDGE_CURVE('',#2677,#2678,#3189,.T.);
#2027=EDGE_CURVE('',#2678,#2676,#3190,.T.);
#2028=EDGE_CURVE('',#2678,#2557,#228,.T.);
#2029=EDGE_CURVE('',#2555,#2676,#3191,.T.);
#2030=EDGE_CURVE('',#2556,#2677,#229,.T.);
#2031=EDGE_CURVE('',#2679,#2680,#3192,.T.);
#2032=EDGE_CURVE('',#2679,#2681,#3193,.F.);
#2033=EDGE_CURVE('',#2681,#2680,#3194,.T.);
#2034=EDGE_CURVE('',#2508,#2679,#230,.F.);
#2035=EDGE_CURVE('',#2509,#2680,#3195,.T.);
#2036=EDGE_CURVE('',#2681,#2682,#231,.T.);
#2037=EDGE_CURVE('',#2682,#2601,#3196,.T.);
#2038=EDGE_CURVE('',#2682,#2602,#3197,.T.);
#2039=EDGE_CURVE('',#2683,#2684,#3198,.T.);
#2040=EDGE_CURVE('',#2683,#2685,#3199,.T.);
#2041=EDGE_CURVE('',#2685,#2686,#3200,.T.);
#2042=EDGE_CURVE('',#2684,#2686,#3201,.T.);
#2043=EDGE_CURVE('',#2685,#2576,#232,.T.);
#2044=EDGE_CURVE('',#2577,#2686,#3202,.T.);
#2045=EDGE_CURVE('',#2579,#2684,#3203,.T.);
#2046=EDGE_CURVE('',#2578,#2683,#233,.F.);
#2047=EDGE_CURVE('',#2687,#2688,#3204,.T.);
#2048=EDGE_CURVE('',#2687,#2689,#3205,.F.);
#2049=EDGE_CURVE('',#2689,#2690,#3206,.T.);
#2050=EDGE_CURVE('',#2690,#2688,#3207,.T.);
#2051=EDGE_CURVE('',#2559,#2690,#3208,.T.);
#2052=EDGE_CURVE('',#2561,#2688,#3209,.T.);
#2053=EDGE_CURVE('',#2560,#2687,#234,.F.);
#2054=EDGE_CURVE('',#2689,#2558,#235,.T.);
#2055=EDGE_CURVE('',#2691,#2692,#3210,.T.);
#2056=EDGE_CURVE('',#2691,#2693,#3211,.F.);
#2057=EDGE_CURVE('',#2693,#2694,#3212,.T.);
#2058=EDGE_CURVE('',#2694,#2692,#3213,.T.);
#2059=EDGE_CURVE('',#2563,#2694,#3214,.T.);
#2060=EDGE_CURVE('',#2565,#2692,#3215,.T.);
#2061=EDGE_CURVE('',#2564,#2691,#236,.F.);
#2062=EDGE_CURVE('',#2693,#2562,#237,.T.);
#2063=EDGE_CURVE('',#2695,#2696,#3216,.T.);
#2064=EDGE_CURVE('',#2696,#2697,#3217,.T.);
#2065=EDGE_CURVE('',#2697,#2698,#3218,.T.);
#2066=EDGE_CURVE('',#2695,#2698,#3219,.T.);
#2067=EDGE_CURVE('',#2697,#2517,#238,.T.);
#2068=EDGE_CURVE('',#2516,#2698,#3220,.T.);
#2069=EDGE_CURVE('',#2515,#2695,#3221,.T.);
#2070=EDGE_CURVE('',#2598,#2699,#3222,.T.);
#2071=EDGE_CURVE('',#2699,#2696,#239,.T.);
#2072=EDGE_CURVE('',#2597,#2699,#3223,.T.);
#2073=EDGE_CURVE('',#2700,#2596,#3224,.T.);
#2074=EDGE_CURVE('',#2700,#2520,#3225,.T.);
#2075=EDGE_CURVE('',#2701,#2489,#3226,.T.);
#2076=EDGE_CURVE('',#2700,#2701,#3227,.T.);
#2077=EDGE_CURVE('',#2701,#2482,#3228,.T.);
#2078=EDGE_CURVE('',#2702,#2703,#3229,.T.);
#2079=EDGE_CURVE('',#2704,#2703,#295,.T.);
#2080=EDGE_CURVE('',#2705,#2704,#3230,.T.);
#2081=EDGE_CURVE('',#2705,#2706,#3231,.T.);
#2082=EDGE_CURVE('',#2707,#2706,#3232,.T.);
#2083=EDGE_CURVE('',#2707,#2708,#296,.T.);
#2084=EDGE_CURVE('',#2708,#2709,#3233,.T.);
#2085=EDGE_CURVE('',#2709,#2710,#3234,.T.);
#2086=EDGE_CURVE('',#2710,#2711,#3235,.T.);
#2087=EDGE_CURVE('',#2711,#2702,#3236,.T.);
#2088=EDGE_CURVE('',#2575,#2709,#3237,.T.);
#2089=EDGE_CURVE('',#2574,#2710,#3238,.T.);
#2090=EDGE_CURVE('',#2566,#2707,#3239,.T.);
#2091=EDGE_CURVE('',#2567,#2708,#3240,.T.);
#2092=EDGE_CURVE('',#2573,#2711,#3241,.T.);
#2093=EDGE_CURVE('',#2571,#2703,#3242,.T.);
#2094=EDGE_CURVE('',#2570,#2704,#3243,.T.);
#2095=EDGE_CURVE('',#2569,#2705,#3244,.T.);
#2096=EDGE_CURVE('',#2568,#2706,#3245,.T.);
#2097=EDGE_CURVE('',#2572,#2702,#3246,.T.);
#2098=EDGE_CURVE('',#2608,#2603,#240,.F.);
#2099=EDGE_CURVE('',#2498,#2621,#3247,.T.);
#2100=EDGE_CURVE('',#2497,#2622,#3248,.T.);
#2101=EDGE_CURVE('',#2496,#2623,#3249,.T.);
#2102=EDGE_CURVE('',#2495,#2624,#3250,.T.);
#2103=EDGE_CURVE('',#2494,#2625,#3251,.T.);
#2104=EDGE_CURVE('',#2712,#2712,#297,.F.);
#2105=EDGE_CURVE('',#2713,#2713,#298,.F.);
#2106=EDGE_CURVE('',#2714,#2488,#3252,.T.);
#2107=EDGE_CURVE('',#2715,#2714,#3253,.T.);
#2108=EDGE_CURVE('',#2715,#2716,#3254,.T.);
#2109=EDGE_CURVE('',#2716,#2717,#3255,.T.);
#2110=EDGE_CURVE('',#2718,#2717,#3256,.T.);
#2111=EDGE_CURVE('',#2485,#2718,#3257,.T.);
#2112=EDGE_CURVE('',#2719,#2720,#3258,.T.);
#2113=EDGE_CURVE('',#2721,#2719,#3259,.T.);
#2114=EDGE_CURVE('',#2721,#2720,#3260,.T.);
#2115=EDGE_CURVE('',#2722,#2723,#3261,.T.);
#2116=EDGE_CURVE('',#2724,#2722,#3262,.T.);
#2117=EDGE_CURVE('',#2724,#2723,#3263,.T.);
#2118=EDGE_CURVE('',#2725,#2726,#3264,.T.);
#2119=EDGE_CURVE('',#2727,#2725,#3265,.T.);
#2120=EDGE_CURVE('',#2727,#2726,#3266,.T.);
#2121=EDGE_CURVE('',#2728,#2729,#3267,.T.);
#2122=EDGE_CURVE('',#2730,#2728,#3268,.T.);
#2123=EDGE_CURVE('',#2730,#2729,#3269,.T.);
#2124=EDGE_CURVE('',#2731,#2732,#3270,.T.);
#2125=EDGE_CURVE('',#2732,#2733,#3271,.T.);
#2126=EDGE_CURVE('',#2734,#2733,#3272,.T.);
#2127=EDGE_CURVE('',#2734,#2735,#3273,.T.);
#2128=EDGE_CURVE('',#2735,#2736,#3274,.T.);
#2129=EDGE_CURVE('',#2736,#2737,#3275,.T.);
#2130=EDGE_CURVE('',#2738,#2737,#3276,.T.);
#2131=EDGE_CURVE('',#2739,#2738,#3277,.T.);
#2132=EDGE_CURVE('',#2739,#2740,#3278,.T.);
#2133=EDGE_CURVE('',#2741,#2740,#3279,.T.);
#2134=EDGE_CURVE('',#2742,#2741,#3280,.T.);
#2135=EDGE_CURVE('',#2742,#2743,#3281,.T.);
#2136=EDGE_CURVE('',#2743,#2714,#3282,.T.);
#2137=EDGE_CURVE('',#2489,#2744,#3283,.T.);
#2138=EDGE_CURVE('',#2745,#2744,#3284,.T.);
#2139=EDGE_CURVE('',#2746,#2745,#3285,.T.);
#2140=EDGE_CURVE('',#2746,#2747,#3286,.T.);
#2141=EDGE_CURVE('',#2748,#2747,#3287,.T.);
#2142=EDGE_CURVE('',#2748,#2731,#3288,.T.);
#2143=EDGE_CURVE('',#2749,#2750,#3289,.T.);
#2144=EDGE_CURVE('',#2751,#2749,#3290,.T.);
#2145=EDGE_CURVE('',#2752,#2751,#3291,.T.);
#2146=EDGE_CURVE('',#2753,#2752,#3292,.T.);
#2147=EDGE_CURVE('',#2754,#2753,#3293,.T.);
#2148=EDGE_CURVE('',#2755,#2754,#3294,.T.);
#2149=EDGE_CURVE('',#2755,#2756,#3295,.T.);
#2150=EDGE_CURVE('',#2756,#2757,#3296,.T.);
#2151=EDGE_CURVE('',#2757,#2758,#3297,.T.);
#2152=EDGE_CURVE('',#2758,#2759,#3298,.T.);
#2153=EDGE_CURVE('',#2759,#2760,#3299,.T.);
#2154=EDGE_CURVE('',#2760,#2750,#3300,.T.);
#2155=EDGE_CURVE('',#2761,#2762,#3301,.T.);
#2156=EDGE_CURVE('',#2763,#2762,#3302,.T.);
#2157=EDGE_CURVE('',#2761,#2763,#3303,.T.);
#2158=EDGE_CURVE('',#2764,#2765,#3304,.T.);
#2159=EDGE_CURVE('',#2766,#2765,#3305,.T.);
#2160=EDGE_CURVE('',#2764,#2766,#3306,.T.);
#2161=EDGE_CURVE('',#2767,#2768,#3307,.T.);
#2162=EDGE_CURVE('',#2769,#2768,#3308,.T.);
#2163=EDGE_CURVE('',#2767,#2769,#3309,.T.);
#2164=EDGE_CURVE('',#2770,#2771,#3310,.T.);
#2165=EDGE_CURVE('',#2772,#2771,#3311,.T.);
#2166=EDGE_CURVE('',#2770,#2772,#3312,.T.);
#2167=EDGE_CURVE('',#2773,#2774,#3313,.T.);
#2168=EDGE_CURVE('',#2775,#2774,#3314,.T.);
#2169=EDGE_CURVE('',#2773,#2775,#3315,.T.);
#2170=EDGE_CURVE('',#2776,#2777,#3316,.T.);
#2171=EDGE_CURVE('',#2778,#2777,#3317,.T.);
#2172=EDGE_CURVE('',#2776,#2778,#3318,.T.);
#2173=EDGE_CURVE('',#2779,#2780,#3319,.T.);
#2174=EDGE_CURVE('',#2781,#2780,#3320,.T.);
#2175=EDGE_CURVE('',#2779,#2781,#3321,.T.);
#2176=EDGE_CURVE('',#2782,#2783,#3322,.T.);
#2177=EDGE_CURVE('',#2784,#2783,#3323,.T.);
#2178=EDGE_CURVE('',#2782,#2784,#3324,.T.);
#2179=EDGE_CURVE('',#2785,#2786,#3325,.T.);
#2180=EDGE_CURVE('',#2787,#2786,#3326,.T.);
#2181=EDGE_CURVE('',#2785,#2787,#3327,.T.);
#2182=EDGE_CURVE('',#2788,#2789,#3328,.T.);
#2183=EDGE_CURVE('',#2790,#2789,#3329,.T.);
#2184=EDGE_CURVE('',#2788,#2790,#3330,.T.);
#2185=EDGE_CURVE('',#2791,#2792,#3331,.T.);
#2186=EDGE_CURVE('',#2792,#2793,#3332,.T.);
#2187=EDGE_CURVE('',#2791,#2793,#3333,.T.);
#2188=EDGE_CURVE('',#2794,#2795,#3334,.T.);
#2189=EDGE_CURVE('',#2796,#2795,#3335,.T.);
#2190=EDGE_CURVE('',#2796,#2794,#3336,.T.);
#2191=EDGE_CURVE('',#2797,#2798,#299,.F.);
#2192=EDGE_CURVE('',#2799,#2798,#3337,.T.);
#2193=EDGE_CURVE('',#2799,#2800,#3338,.T.);
#2194=EDGE_CURVE('',#2801,#2800,#3339,.T.);
#2195=EDGE_CURVE('',#2802,#2801,#3340,.T.);
#2196=EDGE_CURVE('',#2803,#2802,#3341,.T.);
#2197=EDGE_CURVE('',#2803,#2804,#300,.T.);
#2198=EDGE_CURVE('',#2804,#2805,#3342,.T.);
#2199=EDGE_CURVE('',#2806,#2805,#3343,.T.);
#2200=EDGE_CURVE('',#2806,#2797,#3344,.T.);
#2201=EDGE_CURVE('',#2807,#2808,#3345,.T.);
#2202=EDGE_CURVE('',#2809,#2808,#3346,.T.);
#2203=EDGE_CURVE('',#2807,#2809,#3347,.T.);
#2204=EDGE_CURVE('',#2810,#2743,#3348,.T.);
#2205=EDGE_CURVE('',#2810,#2715,#3349,.T.);
#2206=EDGE_CURVE('',#2810,#2811,#3350,.T.);
#2207=EDGE_CURVE('',#2811,#2716,#3351,.T.);
#2208=EDGE_CURVE('',#2811,#2812,#3352,.T.);
#2209=EDGE_CURVE('',#2812,#2717,#3353,.T.);
#2210=EDGE_CURVE('',#2813,#2812,#3354,.T.);
#2211=EDGE_CURVE('',#2813,#2718,#3355,.T.);
#2212=EDGE_CURVE('',#2814,#2480,#3356,.T.);
#2213=EDGE_CURVE('',#2814,#2815,#3357,.T.);
#2214=EDGE_CURVE('',#2815,#2484,#3358,.T.);
#2215=EDGE_CURVE('',#2813,#2816,#3359,.T.);
#2216=EDGE_CURVE('',#2816,#2817,#3360,.T.);
#2217=EDGE_CURVE('',#2818,#2817,#3361,.T.);
#2218=EDGE_CURVE('',#2819,#2818,#3362,.F.);
#2219=EDGE_CURVE('',#2819,#2740,#3363,.T.);
#2220=EDGE_CURVE('',#2820,#2739,#241,.T.);
#2221=EDGE_CURVE('',#2821,#2820,#3364,.T.);
#2222=EDGE_CURVE('',#2736,#2821,#3365,.T.);
#2223=EDGE_CURVE('',#2822,#2735,#3366,.T.);
#2224=EDGE_CURVE('',#2823,#2822,#3367,.T.);
#2225=EDGE_CURVE('',#2823,#2733,#3368,.T.);
#2226=EDGE_CURVE('',#2824,#2732,#3369,.T.);
#2227=EDGE_CURVE('',#2825,#2824,#3370,.T.);
#2228=EDGE_CURVE('',#2747,#2825,#242,.T.);
#2229=EDGE_CURVE('',#2746,#2826,#3371,.T.);
#2230=EDGE_CURVE('',#2826,#2827,#3372,.T.);
#2231=EDGE_CURVE('',#2827,#2482,#3373,.T.);
#2232=EDGE_CURVE('',#2817,#2828,#3374,.T.);
#2233=EDGE_CURVE('',#2816,#2829,#3375,.T.);
#2234=EDGE_CURVE('',#2830,#2829,#3376,.T.);
#2235=EDGE_CURVE('',#2830,#2831,#3377,.T.);
#2236=EDGE_CURVE('',#2828,#2831,#3378,.F.);
#2237=EDGE_CURVE('',#2832,#2833,#3379,.T.);
#2238=EDGE_CURVE('',#2834,#2832,#3380,.F.);
#2239=EDGE_CURVE('',#2835,#2834,#3381,.T.);
#2240=EDGE_CURVE('',#2833,#2835,#3382,.T.);
#2241=EDGE_CURVE('',#2836,#2836,#301,.F.);
#2242=EDGE_CURVE('',#2837,#2837,#302,.T.);
#2243=EDGE_CURVE('',#2832,#2742,#303,.T.);
#2244=EDGE_CURVE('',#2829,#2833,#304,.T.);
#2245=EDGE_CURVE('',#2818,#2828,#305,.T.);
#2246=EDGE_CURVE('',#2835,#2830,#243,.F.);
#2247=EDGE_CURVE('',#2741,#2834,#244,.F.);
#2248=EDGE_CURVE('',#2838,#2839,#3383,.T.);
#2249=EDGE_CURVE('',#2839,#2840,#3384,.T.);
#2250=EDGE_CURVE('',#2840,#2841,#3385,.T.);
#2251=EDGE_CURVE('',#2841,#2842,#3386,.T.);
#2252=EDGE_CURVE('',#2842,#2843,#3387,.T.);
#2253=EDGE_CURVE('',#2843,#2844,#3388,.T.);
#2254=EDGE_CURVE('',#2844,#2845,#3389,.T.);
#2255=EDGE_CURVE('',#2845,#2846,#3390,.T.);
#2256=EDGE_CURVE('',#2846,#2847,#3391,.T.);
#2257=EDGE_CURVE('',#2847,#2848,#3392,.T.);
#2258=EDGE_CURVE('',#2848,#2849,#3393,.T.);
#2259=EDGE_CURVE('',#2849,#2838,#3394,.T.);
#2260=EDGE_CURVE('',#2750,#2844,#3395,.T.);
#2261=EDGE_CURVE('',#2749,#2843,#3396,.T.);
#2262=EDGE_CURVE('',#2751,#2842,#3397,.T.);
#2263=EDGE_CURVE('',#2752,#2841,#3398,.T.);
#2264=EDGE_CURVE('',#2753,#2840,#3399,.T.);
#2265=EDGE_CURVE('',#2754,#2839,#3400,.T.);
#2266=EDGE_CURVE('',#2755,#2838,#3401,.T.);
#2267=EDGE_CURVE('',#2850,#2851,#3402,.T.);
#2268=EDGE_CURVE('',#2850,#2852,#3403,.T.);
#2269=EDGE_CURVE('',#2851,#2852,#3404,.F.);
#2270=EDGE_CURVE('',#2761,#2850,#3405,.T.);
#2271=EDGE_CURVE('',#2852,#2763,#245,.F.);
#2272=EDGE_CURVE('',#2762,#2851,#246,.T.);
#2273=EDGE_CURVE('',#2853,#2854,#3406,.T.);
#2274=EDGE_CURVE('',#2855,#2854,#3407,.T.);
#2275=EDGE_CURVE('',#2853,#2855,#3408,.F.);
#2276=EDGE_CURVE('',#2765,#2854,#3409,.T.);
#2277=EDGE_CURVE('',#2766,#2853,#247,.F.);
#2278=EDGE_CURVE('',#2855,#2764,#248,.T.);
#2279=EDGE_CURVE('',#2856,#2857,#3410,.T.);
#2280=EDGE_CURVE('',#2858,#2857,#3411,.T.);
#2281=EDGE_CURVE('',#2856,#2858,#3412,.F.);
#2282=EDGE_CURVE('',#2768,#2857,#3413,.T.);
#2283=EDGE_CURVE('',#2769,#2856,#249,.F.);
#2284=EDGE_CURVE('',#2858,#2767,#250,.T.);
#2285=EDGE_CURVE('',#2859,#2860,#3414,.T.);
#2286=EDGE_CURVE('',#2861,#2859,#3415,.F.);
#2287=EDGE_CURVE('',#2861,#2860,#3416,.T.);
#2288=EDGE_CURVE('',#2859,#2721,#251,.T.);
#2289=EDGE_CURVE('',#2720,#2860,#3417,.T.);
#2290=EDGE_CURVE('',#2719,#2861,#252,.F.);
#2291=EDGE_CURVE('',#2862,#2863,#3418,.T.);
#2292=EDGE_CURVE('',#2862,#2864,#3419,.T.);
#2293=EDGE_CURVE('',#2863,#2864,#3420,.F.);
#2294=EDGE_CURVE('',#2770,#2862,#3421,.T.);
#2295=EDGE_CURVE('',#2864,#2772,#253,.F.);
#2296=EDGE_CURVE('',#2771,#2863,#254,.T.);
#2297=EDGE_CURVE('',#2865,#2866,#3422,.T.);
#2298=EDGE_CURVE('',#2867,#2866,#3423,.T.);
#2299=EDGE_CURVE('',#2865,#2867,#3424,.F.);
#2300=EDGE_CURVE('',#2774,#2866,#3425,.T.);
#2301=EDGE_CURVE('',#2775,#2865,#255,.F.);
#2302=EDGE_CURVE('',#2867,#2773,#256,.T.);
#2303=EDGE_CURVE('',#2868,#2869,#3426,.T.);
#2304=EDGE_CURVE('',#2868,#2870,#3427,.T.);
#2305=EDGE_CURVE('',#2869,#2870,#3428,.F.);
#2306=EDGE_CURVE('',#2734,#2868,#3429,.T.);
#2307=EDGE_CURVE('',#2823,#2871,#3430,.T.);
#2308=EDGE_CURVE('',#2870,#2871,#257,.F.);
#2309=EDGE_CURVE('',#2822,#2872,#3431,.T.);
#2310=EDGE_CURVE('',#2872,#2869,#258,.T.);
#2311=EDGE_CURVE('',#2871,#2872,#3432,.T.);
#2312=EDGE_CURVE('',#2873,#2874,#3433,.T.);
#2313=EDGE_CURVE('',#2873,#2875,#3434,.T.);
#2314=EDGE_CURVE('',#2874,#2875,#3435,.F.);
#2315=EDGE_CURVE('',#2776,#2873,#3436,.T.);
#2316=EDGE_CURVE('',#2875,#2778,#259,.F.);
#2317=EDGE_CURVE('',#2777,#2874,#260,.T.);
#2318=EDGE_CURVE('',#2876,#2877,#3437,.T.);
#2319=EDGE_CURVE('',#2878,#2877,#3438,.T.);
#2320=EDGE_CURVE('',#2876,#2878,#3439,.F.);
#2321=EDGE_CURVE('',#2780,#2877,#3440,.T.);
#2322=EDGE_CURVE('',#2878,#2779,#261,.T.);
#2323=EDGE_CURVE('',#2781,#2876,#262,.F.);
#2324=EDGE_CURVE('',#2879,#2880,#3441,.T.);
#2325=EDGE_CURVE('',#2879,#2881,#3442,.T.);
#2326=EDGE_CURVE('',#2880,#2881,#3443,.F.);
#2327=EDGE_CURVE('',#2807,#2879,#3444,.T.);
#2328=EDGE_CURVE('',#2808,#2880,#263,.T.);
#2329=EDGE_CURVE('',#2881,#2809,#264,.F.);
#2330=EDGE_CURVE('',#2882,#2883,#3445,.T.);
#2331=EDGE_CURVE('',#2884,#2883,#3446,.T.);
#2332=EDGE_CURVE('',#2882,#2884,#3447,.F.);
#2333=EDGE_CURVE('',#2783,#2883,#3448,.T.);
#2334=EDGE_CURVE('',#2884,#2782,#265,.T.);
#2335=EDGE_CURVE('',#2784,#2882,#266,.F.);
#2336=EDGE_CURVE('',#2885,#2886,#3449,.T.);
#2337=EDGE_CURVE('',#2887,#2886,#3450,.T.);
#2338=EDGE_CURVE('',#2885,#2887,#3451,.F.);
#2339=EDGE_CURVE('',#2786,#2886,#3452,.T.);
#2340=EDGE_CURVE('',#2787,#2885,#267,.F.);
#2341=EDGE_CURVE('',#2887,#2785,#268,.T.);
#2342=EDGE_CURVE('',#2888,#2889,#3453,.T.);
#2343=EDGE_CURVE('',#2890,#2889,#3454,.T.);
#2344=EDGE_CURVE('',#2888,#2890,#3455,.F.);
#2345=EDGE_CURVE('',#2789,#2889,#3456,.T.);
#2346=EDGE_CURVE('',#2790,#2888,#269,.F.);
#2347=EDGE_CURVE('',#2890,#2788,#270,.T.);
#2348=EDGE_CURVE('',#2891,#2892,#3457,.T.);
#2349=EDGE_CURVE('',#2893,#2891,#3458,.T.);
#2350=EDGE_CURVE('',#2892,#2893,#3459,.F.);
#2351=EDGE_CURVE('',#2792,#2891,#3460,.T.);
#2352=EDGE_CURVE('',#2793,#2892,#271,.T.);
#2353=EDGE_CURVE('',#2893,#2791,#272,.T.);
#2354=EDGE_CURVE('',#2894,#2895,#3461,.T.);
#2355=EDGE_CURVE('',#2896,#2894,#3462,.T.);
#2356=EDGE_CURVE('',#2895,#2896,#3463,.F.);
#2357=EDGE_CURVE('',#2794,#2894,#3464,.T.);
#2358=EDGE_CURVE('',#2896,#2796,#273,.T.);
#2359=EDGE_CURVE('',#2795,#2895,#274,.T.);
#2360=EDGE_CURVE('',#2897,#2898,#3465,.T.);
#2361=EDGE_CURVE('',#2899,#2898,#3466,.T.);
#2362=EDGE_CURVE('',#2897,#2899,#3467,.F.);
#2363=EDGE_CURVE('',#2737,#2898,#3468,.T.);
#2364=EDGE_CURVE('',#2738,#2897,#275,.F.);
#2365=EDGE_CURVE('',#2900,#2821,#3469,.T.);
#2366=EDGE_CURVE('',#2899,#2900,#276,.T.);
#2367=EDGE_CURVE('',#2900,#2820,#3470,.T.);
#2368=EDGE_CURVE('',#2901,#2902,#3471,.T.);
#2369=EDGE_CURVE('',#2903,#2901,#3472,.F.);
#2370=EDGE_CURVE('',#2903,#2902,#3473,.T.);
#2371=EDGE_CURVE('',#2901,#2724,#277,.T.);
#2372=EDGE_CURVE('',#2723,#2902,#3474,.T.);
#2373=EDGE_CURVE('',#2722,#2903,#278,.F.);
#2374=EDGE_CURVE('',#2904,#2905,#3475,.T.);
#2375=EDGE_CURVE('',#2906,#2904,#3476,.F.);
#2376=EDGE_CURVE('',#2906,#2905,#3477,.T.);
#2377=EDGE_CURVE('',#2729,#2905,#3478,.T.);
#2378=EDGE_CURVE('',#2728,#2906,#279,.F.);
#2379=EDGE_CURVE('',#2904,#2730,#280,.T.);
#2380=EDGE_CURVE('',#2907,#2908,#3479,.T.);
#2381=EDGE_CURVE('',#2909,#2907,#3480,.F.);
#2382=EDGE_CURVE('',#2909,#2908,#3481,.T.);
#2383=EDGE_CURVE('',#2726,#2908,#3482,.T.);
#2384=EDGE_CURVE('',#2725,#2909,#281,.F.);
#2385=EDGE_CURVE('',#2907,#2727,#282,.T.);
#2386=EDGE_CURVE('',#2910,#2911,#3483,.T.);
#2387=EDGE_CURVE('',#2912,#2910,#3484,.F.);
#2388=EDGE_CURVE('',#2911,#2912,#3485,.T.);
#2389=EDGE_CURVE('',#2911,#2731,#3486,.T.);
#2390=EDGE_CURVE('',#2910,#2748,#283,.T.);
#2391=EDGE_CURVE('',#2913,#2912,#284,.T.);
#2392=EDGE_CURVE('',#2824,#2913,#3487,.T.);
#2393=EDGE_CURVE('',#2825,#2913,#3488,.T.);
#2394=EDGE_CURVE('',#2914,#2826,#3489,.T.);
#2395=EDGE_CURVE('',#2914,#2745,#3490,.T.);
#2396=EDGE_CURVE('',#2915,#2744,#3491,.T.);
#2397=EDGE_CURVE('',#2914,#2915,#3492,.T.);
#2398=EDGE_CURVE('',#2915,#2827,#3493,.T.);
#2399=EDGE_CURVE('',#2916,#2917,#3494,.T.);
#2400=EDGE_CURVE('',#2918,#2916,#3495,.T.);
#2401=EDGE_CURVE('',#2919,#2918,#3496,.T.);
#2402=EDGE_CURVE('',#2920,#2919,#3497,.T.);
#2403=EDGE_CURVE('',#2921,#2920,#3498,.T.);
#2404=EDGE_CURVE('',#2922,#2921,#306,.F.);
#2405=EDGE_CURVE('',#2922,#2923,#3499,.T.);
#2406=EDGE_CURVE('',#2924,#2923,#3500,.T.);
#2407=EDGE_CURVE('',#2924,#2925,#3501,.T.);
#2408=EDGE_CURVE('',#2925,#2917,#307,.F.);
#2409=EDGE_CURVE('',#2799,#2920,#3502,.T.);
#2410=EDGE_CURVE('',#2800,#2919,#3503,.T.);
#2411=EDGE_CURVE('',#2797,#2922,#3504,.T.);
#2412=EDGE_CURVE('',#2798,#2921,#3505,.T.);
#2413=EDGE_CURVE('',#2801,#2918,#3506,.T.);
#2414=EDGE_CURVE('',#2803,#2917,#3507,.T.);
#2415=EDGE_CURVE('',#2804,#2925,#3508,.T.);
#2416=EDGE_CURVE('',#2805,#2924,#3509,.T.);
#2417=EDGE_CURVE('',#2806,#2923,#3510,.T.);
#2418=EDGE_CURVE('',#2802,#2916,#3511,.T.);
#2419=EDGE_CURVE('',#2831,#2819,#285,.F.);
#2420=EDGE_CURVE('',#2756,#2849,#3512,.T.);
#2421=EDGE_CURVE('',#2757,#2848,#3513,.T.);
#2422=EDGE_CURVE('',#2758,#2847,#3514,.T.);
#2423=EDGE_CURVE('',#2759,#2846,#3515,.T.);
#2424=EDGE_CURVE('',#2760,#2845,#3516,.T.);
#2425=EDGE_CURVE('',#2814,#2594,#3517,.T.);
#2426=EDGE_CURVE('',#2815,#2595,#3518,.T.);
#2427=EDGE_CURVE('',#2926,#2927,#3519,.T.);
#2428=EDGE_CURVE('',#2928,#2927,#3520,.T.);
#2429=EDGE_CURVE('',#2929,#2928,#3521,.T.);
#2430=EDGE_CURVE('',#2929,#2926,#3522,.T.);
#2431=EDGE_CURVE('',#2927,#2930,#3523,.T.);
#2432=EDGE_CURVE('',#2931,#2930,#3524,.T.);
#2433=EDGE_CURVE('',#2928,#2931,#3525,.T.);
#2434=EDGE_CURVE('',#2930,#2932,#3526,.T.);
#2435=EDGE_CURVE('',#2933,#2932,#3527,.T.);
#2436=EDGE_CURVE('',#2931,#2933,#3528,.T.);
#2437=EDGE_CURVE('',#2934,#2932,#3529,.T.);
#2438=EDGE_CURVE('',#2935,#2934,#3530,.T.);
#2439=EDGE_CURVE('',#2935,#2933,#3531,.T.);
#2440=EDGE_CURVE('',#2936,#2934,#3532,.T.);
#2441=EDGE_CURVE('',#2937,#2936,#3533,.T.);
#2442=EDGE_CURVE('',#2937,#2935,#3534,.T.);
#2443=EDGE_CURVE('',#2936,#2938,#3535,.T.);
#2444=EDGE_CURVE('',#2939,#2938,#3536,.T.);
#2445=EDGE_CURVE('',#2937,#2939,#3537,.T.);
#2446=EDGE_CURVE('',#2940,#2938,#3538,.T.);
#2447=EDGE_CURVE('',#2941,#2940,#3539,.T.);
#2448=EDGE_CURVE('',#2941,#2939,#3540,.T.);
#2449=EDGE_CURVE('',#2942,#2940,#308,.T.);
#2450=EDGE_CURVE('',#2943,#2942,#3541,.T.);
#2451=EDGE_CURVE('',#2943,#2941,#309,.T.);
#2452=EDGE_CURVE('',#2942,#2944,#3542,.T.);
#2453=EDGE_CURVE('',#2945,#2944,#3543,.T.);
#2454=EDGE_CURVE('',#2943,#2945,#3544,.T.);
#2455=EDGE_CURVE('',#2946,#2944,#3545,.T.);
#2456=EDGE_CURVE('',#2947,#2946,#3546,.T.);
#2457=EDGE_CURVE('',#2947,#2945,#3547,.T.);
#2458=EDGE_CURVE('',#2946,#2926,#310,.T.);
#2459=EDGE_CURVE('',#2947,#2929,#311,.T.);
#2460=EDGE_CURVE('',#2948,#2949,#3548,.T.);
#2461=EDGE_CURVE('',#2950,#2948,#3549,.T.);
#2462=EDGE_CURVE('',#2950,#2951,#3550,.T.);
#2463=EDGE_CURVE('',#2951,#2949,#3551,.T.);
#2464=EDGE_CURVE('',#2948,#2952,#3552,.T.);
#2465=EDGE_CURVE('',#2953,#2952,#3553,.T.);
#2466=EDGE_CURVE('',#2950,#2953,#3554,.T.);
#2467=EDGE_CURVE('',#2954,#2952,#3555,.T.);
#2468=EDGE_CURVE('',#2955,#2954,#3556,.T.);
#2469=EDGE_CURVE('',#2955,#2953,#3557,.T.);
#2470=EDGE_CURVE('',#2949,#2954,#3558,.T.);
#2471=EDGE_CURVE('',#2951,#2955,#3559,.T.);
#2472=EDGE_CURVE('',#2956,#2956,#312,.T.);
#2473=EDGE_CURVE('',#2957,#2957,#313,.T.);
#2474=EDGE_CURVE('',#2958,#2958,#314,.T.);
#2475=EDGE_CURVE('',#2959,#2959,#315,.T.);
#2476=EDGE_CURVE('',#2960,#2960,#316,.T.);
#2477=EDGE_CURVE('',#2961,#2961,#317,.T.);
#2478=EDGE_CURVE('',#2962,#2962,#318,.T.);
#2479=EDGE_CURVE('',#2963,#2963,#319,.T.);
#2480=VERTEX_POINT('',#8000);
#2481=VERTEX_POINT('',#8001);
#2482=VERTEX_POINT('',#8003);
#2483=VERTEX_POINT('',#8005);
#2484=VERTEX_POINT('',#8009);
#2485=VERTEX_POINT('',#8010);
#2486=VERTEX_POINT('',#8012);
#2487=VERTEX_POINT('',#8014);
#2488=VERTEX_POINT('',#8018);
#2489=VERTEX_POINT('',#8019);
#2490=VERTEX_POINT('',#8021);
#2491=VERTEX_POINT('',#8023);
#2492=VERTEX_POINT('',#8027);
#2493=VERTEX_POINT('',#8028);
#2494=VERTEX_POINT('',#8030);
#2495=VERTEX_POINT('',#8032);
#2496=VERTEX_POINT('',#8034);
#2497=VERTEX_POINT('',#8036);
#2498=VERTEX_POINT('',#8038);
#2499=VERTEX_POINT('',#8040);
#2500=VERTEX_POINT('',#8042);
#2501=VERTEX_POINT('',#8044);
#2502=VERTEX_POINT('',#8046);
#2503=VERTEX_POINT('',#8048);
#2504=VERTEX_POINT('',#8051);
#2505=VERTEX_POINT('',#8052);
#2506=VERTEX_POINT('',#8054);
#2507=VERTEX_POINT('',#8056);
#2508=VERTEX_POINT('',#8058);
#2509=VERTEX_POINT('',#8060);
#2510=VERTEX_POINT('',#8062);
#2511=VERTEX_POINT('',#8064);
#2512=VERTEX_POINT('',#8066);
#2513=VERTEX_POINT('',#8068);
#2514=VERTEX_POINT('',#8070);
#2515=VERTEX_POINT('',#8072);
#2516=VERTEX_POINT('',#8074);
#2517=VERTEX_POINT('',#8076);
#2518=VERTEX_POINT('',#8078);
#2519=VERTEX_POINT('',#8080);
#2520=VERTEX_POINT('',#8082);
#2521=VERTEX_POINT('',#8085);
#2522=VERTEX_POINT('',#8088);
#2523=VERTEX_POINT('',#8089);
#2524=VERTEX_POINT('',#8091);
#2525=VERTEX_POINT('',#8094);
#2526=VERTEX_POINT('',#8095);
#2527=VERTEX_POINT('',#8097);
#2528=VERTEX_POINT('',#8100);
#2529=VERTEX_POINT('',#8101);
#2530=VERTEX_POINT('',#8103);
#2531=VERTEX_POINT('',#8106);
#2532=VERTEX_POINT('',#8107);
#2533=VERTEX_POINT('',#8109);
#2534=VERTEX_POINT('',#8112);
#2535=VERTEX_POINT('',#8113);
#2536=VERTEX_POINT('',#8115);
#2537=VERTEX_POINT('',#8118);
#2538=VERTEX_POINT('',#8119);
#2539=VERTEX_POINT('',#8121);
#2540=VERTEX_POINT('',#8124);
#2541=VERTEX_POINT('',#8125);
#2542=VERTEX_POINT('',#8127);
#2543=VERTEX_POINT('',#8130);
#2544=VERTEX_POINT('',#8131);
#2545=VERTEX_POINT('',#8133);
#2546=VERTEX_POINT('',#8136);
#2547=VERTEX_POINT('',#8137);
#2548=VERTEX_POINT('',#8139);
#2549=VERTEX_POINT('',#8142);
#2550=VERTEX_POINT('',#8143);
#2551=VERTEX_POINT('',#8145);
#2552=VERTEX_POINT('',#8148);
#2553=VERTEX_POINT('',#8149);
#2554=VERTEX_POINT('',#8151);
#2555=VERTEX_POINT('',#8154);
#2556=VERTEX_POINT('',#8155);
#2557=VERTEX_POINT('',#8157);
#2558=VERTEX_POINT('',#8160);
#2559=VERTEX_POINT('',#8161);
#2560=VERTEX_POINT('',#8163);
#2561=VERTEX_POINT('',#8165);
#2562=VERTEX_POINT('',#8168);
#2563=VERTEX_POINT('',#8169);
#2564=VERTEX_POINT('',#8171);
#2565=VERTEX_POINT('',#8173);
#2566=VERTEX_POINT('',#8176);
#2567=VERTEX_POINT('',#8177);
#2568=VERTEX_POINT('',#8179);
#2569=VERTEX_POINT('',#8181);
#2570=VERTEX_POINT('',#8183);
#2571=VERTEX_POINT('',#8185);
#2572=VERTEX_POINT('',#8187);
#2573=VERTEX_POINT('',#8189);
#2574=VERTEX_POINT('',#8191);
#2575=VERTEX_POINT('',#8193);
#2576=VERTEX_POINT('',#8196);
#2577=VERTEX_POINT('',#8197);
#2578=VERTEX_POINT('',#8199);
#2579=VERTEX_POINT('',#8201);
#2580=VERTEX_POINT('',#8204);
#2581=VERTEX_POINT('',#8205);
#2582=VERTEX_POINT('',#8207);
#2583=VERTEX_POINT('',#8210);
#2584=VERTEX_POINT('',#8211);
#2585=VERTEX_POINT('',#8213);
#2586=VERTEX_POINT('',#8215);
#2587=VERTEX_POINT('',#8219);
#2588=VERTEX_POINT('',#8221);
#2589=VERTEX_POINT('',#8225);
#2590=VERTEX_POINT('',#8227);
#2591=VERTEX_POINT('',#8231);
#2592=VERTEX_POINT('',#8233);
#2593=VERTEX_POINT('',#8237);
#2594=VERTEX_POINT('',#8242);
#2595=VERTEX_POINT('',#8243);
#2596=VERTEX_POINT('',#8246);
#2597=VERTEX_POINT('',#8249);
#2598=VERTEX_POINT('',#8251);
#2599=VERTEX_POINT('',#8254);
#2600=VERTEX_POINT('',#8256);
#2601=VERTEX_POINT('',#8259);
#2602=VERTEX_POINT('',#8261);
#2603=VERTEX_POINT('',#8264);
#2604=VERTEX_POINT('',#8266);
#2605=VERTEX_POINT('',#8268);
#2606=VERTEX_POINT('',#8270);
#2607=VERTEX_POINT('',#8275);
#2608=VERTEX_POINT('',#8277);
#2609=VERTEX_POINT('',#8279);
#2610=VERTEX_POINT('',#8281);
#2611=VERTEX_POINT('',#8285);
#2612=VERTEX_POINT('',#8286);
#2613=VERTEX_POINT('',#8288);
#2614=VERTEX_POINT('',#8290);
#2615=VERTEX_POINT('',#8294);
#2616=VERTEX_POINT('',#8296);
#2617=VERTEX_POINT('',#8299);
#2618=VERTEX_POINT('',#8301);
#2619=VERTEX_POINT('',#8313);
#2620=VERTEX_POINT('',#8314);
#2621=VERTEX_POINT('',#8316);
#2622=VERTEX_POINT('',#8318);
#2623=VERTEX_POINT('',#8320);
#2624=VERTEX_POINT('',#8322);
#2625=VERTEX_POINT('',#8324);
#2626=VERTEX_POINT('',#8326);
#2627=VERTEX_POINT('',#8328);
#2628=VERTEX_POINT('',#8330);
#2629=VERTEX_POINT('',#8332);
#2630=VERTEX_POINT('',#8334);
#2631=VERTEX_POINT('',#8351);
#2632=VERTEX_POINT('',#8352);
#2633=VERTEX_POINT('',#8354);
#2634=VERTEX_POINT('',#8363);
#2635=VERTEX_POINT('',#8364);
#2636=VERTEX_POINT('',#8366);
#2637=VERTEX_POINT('',#8375);
#2638=VERTEX_POINT('',#8376);
#2639=VERTEX_POINT('',#8378);
#2640=VERTEX_POINT('',#8387);
#2641=VERTEX_POINT('',#8388);
#2642=VERTEX_POINT('',#8390);
#2643=VERTEX_POINT('',#8392);
#2644=VERTEX_POINT('',#8403);
#2645=VERTEX_POINT('',#8404);
#2646=VERTEX_POINT('',#8406);
#2647=VERTEX_POINT('',#8415);
#2648=VERTEX_POINT('',#8416);
#2649=VERTEX_POINT('',#8418);
#2650=VERTEX_POINT('',#8427);
#2651=VERTEX_POINT('',#8428);
#2652=VERTEX_POINT('',#8430);
#2653=VERTEX_POINT('',#8434);
#2654=VERTEX_POINT('',#8439);
#2655=VERTEX_POINT('',#8445);
#2656=VERTEX_POINT('',#8446);
#2657=VERTEX_POINT('',#8448);
#2658=VERTEX_POINT('',#8457);
#2659=VERTEX_POINT('',#8458);
#2660=VERTEX_POINT('',#8460);
#2661=VERTEX_POINT('',#8469);
#2662=VERTEX_POINT('',#8470);
#2663=VERTEX_POINT('',#8472);
#2664=VERTEX_POINT('',#8481);
#2665=VERTEX_POINT('',#8482);
#2666=VERTEX_POINT('',#8484);
#2667=VERTEX_POINT('',#8493);
#2668=VERTEX_POINT('',#8494);
#2669=VERTEX_POINT('',#8496);
#2670=VERTEX_POINT('',#8505);
#2671=VERTEX_POINT('',#8506);
#2672=VERTEX_POINT('',#8508);
#2673=VERTEX_POINT('',#8517);
#2674=VERTEX_POINT('',#8518);
#2675=VERTEX_POINT('',#8520);
#2676=VERTEX_POINT('',#8529);
#2677=VERTEX_POINT('',#8530);
#2678=VERTEX_POINT('',#8532);
#2679=VERTEX_POINT('',#8541);
#2680=VERTEX_POINT('',#8542);
#2681=VERTEX_POINT('',#8544);
#2682=VERTEX_POINT('',#8551);
#2683=VERTEX_POINT('',#8557);
#2684=VERTEX_POINT('',#8558);
#2685=VERTEX_POINT('',#8560);
#2686=VERTEX_POINT('',#8562);
#2687=VERTEX_POINT('',#8573);
#2688=VERTEX_POINT('',#8574);
#2689=VERTEX_POINT('',#8576);
#2690=VERTEX_POINT('',#8578);
#2691=VERTEX_POINT('',#8589);
#2692=VERTEX_POINT('',#8590);
#2693=VERTEX_POINT('',#8592);
#2694=VERTEX_POINT('',#8594);
#2695=VERTEX_POINT('',#8605);
#2696=VERTEX_POINT('',#8606);
#2697=VERTEX_POINT('',#8608);
#2698=VERTEX_POINT('',#8610);
#2699=VERTEX_POINT('',#8619);
#2700=VERTEX_POINT('',#8625);
#2701=VERTEX_POINT('',#8629);
#2702=VERTEX_POINT('',#8635);
#2703=VERTEX_POINT('',#8636);
#2704=VERTEX_POINT('',#8638);
#2705=VERTEX_POINT('',#8640);
#2706=VERTEX_POINT('',#8642);
#2707=VERTEX_POINT('',#8644);
#2708=VERTEX_POINT('',#8646);
#2709=VERTEX_POINT('',#8648);
#2710=VERTEX_POINT('',#8650);
#2711=VERTEX_POINT('',#8652);
#2712=VERTEX_POINT('',#8710);
#2713=VERTEX_POINT('',#8713);
#2714=VERTEX_POINT('',#8716);
#2715=VERTEX_POINT('',#8718);
#2716=VERTEX_POINT('',#8720);
#2717=VERTEX_POINT('',#8722);
#2718=VERTEX_POINT('',#8724);
#2719=VERTEX_POINT('',#8728);
#2720=VERTEX_POINT('',#8729);
#2721=VERTEX_POINT('',#8731);
#2722=VERTEX_POINT('',#8734);
#2723=VERTEX_POINT('',#8735);
#2724=VERTEX_POINT('',#8737);
#2725=VERTEX_POINT('',#8740);
#2726=VERTEX_POINT('',#8741);
#2727=VERTEX_POINT('',#8743);
#2728=VERTEX_POINT('',#8746);
#2729=VERTEX_POINT('',#8747);
#2730=VERTEX_POINT('',#8749);
#2731=VERTEX_POINT('',#8752);
#2732=VERTEX_POINT('',#8753);
#2733=VERTEX_POINT('',#8755);
#2734=VERTEX_POINT('',#8757);
#2735=VERTEX_POINT('',#8759);
#2736=VERTEX_POINT('',#8761);
#2737=VERTEX_POINT('',#8763);
#2738=VERTEX_POINT('',#8765);
#2739=VERTEX_POINT('',#8767);
#2740=VERTEX_POINT('',#8769);
#2741=VERTEX_POINT('',#8771);
#2742=VERTEX_POINT('',#8773);
#2743=VERTEX_POINT('',#8775);
#2744=VERTEX_POINT('',#8778);
#2745=VERTEX_POINT('',#8780);
#2746=VERTEX_POINT('',#8782);
#2747=VERTEX_POINT('',#8784);
#2748=VERTEX_POINT('',#8786);
#2749=VERTEX_POINT('',#8789);
#2750=VERTEX_POINT('',#8790);
#2751=VERTEX_POINT('',#8792);
#2752=VERTEX_POINT('',#8794);
#2753=VERTEX_POINT('',#8796);
#2754=VERTEX_POINT('',#8798);
#2755=VERTEX_POINT('',#8800);
#2756=VERTEX_POINT('',#8802);
#2757=VERTEX_POINT('',#8804);
#2758=VERTEX_POINT('',#8806);
#2759=VERTEX_POINT('',#8808);
#2760=VERTEX_POINT('',#8810);
#2761=VERTEX_POINT('',#8813);
#2762=VERTEX_POINT('',#8814);
#2763=VERTEX_POINT('',#8816);
#2764=VERTEX_POINT('',#8819);
#2765=VERTEX_POINT('',#8820);
#2766=VERTEX_POINT('',#8822);
#2767=VERTEX_POINT('',#8825);
#2768=VERTEX_POINT('',#8826);
#2769=VERTEX_POINT('',#8828);
#2770=VERTEX_POINT('',#8831);
#2771=VERTEX_POINT('',#8832);
#2772=VERTEX_POINT('',#8834);
#2773=VERTEX_POINT('',#8837);
#2774=VERTEX_POINT('',#8838);
#2775=VERTEX_POINT('',#8840);
#2776=VERTEX_POINT('',#8843);
#2777=VERTEX_POINT('',#8844);
#2778=VERTEX_POINT('',#8846);
#2779=VERTEX_POINT('',#8849);
#2780=VERTEX_POINT('',#8850);
#2781=VERTEX_POINT('',#8852);
#2782=VERTEX_POINT('',#8855);
#2783=VERTEX_POINT('',#8856);
#2784=VERTEX_POINT('',#8858);
#2785=VERTEX_POINT('',#8861);
#2786=VERTEX_POINT('',#8862);
#2787=VERTEX_POINT('',#8864);
#2788=VERTEX_POINT('',#8867);
#2789=VERTEX_POINT('',#8868);
#2790=VERTEX_POINT('',#8870);
#2791=VERTEX_POINT('',#8873);
#2792=VERTEX_POINT('',#8874);
#2793=VERTEX_POINT('',#8876);
#2794=VERTEX_POINT('',#8879);
#2795=VERTEX_POINT('',#8880);
#2796=VERTEX_POINT('',#8882);
#2797=VERTEX_POINT('',#8885);
#2798=VERTEX_POINT('',#8886);
#2799=VERTEX_POINT('',#8888);
#2800=VERTEX_POINT('',#8890);
#2801=VERTEX_POINT('',#8892);
#2802=VERTEX_POINT('',#8894);
#2803=VERTEX_POINT('',#8896);
#2804=VERTEX_POINT('',#8898);
#2805=VERTEX_POINT('',#8900);
#2806=VERTEX_POINT('',#8902);
#2807=VERTEX_POINT('',#8905);
#2808=VERTEX_POINT('',#8906);
#2809=VERTEX_POINT('',#8908);
#2810=VERTEX_POINT('',#8912);
#2811=VERTEX_POINT('',#8916);
#2812=VERTEX_POINT('',#8920);
#2813=VERTEX_POINT('',#8924);
#2814=VERTEX_POINT('',#8928);
#2815=VERTEX_POINT('',#8930);
#2816=VERTEX_POINT('',#8933);
#2817=VERTEX_POINT('',#8935);
#2818=VERTEX_POINT('',#8937);
#2819=VERTEX_POINT('',#8939);
#2820=VERTEX_POINT('',#8942);
#2821=VERTEX_POINT('',#8944);
#2822=VERTEX_POINT('',#8947);
#2823=VERTEX_POINT('',#8949);
#2824=VERTEX_POINT('',#8952);
#2825=VERTEX_POINT('',#8954);
#2826=VERTEX_POINT('',#8957);
#2827=VERTEX_POINT('',#8959);
#2828=VERTEX_POINT('',#8963);
#2829=VERTEX_POINT('',#8965);
#2830=VERTEX_POINT('',#8967);
#2831=VERTEX_POINT('',#8969);
#2832=VERTEX_POINT('',#8973);
#2833=VERTEX_POINT('',#8974);
#2834=VERTEX_POINT('',#8976);
#2835=VERTEX_POINT('',#8978);
#2836=VERTEX_POINT('',#8982);
#2837=VERTEX_POINT('',#8985);
#2838=VERTEX_POINT('',#8997);
#2839=VERTEX_POINT('',#8998);
#2840=VERTEX_POINT('',#9000);
#2841=VERTEX_POINT('',#9002);
#2842=VERTEX_POINT('',#9004);
#2843=VERTEX_POINT('',#9006);
#2844=VERTEX_POINT('',#9008);
#2845=VERTEX_POINT('',#9010);
#2846=VERTEX_POINT('',#9012);
#2847=VERTEX_POINT('',#9014);
#2848=VERTEX_POINT('',#9016);
#2849=VERTEX_POINT('',#9018);
#2850=VERTEX_POINT('',#9035);
#2851=VERTEX_POINT('',#9036);
#2852=VERTEX_POINT('',#9038);
#2853=VERTEX_POINT('',#9047);
#2854=VERTEX_POINT('',#9048);
#2855=VERTEX_POINT('',#9050);
#2856=VERTEX_POINT('',#9059);
#2857=VERTEX_POINT('',#9060);
#2858=VERTEX_POINT('',#9062);
#2859=VERTEX_POINT('',#9071);
#2860=VERTEX_POINT('',#9072);
#2861=VERTEX_POINT('',#9074);
#2862=VERTEX_POINT('',#9083);
#2863=VERTEX_POINT('',#9084);
#2864=VERTEX_POINT('',#9086);
#2865=VERTEX_POINT('',#9095);
#2866=VERTEX_POINT('',#9096);
#2867=VERTEX_POINT('',#9098);
#2868=VERTEX_POINT('',#9107);
#2869=VERTEX_POINT('',#9108);
#2870=VERTEX_POINT('',#9110);
#2871=VERTEX_POINT('',#9115);
#2872=VERTEX_POINT('',#9119);
#2873=VERTEX_POINT('',#9125);
#2874=VERTEX_POINT('',#9126);
#2875=VERTEX_POINT('',#9128);
#2876=VERTEX_POINT('',#9137);
#2877=VERTEX_POINT('',#9138);
#2878=VERTEX_POINT('',#9140);
#2879=VERTEX_POINT('',#9149);
#2880=VERTEX_POINT('',#9150);
#2881=VERTEX_POINT('',#9152);
#2882=VERTEX_POINT('',#9161);
#2883=VERTEX_POINT('',#9162);
#2884=VERTEX_POINT('',#9164);
#2885=VERTEX_POINT('',#9173);
#2886=VERTEX_POINT('',#9174);
#2887=VERTEX_POINT('',#9176);
#2888=VERTEX_POINT('',#9185);
#2889=VERTEX_POINT('',#9186);
#2890=VERTEX_POINT('',#9188);
#2891=VERTEX_POINT('',#9197);
#2892=VERTEX_POINT('',#9198);
#2893=VERTEX_POINT('',#9200);
#2894=VERTEX_POINT('',#9209);
#2895=VERTEX_POINT('',#9210);
#2896=VERTEX_POINT('',#9212);
#2897=VERTEX_POINT('',#9221);
#2898=VERTEX_POINT('',#9222);
#2899=VERTEX_POINT('',#9224);
#2900=VERTEX_POINT('',#9231);
#2901=VERTEX_POINT('',#9237);
#2902=VERTEX_POINT('',#9238);
#2903=VERTEX_POINT('',#9240);
#2904=VERTEX_POINT('',#9249);
#2905=VERTEX_POINT('',#9250);
#2906=VERTEX_POINT('',#9252);
#2907=VERTEX_POINT('',#9261);
#2908=VERTEX_POINT('',#9262);
#2909=VERTEX_POINT('',#9264);
#2910=VERTEX_POINT('',#9273);
#2911=VERTEX_POINT('',#9274);
#2912=VERTEX_POINT('',#9276);
#2913=VERTEX_POINT('',#9283);
#2914=VERTEX_POINT('',#9289);
#2915=VERTEX_POINT('',#9293);
#2916=VERTEX_POINT('',#9299);
#2917=VERTEX_POINT('',#9300);
#2918=VERTEX_POINT('',#9302);
#2919=VERTEX_POINT('',#9304);
#2920=VERTEX_POINT('',#9306);
#2921=VERTEX_POINT('',#9308);
#2922=VERTEX_POINT('',#9310);
#2923=VERTEX_POINT('',#9312);
#2924=VERTEX_POINT('',#9314);
#2925=VERTEX_POINT('',#9316);
#2926=VERTEX_POINT('',#9381);
#2927=VERTEX_POINT('',#9382);
#2928=VERTEX_POINT('',#9384);
#2929=VERTEX_POINT('',#9386);
#2930=VERTEX_POINT('',#9390);
#2931=VERTEX_POINT('',#9392);
#2932=VERTEX_POINT('',#9396);
#2933=VERTEX_POINT('',#9398);
#2934=VERTEX_POINT('',#9402);
#2935=VERTEX_POINT('',#9404);
#2936=VERTEX_POINT('',#9408);
#2937=VERTEX_POINT('',#9410);
#2938=VERTEX_POINT('',#9414);
#2939=VERTEX_POINT('',#9416);
#2940=VERTEX_POINT('',#9420);
#2941=VERTEX_POINT('',#9422);
#2942=VERTEX_POINT('',#9426);
#2943=VERTEX_POINT('',#9428);
#2944=VERTEX_POINT('',#9432);
#2945=VERTEX_POINT('',#9434);
#2946=VERTEX_POINT('',#9438);
#2947=VERTEX_POINT('',#9440);
#2948=VERTEX_POINT('',#9450);
#2949=VERTEX_POINT('',#9451);
#2950=VERTEX_POINT('',#9453);
#2951=VERTEX_POINT('',#9455);
#2952=VERTEX_POINT('',#9459);
#2953=VERTEX_POINT('',#9461);
#2954=VERTEX_POINT('',#9465);
#2955=VERTEX_POINT('',#9467);
#2956=VERTEX_POINT('',#9477);
#2957=VERTEX_POINT('',#9479);
#2958=VERTEX_POINT('',#9482);
#2959=VERTEX_POINT('',#9484);
#2960=VERTEX_POINT('',#9490);
#2961=VERTEX_POINT('',#9492);
#2962=VERTEX_POINT('',#9495);
#2963=VERTEX_POINT('',#9497);
#2964=LINE('',#7999,#3560);
#2965=LINE('',#8002,#3561);
#2966=LINE('',#8004,#3562);
#2967=LINE('',#8006,#3563);
#2968=LINE('',#8008,#3564);
#2969=LINE('',#8011,#3565);
#2970=LINE('',#8013,#3566);
#2971=LINE('',#8015,#3567);
#2972=LINE('',#8017,#3568);
#2973=LINE('',#8020,#3569);
#2974=LINE('',#8022,#3570);
#2975=LINE('',#8024,#3571);
#2976=LINE('',#8026,#3572);
#2977=LINE('',#8029,#3573);
#2978=LINE('',#8031,#3574);
#2979=LINE('',#8033,#3575);
#2980=LINE('',#8035,#3576);
#2981=LINE('',#8037,#3577);
#2982=LINE('',#8039,#3578);
#2983=LINE('',#8041,#3579);
#2984=LINE('',#8043,#3580);
#2985=LINE('',#8045,#3581);
#2986=LINE('',#8047,#3582);
#2987=LINE('',#8049,#3583);
#2988=LINE('',#8050,#3584);
#2989=LINE('',#8053,#3585);
#2990=LINE('',#8055,#3586);
#2991=LINE('',#8057,#3587);
#2992=LINE('',#8059,#3588);
#2993=LINE('',#8061,#3589);
#2994=LINE('',#8063,#3590);
#2995=LINE('',#8065,#3591);
#2996=LINE('',#8067,#3592);
#2997=LINE('',#8069,#3593);
#2998=LINE('',#8071,#3594);
#2999=LINE('',#8073,#3595);
#3000=LINE('',#8075,#3596);
#3001=LINE('',#8077,#3597);
#3002=LINE('',#8079,#3598);
#3003=LINE('',#8081,#3599);
#3004=LINE('',#8083,#3600);
#3005=LINE('',#8084,#3601);
#3006=LINE('',#8086,#3602);
#3007=LINE('',#8087,#3603);
#3008=LINE('',#8090,#3604);
#3009=LINE('',#8092,#3605);
#3010=LINE('',#8093,#3606);
#3011=LINE('',#8096,#3607);
#3012=LINE('',#8098,#3608);
#3013=LINE('',#8099,#3609);
#3014=LINE('',#8102,#3610);
#3015=LINE('',#8104,#3611);
#3016=LINE('',#8105,#3612);
#3017=LINE('',#8108,#3613);
#3018=LINE('',#8110,#3614);
#3019=LINE('',#8111,#3615);
#3020=LINE('',#8114,#3616);
#3021=LINE('',#8116,#3617);
#3022=LINE('',#8117,#3618);
#3023=LINE('',#8120,#3619);
#3024=LINE('',#8122,#3620);
#3025=LINE('',#8123,#3621);
#3026=LINE('',#8126,#3622);
#3027=LINE('',#8128,#3623);
#3028=LINE('',#8129,#3624);
#3029=LINE('',#8132,#3625);
#3030=LINE('',#8134,#3626);
#3031=LINE('',#8135,#3627);
#3032=LINE('',#8138,#3628);
#3033=LINE('',#8140,#3629);
#3034=LINE('',#8141,#3630);
#3035=LINE('',#8144,#3631);
#3036=LINE('',#8146,#3632);
#3037=LINE('',#8147,#3633);
#3038=LINE('',#8150,#3634);
#3039=LINE('',#8152,#3635);
#3040=LINE('',#8153,#3636);
#3041=LINE('',#8156,#3637);
#3042=LINE('',#8158,#3638);
#3043=LINE('',#8159,#3639);
#3044=LINE('',#8162,#3640);
#3045=LINE('',#8164,#3641);
#3046=LINE('',#8166,#3642);
#3047=LINE('',#8167,#3643);
#3048=LINE('',#8170,#3644);
#3049=LINE('',#8172,#3645);
#3050=LINE('',#8174,#3646);
#3051=LINE('',#8178,#3647);
#3052=LINE('',#8180,#3648);
#3053=LINE('',#8182,#3649);
#3054=LINE('',#8186,#3650);
#3055=LINE('',#8188,#3651);
#3056=LINE('',#8190,#3652);
#3057=LINE('',#8192,#3653);
#3058=LINE('',#8194,#3654);
#3059=LINE('',#8195,#3655);
#3060=LINE('',#8198,#3656);
#3061=LINE('',#8200,#3657);
#3062=LINE('',#8202,#3658);
#3063=LINE('',#8203,#3659);
#3064=LINE('',#8206,#3660);
#3065=LINE('',#8208,#3661);
#3066=LINE('',#8209,#3662);
#3067=LINE('',#8212,#3663);
#3068=LINE('',#8214,#3664);
#3069=LINE('',#8216,#3665);
#3070=LINE('',#8218,#3666);
#3071=LINE('',#8220,#3667);
#3072=LINE('',#8222,#3668);
#3073=LINE('',#8224,#3669);
#3074=LINE('',#8226,#3670);
#3075=LINE('',#8228,#3671);
#3076=LINE('',#8230,#3672);
#3077=LINE('',#8232,#3673);
#3078=LINE('',#8234,#3674);
#3079=LINE('',#8236,#3675);
#3080=LINE('',#8238,#3676);
#3081=LINE('',#8239,#3677);
#3082=LINE('',#8241,#3678);
#3083=LINE('',#8244,#3679);
#3084=LINE('',#8245,#3680);
#3085=LINE('',#8247,#3681);
#3086=LINE('',#8250,#3682);
#3087=LINE('',#8252,#3683);
#3088=LINE('',#8253,#3684);
#3089=LINE('',#8255,#3685);
#3090=LINE('',#8257,#3686);
#3091=LINE('',#8258,#3687);
#3092=LINE('',#8260,#3688);
#3093=LINE('',#8263,#3689);
#3094=LINE('',#8265,#3690);
#3095=LINE('',#8267,#3691);
#3096=LINE('',#8269,#3692);
#3097=LINE('',#8271,#3693);
#3098=LINE('',#8272,#3694);
#3099=LINE('',#8274,#3695);
#3100=LINE('',#8276,#3696);
#3101=LINE('',#8278,#3697);
#3102=LINE('',#8280,#3698);
#3103=LINE('',#8282,#3699);
#3104=LINE('',#8284,#3700);
#3105=LINE('',#8287,#3701);
#3106=LINE('',#8289,#3702);
#3107=LINE('',#8291,#3703);
#3108=LINE('',#8312,#3704);
#3109=LINE('',#8315,#3705);
#3110=LINE('',#8317,#3706);
#3111=LINE('',#8319,#3707);
#3112=LINE('',#8321,#3708);
#3113=LINE('',#8323,#3709);
#3114=LINE('',#8325,#3710);
#3115=LINE('',#8327,#3711);
#3116=LINE('',#8329,#3712);
#3117=LINE('',#8331,#3713);
#3118=LINE('',#8333,#3714);
#3119=LINE('',#8335,#3715);
#3120=LINE('',#8337,#3716);
#3121=LINE('',#8338,#3717);
#3122=LINE('',#8340,#3718);
#3123=LINE('',#8342,#3719);
#3124=LINE('',#8344,#3720);
#3125=LINE('',#8346,#3721);
#3126=LINE('',#8348,#3722);
#3127=LINE('',#8350,#3723);
#3128=LINE('',#8353,#3724);
#3129=LINE('',#8355,#3725);
#3130=LINE('',#8358,#3726);
#3131=LINE('',#8362,#3727);
#3132=LINE('',#8365,#3728);
#3133=LINE('',#8367,#3729);
#3134=LINE('',#8370,#3730);
#3135=LINE('',#8374,#3731);
#3136=LINE('',#8377,#3732);
#3137=LINE('',#8379,#3733);
#3138=LINE('',#8382,#3734);
#3139=LINE('',#8386,#3735);
#3140=LINE('',#8389,#3736);
#3141=LINE('',#8391,#3737);
#3142=LINE('',#8393,#3738);
#3143=LINE('',#8396,#3739);
#3144=LINE('',#8398,#3740);
#3145=LINE('',#8402,#3741);
#3146=LINE('',#8405,#3742);
#3147=LINE('',#8407,#3743);
#3148=LINE('',#8410,#3744);
#3149=LINE('',#8414,#3745);
#3150=LINE('',#8417,#3746);
#3151=LINE('',#8419,#3747);
#3152=LINE('',#8422,#3748);
#3153=LINE('',#8426,#3749);
#3154=LINE('',#8429,#3750);
#3155=LINE('',#8431,#3751);
#3156=LINE('',#8435,#3752);
#3157=LINE('',#8436,#3753);
#3158=LINE('',#8438,#3754);
#3159=LINE('',#8442,#3755);
#3160=LINE('',#8444,#3756);
#3161=LINE('',#8447,#3757);
#3162=LINE('',#8449,#3758);
#3163=LINE('',#8452,#3759);
#3164=LINE('',#8456,#3760);
#3165=LINE('',#8459,#3761);
#3166=LINE('',#8461,#3762);
#3167=LINE('',#8464,#3763);
#3168=LINE('',#8468,#3764);
#3169=LINE('',#8471,#3765);
#3170=LINE('',#8473,#3766);
#3171=LINE('',#8476,#3767);
#3172=LINE('',#8480,#3768);
#3173=LINE('',#8483,#3769);
#3174=LINE('',#8485,#3770);
#3175=LINE('',#8488,#3771);
#3176=LINE('',#8492,#3772);
#3177=LINE('',#8495,#3773);
#3178=LINE('',#8497,#3774);
#3179=LINE('',#8500,#3775);
#3180=LINE('',#8504,#3776);
#3181=LINE('',#8507,#3777);
#3182=LINE('',#8509,#3778);
#3183=LINE('',#8512,#3779);
#3184=LINE('',#8516,#3780);
#3185=LINE('',#8519,#3781);
#3186=LINE('',#8521,#3782);
#3187=LINE('',#8524,#3783);
#3188=LINE('',#8528,#3784);
#3189=LINE('',#8531,#3785);
#3190=LINE('',#8533,#3786);
#3191=LINE('',#8536,#3787);
#3192=LINE('',#8540,#3788);
#3193=LINE('',#8543,#3789);
#3194=LINE('',#8545,#3790);
#3195=LINE('',#8548,#3791);
#3196=LINE('',#8552,#3792);
#3197=LINE('',#8554,#3793);
#3198=LINE('',#8556,#3794);
#3199=LINE('',#8559,#3795);
#3200=LINE('',#8561,#3796);
#3201=LINE('',#8563,#3797);
#3202=LINE('',#8566,#3798);
#3203=LINE('',#8568,#3799);
#3204=LINE('',#8572,#3800);
#3205=LINE('',#8575,#3801);
#3206=LINE('',#8577,#3802);
#3207=LINE('',#8579,#3803);
#3208=LINE('',#8581,#3804);
#3209=LINE('',#8582,#3805);
#3210=LINE('',#8588,#3806);
#3211=LINE('',#8591,#3807);
#3212=LINE('',#8593,#3808);
#3213=LINE('',#8595,#3809);
#3214=LINE('',#8597,#3810);
#3215=LINE('',#8598,#3811);
#3216=LINE('',#8604,#3812);
#3217=LINE('',#8607,#3813);
#3218=LINE('',#8609,#3814);
#3219=LINE('',#8611,#3815);
#3220=LINE('',#8614,#3816);
#3221=LINE('',#8616,#3817);
#3222=LINE('',#8618,#3818);
#3223=LINE('',#8622,#3819);
#3224=LINE('',#8624,#3820);
#3225=LINE('',#8626,#3821);
#3226=LINE('',#8628,#3822);
#3227=LINE('',#8630,#3823);
#3228=LINE('',#8632,#3824);
#3229=LINE('',#8634,#3825);
#3230=LINE('',#8639,#3826);
#3231=LINE('',#8641,#3827);
#3232=LINE('',#8643,#3828);
#3233=LINE('',#8647,#3829);
#3234=LINE('',#8649,#3830);
#3235=LINE('',#8651,#3831);
#3236=LINE('',#8653,#3832);
#3237=LINE('',#8655,#3833);
#3238=LINE('',#8656,#3834);
#3239=LINE('',#8658,#3835);
#3240=LINE('',#8659,#3836);
#3241=LINE('',#8662,#3837);
#3242=LINE('',#8664,#3838);
#3243=LINE('',#8665,#3839);
#3244=LINE('',#8667,#3840);
#3245=LINE('',#8669,#3841);
#3246=LINE('',#8672,#3842);
#3247=LINE('',#8678,#3843);
#3248=LINE('',#8680,#3844);
#3249=LINE('',#8681,#3845);
#3250=LINE('',#8683,#3846);
#3251=LINE('',#8685,#3847);
#3252=LINE('',#8715,#3848);
#3253=LINE('',#8717,#3849);
#3254=LINE('',#8719,#3850);
#3255=LINE('',#8721,#3851);
#3256=LINE('',#8723,#3852);
#3257=LINE('',#8725,#3853);
#3258=LINE('',#8727,#3854);
#3259=LINE('',#8730,#3855);
#3260=LINE('',#8732,#3856);
#3261=LINE('',#8733,#3857);
#3262=LINE('',#8736,#3858);
#3263=LINE('',#8738,#3859);
#3264=LINE('',#8739,#3860);
#3265=LINE('',#8742,#3861);
#3266=LINE('',#8744,#3862);
#3267=LINE('',#8745,#3863);
#3268=LINE('',#8748,#3864);
#3269=LINE('',#8750,#3865);
#3270=LINE('',#8751,#3866);
#3271=LINE('',#8754,#3867);
#3272=LINE('',#8756,#3868);
#3273=LINE('',#8758,#3869);
#3274=LINE('',#8760,#3870);
#3275=LINE('',#8762,#3871);
#3276=LINE('',#8764,#3872);
#3277=LINE('',#8766,#3873);
#3278=LINE('',#8768,#3874);
#3279=LINE('',#8770,#3875);
#3280=LINE('',#8772,#3876);
#3281=LINE('',#8774,#3877);
#3282=LINE('',#8776,#3878);
#3283=LINE('',#8777,#3879);
#3284=LINE('',#8779,#3880);
#3285=LINE('',#8781,#3881);
#3286=LINE('',#8783,#3882);
#3287=LINE('',#8785,#3883);
#3288=LINE('',#8787,#3884);
#3289=LINE('',#8788,#3885);
#3290=LINE('',#8791,#3886);
#3291=LINE('',#8793,#3887);
#3292=LINE('',#8795,#3888);
#3293=LINE('',#8797,#3889);
#3294=LINE('',#8799,#3890);
#3295=LINE('',#8801,#3891);
#3296=LINE('',#8803,#3892);
#3297=LINE('',#8805,#3893);
#3298=LINE('',#8807,#3894);
#3299=LINE('',#8809,#3895);
#3300=LINE('',#8811,#3896);
#3301=LINE('',#8812,#3897);
#3302=LINE('',#8815,#3898);
#3303=LINE('',#8817,#3899);
#3304=LINE('',#8818,#3900);
#3305=LINE('',#8821,#3901);
#3306=LINE('',#8823,#3902);
#3307=LINE('',#8824,#3903);
#3308=LINE('',#8827,#3904);
#3309=LINE('',#8829,#3905);
#3310=LINE('',#8830,#3906);
#3311=LINE('',#8833,#3907);
#3312=LINE('',#8835,#3908);
#3313=LINE('',#8836,#3909);
#3314=LINE('',#8839,#3910);
#3315=LINE('',#8841,#3911);
#3316=LINE('',#8842,#3912);
#3317=LINE('',#8845,#3913);
#3318=LINE('',#8847,#3914);
#3319=LINE('',#8848,#3915);
#3320=LINE('',#8851,#3916);
#3321=LINE('',#8853,#3917);
#3322=LINE('',#8854,#3918);
#3323=LINE('',#8857,#3919);
#3324=LINE('',#8859,#3920);
#3325=LINE('',#8860,#3921);
#3326=LINE('',#8863,#3922);
#3327=LINE('',#8865,#3923);
#3328=LINE('',#8866,#3924);
#3329=LINE('',#8869,#3925);
#3330=LINE('',#8871,#3926);
#3331=LINE('',#8872,#3927);
#3332=LINE('',#8875,#3928);
#3333=LINE('',#8877,#3929);
#3334=LINE('',#8878,#3930);
#3335=LINE('',#8881,#3931);
#3336=LINE('',#8883,#3932);
#3337=LINE('',#8887,#3933);
#3338=LINE('',#8889,#3934);
#3339=LINE('',#8891,#3935);
#3340=LINE('',#8893,#3936);
#3341=LINE('',#8895,#3937);
#3342=LINE('',#8899,#3938);
#3343=LINE('',#8901,#3939);
#3344=LINE('',#8903,#3940);
#3345=LINE('',#8904,#3941);
#3346=LINE('',#8907,#3942);
#3347=LINE('',#8909,#3943);
#3348=LINE('',#8911,#3944);
#3349=LINE('',#8913,#3945);
#3350=LINE('',#8915,#3946);
#3351=LINE('',#8917,#3947);
#3352=LINE('',#8919,#3948);
#3353=LINE('',#8921,#3949);
#3354=LINE('',#8923,#3950);
#3355=LINE('',#8925,#3951);
#3356=LINE('',#8927,#3952);
#3357=LINE('',#8929,#3953);
#3358=LINE('',#8931,#3954);
#3359=LINE('',#8932,#3955);
#3360=LINE('',#8934,#3956);
#3361=LINE('',#8936,#3957);
#3362=LINE('',#8938,#3958);
#3363=LINE('',#8940,#3959);
#3364=LINE('',#8943,#3960);
#3365=LINE('',#8945,#3961);
#3366=LINE('',#8946,#3962);
#3367=LINE('',#8948,#3963);
#3368=LINE('',#8950,#3964);
#3369=LINE('',#8951,#3965);
#3370=LINE('',#8953,#3966);
#3371=LINE('',#8956,#3967);
#3372=LINE('',#8958,#3968);
#3373=LINE('',#8960,#3969);
#3374=LINE('',#8962,#3970);
#3375=LINE('',#8964,#3971);
#3376=LINE('',#8966,#3972);
#3377=LINE('',#8968,#3973);
#3378=LINE('',#8970,#3974);
#3379=LINE('',#8972,#3975);
#3380=LINE('',#8975,#3976);
#3381=LINE('',#8977,#3977);
#3382=LINE('',#8979,#3978);
#3383=LINE('',#8996,#3979);
#3384=LINE('',#8999,#3980);
#3385=LINE('',#9001,#3981);
#3386=LINE('',#9003,#3982);
#3387=LINE('',#9005,#3983);
#3388=LINE('',#9007,#3984);
#3389=LINE('',#9009,#3985);
#3390=LINE('',#9011,#3986);
#3391=LINE('',#9013,#3987);
#3392=LINE('',#9015,#3988);
#3393=LINE('',#9017,#3989);
#3394=LINE('',#9019,#3990);
#3395=LINE('',#9021,#3991);
#3396=LINE('',#9022,#3992);
#3397=LINE('',#9024,#3993);
#3398=LINE('',#9026,#3994);
#3399=LINE('',#9028,#3995);
#3400=LINE('',#9030,#3996);
#3401=LINE('',#9032,#3997);
#3402=LINE('',#9034,#3998);
#3403=LINE('',#9037,#3999);
#3404=LINE('',#9039,#4000);
#3405=LINE('',#9041,#4001);
#3406=LINE('',#9046,#4002);
#3407=LINE('',#9049,#4003);
#3408=LINE('',#9051,#4004);
#3409=LINE('',#9053,#4005);
#3410=LINE('',#9058,#4006);
#3411=LINE('',#9061,#4007);
#3412=LINE('',#9063,#4008);
#3413=LINE('',#9065,#4009);
#3414=LINE('',#9070,#4010);
#3415=LINE('',#9073,#4011);
#3416=LINE('',#9075,#4012);
#3417=LINE('',#9078,#4013);
#3418=LINE('',#9082,#4014);
#3419=LINE('',#9085,#4015);
#3420=LINE('',#9087,#4016);
#3421=LINE('',#9089,#4017);
#3422=LINE('',#9094,#4018);
#3423=LINE('',#9097,#4019);
#3424=LINE('',#9099,#4020);
#3425=LINE('',#9101,#4021);
#3426=LINE('',#9106,#4022);
#3427=LINE('',#9109,#4023);
#3428=LINE('',#9111,#4024);
#3429=LINE('',#9113,#4025);
#3430=LINE('',#9114,#4026);
#3431=LINE('',#9118,#4027);
#3432=LINE('',#9122,#4028);
#3433=LINE('',#9124,#4029);
#3434=LINE('',#9127,#4030);
#3435=LINE('',#9129,#4031);
#3436=LINE('',#9131,#4032);
#3437=LINE('',#9136,#4033);
#3438=LINE('',#9139,#4034);
#3439=LINE('',#9141,#4035);
#3440=LINE('',#9143,#4036);
#3441=LINE('',#9148,#4037);
#3442=LINE('',#9151,#4038);
#3443=LINE('',#9153,#4039);
#3444=LINE('',#9155,#4040);
#3445=LINE('',#9160,#4041);
#3446=LINE('',#9163,#4042);
#3447=LINE('',#9165,#4043);
#3448=LINE('',#9167,#4044);
#3449=LINE('',#9172,#4045);
#3450=LINE('',#9175,#4046);
#3451=LINE('',#9177,#4047);
#3452=LINE('',#9179,#4048);
#3453=LINE('',#9184,#4049);
#3454=LINE('',#9187,#4050);
#3455=LINE('',#9189,#4051);
#3456=LINE('',#9191,#4052);
#3457=LINE('',#9196,#4053);
#3458=LINE('',#9199,#4054);
#3459=LINE('',#9201,#4055);
#3460=LINE('',#9203,#4056);
#3461=LINE('',#9208,#4057);
#3462=LINE('',#9211,#4058);
#3463=LINE('',#9213,#4059);
#3464=LINE('',#9215,#4060);
#3465=LINE('',#9220,#4061);
#3466=LINE('',#9223,#4062);
#3467=LINE('',#9225,#4063);
#3468=LINE('',#9227,#4064);
#3469=LINE('',#9230,#4065);
#3470=LINE('',#9234,#4066);
#3471=LINE('',#9236,#4067);
#3472=LINE('',#9239,#4068);
#3473=LINE('',#9241,#4069);
#3474=LINE('',#9244,#4070);
#3475=LINE('',#9248,#4071);
#3476=LINE('',#9251,#4072);
#3477=LINE('',#9253,#4073);
#3478=LINE('',#9255,#4074);
#3479=LINE('',#9260,#4075);
#3480=LINE('',#9263,#4076);
#3481=LINE('',#9265,#4077);
#3482=LINE('',#9267,#4078);
#3483=LINE('',#9272,#4079);
#3484=LINE('',#9275,#4080);
#3485=LINE('',#9277,#4081);
#3486=LINE('',#9279,#4082);
#3487=LINE('',#9284,#4083);
#3488=LINE('',#9286,#4084);
#3489=LINE('',#9288,#4085);
#3490=LINE('',#9290,#4086);
#3491=LINE('',#9292,#4087);
#3492=LINE('',#9294,#4088);
#3493=LINE('',#9296,#4089);
#3494=LINE('',#9298,#4090);
#3495=LINE('',#9301,#4091);
#3496=LINE('',#9303,#4092);
#3497=LINE('',#9305,#4093);
#3498=LINE('',#9307,#4094);
#3499=LINE('',#9311,#4095);
#3500=LINE('',#9313,#4096);
#3501=LINE('',#9315,#4097);
#3502=LINE('',#9319,#4098);
#3503=LINE('',#9320,#4099);
#3504=LINE('',#9322,#4100);
#3505=LINE('',#9323,#4101);
#3506=LINE('',#9326,#4102);
#3507=LINE('',#9328,#4103);
#3508=LINE('',#9329,#4104);
#3509=LINE('',#9331,#4105);
#3510=LINE('',#9333,#4106);
#3511=LINE('',#9336,#4107);
#3512=LINE('',#9343,#4108);
#3513=LINE('',#9345,#4109);
#3514=LINE('',#9346,#4110);
#3515=LINE('',#9348,#4111);
#3516=LINE('',#9350,#4112);
#3517=LINE('',#9374,#4113);
#3518=LINE('',#9376,#4114);
#3519=LINE('',#9380,#4115);
#3520=LINE('',#9383,#4116);
#3521=LINE('',#9385,#4117);
#3522=LINE('',#9387,#4118);
#3523=LINE('',#9389,#4119);
#3524=LINE('',#9391,#4120);
#3525=LINE('',#9393,#4121);
#3526=LINE('',#9395,#4122);
#3527=LINE('',#9397,#4123);
#3528=LINE('',#9399,#4124);
#3529=LINE('',#9401,#4125);
#3530=LINE('',#9403,#4126);
#3531=LINE('',#9405,#4127);
#3532=LINE('',#9407,#4128);
#3533=LINE('',#9409,#4129);
#3534=LINE('',#9411,#4130);
#3535=LINE('',#9413,#4131);
#3536=LINE('',#9415,#4132);
#3537=LINE('',#9417,#4133);
#3538=LINE('',#9419,#4134);
#3539=LINE('',#9421,#4135);
#3540=LINE('',#9423,#4136);
#3541=LINE('',#9427,#4137);
#3542=LINE('',#9431,#4138);
#3543=LINE('',#9433,#4139);
#3544=LINE('',#9435,#4140);
#3545=LINE('',#9437,#4141);
#3546=LINE('',#9439,#4142);
#3547=LINE('',#9441,#4143);
#3548=LINE('',#9449,#4144);
#3549=LINE('',#9452,#4145);
#3550=LINE('',#9454,#4146);
#3551=LINE('',#9456,#4147);
#3552=LINE('',#9458,#4148);
#3553=LINE('',#9460,#4149);
#3554=LINE('',#9462,#4150);
#3555=LINE('',#9464,#4151);
#3556=LINE('',#9466,#4152);
#3557=LINE('',#9468,#4153);
#3558=LINE('',#9470,#4154);
#3559=LINE('',#9471,#4155);
#3560=VECTOR('',#6559,1.);
#3561=VECTOR('',#6560,1.);
#3562=VECTOR('',#6561,1.);
#3563=VECTOR('',#6562,1.);
#3564=VECTOR('',#6565,1.);
#3565=VECTOR('',#6566,1.);
#3566=VECTOR('',#6567,1.);
#3567=VECTOR('',#6568,1.);
#3568=VECTOR('',#6571,1.);
#3569=VECTOR('',#6572,1.);
#3570=VECTOR('',#6573,1.);
#3571=VECTOR('',#6574,1.);
#3572=VECTOR('',#6577,1.);
#3573=VECTOR('',#6578,1.);
#3574=VECTOR('',#6579,1.);
#3575=VECTOR('',#6580,1.);
#3576=VECTOR('',#6581,1.);
#3577=VECTOR('',#6582,1.);
#3578=VECTOR('',#6583,1.);
#3579=VECTOR('',#6584,1.);
#3580=VECTOR('',#6585,1.);
#3581=VECTOR('',#6586,1.);
#3582=VECTOR('',#6587,1.);
#3583=VECTOR('',#6588,1.);
#3584=VECTOR('',#6589,1.);
#3585=VECTOR('',#6590,1.);
#3586=VECTOR('',#6591,1.);
#3587=VECTOR('',#6592,1.);
#3588=VECTOR('',#6593,1.);
#3589=VECTOR('',#6594,1.);
#3590=VECTOR('',#6595,1.);
#3591=VECTOR('',#6596,1.);
#3592=VECTOR('',#6597,1.);
#3593=VECTOR('',#6598,1.);
#3594=VECTOR('',#6599,1.);
#3595=VECTOR('',#6600,1.);
#3596=VECTOR('',#6601,1.);
#3597=VECTOR('',#6602,1.);
#3598=VECTOR('',#6603,1.);
#3599=VECTOR('',#6604,1.);
#3600=VECTOR('',#6605,1.);
#3601=VECTOR('',#6606,1.);
#3602=VECTOR('',#6607,1.);
#3603=VECTOR('',#6608,1.);
#3604=VECTOR('',#6609,1.);
#3605=VECTOR('',#6610,1.);
#3606=VECTOR('',#6611,1.);
#3607=VECTOR('',#6612,1.);
#3608=VECTOR('',#6613,1.);
#3609=VECTOR('',#6614,1.);
#3610=VECTOR('',#6615,1.);
#3611=VECTOR('',#6616,1.);
#3612=VECTOR('',#6617,1.);
#3613=VECTOR('',#6618,1.);
#3614=VECTOR('',#6619,1.);
#3615=VECTOR('',#6620,1.);
#3616=VECTOR('',#6621,1.);
#3617=VECTOR('',#6622,1.);
#3618=VECTOR('',#6623,1.);
#3619=VECTOR('',#6624,1.);
#3620=VECTOR('',#6625,1.);
#3621=VECTOR('',#6626,1.);
#3622=VECTOR('',#6627,1.);
#3623=VECTOR('',#6628,1.);
#3624=VECTOR('',#6629,1.);
#3625=VECTOR('',#6630,1.);
#3626=VECTOR('',#6631,1.);
#3627=VECTOR('',#6632,1.);
#3628=VECTOR('',#6633,1.);
#3629=VECTOR('',#6634,1.);
#3630=VECTOR('',#6635,1.);
#3631=VECTOR('',#6636,1.);
#3632=VECTOR('',#6637,1.);
#3633=VECTOR('',#6638,1.);
#3634=VECTOR('',#6639,1.);
#3635=VECTOR('',#6640,1.);
#3636=VECTOR('',#6641,1.);
#3637=VECTOR('',#6642,1.);
#3638=VECTOR('',#6643,1.);
#3639=VECTOR('',#6644,1.);
#3640=VECTOR('',#6645,1.);
#3641=VECTOR('',#6646,1.);
#3642=VECTOR('',#6647,1.);
#3643=VECTOR('',#6648,1.);
#3644=VECTOR('',#6649,1.);
#3645=VECTOR('',#6650,1.);
#3646=VECTOR('',#6651,1.);
#3647=VECTOR('',#6654,1.);
#3648=VECTOR('',#6655,1.);
#3649=VECTOR('',#6656,1.);
#3650=VECTOR('',#6659,1.);
#3651=VECTOR('',#6660,1.);
#3652=VECTOR('',#6661,1.);
#3653=VECTOR('',#6662,1.);
#3654=VECTOR('',#6663,1.);
#3655=VECTOR('',#6664,1.);
#3656=VECTOR('',#6665,1.);
#3657=VECTOR('',#6666,1.);
#3658=VECTOR('',#6667,1.);
#3659=VECTOR('',#6668,1.);
#3660=VECTOR('',#6669,1.);
#3661=VECTOR('',#6670,1.);
#3662=VECTOR('',#6671,1.);
#3663=VECTOR('',#6672,1.);
#3664=VECTOR('',#6673,1.);
#3665=VECTOR('',#6674,1.);
#3666=VECTOR('',#6677,1.);
#3667=VECTOR('',#6678,1.);
#3668=VECTOR('',#6679,1.);
#3669=VECTOR('',#6682,1.);
#3670=VECTOR('',#6683,1.);
#3671=VECTOR('',#6684,1.);
#3672=VECTOR('',#6687,1.);
#3673=VECTOR('',#6688,1.);
#3674=VECTOR('',#6689,1.);
#3675=VECTOR('',#6692,1.);
#3676=VECTOR('',#6693,1.);
#3677=VECTOR('',#6694,1.);
#3678=VECTOR('',#6697,1.);
#3679=VECTOR('',#6698,1.);
#3680=VECTOR('',#6699,1.);
#3681=VECTOR('',#6700,1.);
#3682=VECTOR('',#6703,1.);
#3683=VECTOR('',#6704,1.);
#3684=VECTOR('',#6705,1.);
#3685=VECTOR('',#6706,1.);
#3686=VECTOR('',#6707,1.);
#3687=VECTOR('',#6708,1.);
#3688=VECTOR('',#6709,1.);
#3689=VECTOR('',#6712,1.);
#3690=VECTOR('',#6713,1.);
#3691=VECTOR('',#6714,1.);
#3692=VECTOR('',#6715,1.);
#3693=VECTOR('',#6716,1.);
#3694=VECTOR('',#6717,1.);
#3695=VECTOR('',#6720,1.);
#3696=VECTOR('',#6721,1.);
#3697=VECTOR('',#6722,1.);
#3698=VECTOR('',#6723,1.);
#3699=VECTOR('',#6724,1.);
#3700=VECTOR('',#6727,1.);
#3701=VECTOR('',#6728,1.);
#3702=VECTOR('',#6729,1.);
#3703=VECTOR('',#6730,1.);
#3704=VECTOR('',#6763,1.);
#3705=VECTOR('',#6764,1.);
#3706=VECTOR('',#6765,1.);
#3707=VECTOR('',#6766,1.);
#3708=VECTOR('',#6767,1.);
#3709=VECTOR('',#6768,1.);
#3710=VECTOR('',#6769,1.);
#3711=VECTOR('',#6770,1.);
#3712=VECTOR('',#6771,1.);
#3713=VECTOR('',#6772,1.);
#3714=VECTOR('',#6773,1.);
#3715=VECTOR('',#6774,1.);
#3716=VECTOR('',#6777,1.);
#3717=VECTOR('',#6778,1.);
#3718=VECTOR('',#6781,1.);
#3719=VECTOR('',#6784,1.);
#3720=VECTOR('',#6787,1.);
#3721=VECTOR('',#6790,1.);
#3722=VECTOR('',#6793,1.);
#3723=VECTOR('',#6796,1.);
#3724=VECTOR('',#6797,1.);
#3725=VECTOR('',#6798,1.);
#3726=VECTOR('',#6803,1.);
#3727=VECTOR('',#6810,1.);
#3728=VECTOR('',#6811,1.);
#3729=VECTOR('',#6812,1.);
#3730=VECTOR('',#6817,1.);
#3731=VECTOR('',#6824,1.);
#3732=VECTOR('',#6825,1.);
#3733=VECTOR('',#6826,1.);
#3734=VECTOR('',#6831,1.);
#3735=VECTOR('',#6838,1.);
#3736=VECTOR('',#6839,1.);
#3737=VECTOR('',#6840,1.);
#3738=VECTOR('',#6841,1.);
#3739=VECTOR('',#6846,1.);
#3740=VECTOR('',#6849,1.);
#3741=VECTOR('',#6856,1.);
#3742=VECTOR('',#6857,1.);
#3743=VECTOR('',#6858,1.);
#3744=VECTOR('',#6863,1.);
#3745=VECTOR('',#6870,1.);
#3746=VECTOR('',#6871,1.);
#3747=VECTOR('',#6872,1.);
#3748=VECTOR('',#6877,1.);
#3749=VECTOR('',#6884,1.);
#3750=VECTOR('',#6885,1.);
#3751=VECTOR('',#6886,1.);
#3752=VECTOR('',#6891,1.);
#3753=VECTOR('',#6892,1.);
#3754=VECTOR('',#6895,1.);
#3755=VECTOR('',#6900,1.);
#3756=VECTOR('',#6903,1.);
#3757=VECTOR('',#6904,1.);
#3758=VECTOR('',#6905,1.);
#3759=VECTOR('',#6910,1.);
#3760=VECTOR('',#6917,1.);
#3761=VECTOR('',#6918,1.);
#3762=VECTOR('',#6919,1.);
#3763=VECTOR('',#6924,1.);
#3764=VECTOR('',#6931,1.);
#3765=VECTOR('',#6932,1.);
#3766=VECTOR('',#6933,1.);
#3767=VECTOR('',#6938,1.);
#3768=VECTOR('',#6945,1.);
#3769=VECTOR('',#6946,1.);
#3770=VECTOR('',#6947,1.);
#3771=VECTOR('',#6952,1.);
#3772=VECTOR('',#6959,1.);
#3773=VECTOR('',#6960,1.);
#3774=VECTOR('',#6961,1.);
#3775=VECTOR('',#6966,1.);
#3776=VECTOR('',#6973,1.);
#3777=VECTOR('',#6974,1.);
#3778=VECTOR('',#6975,1.);
#3779=VECTOR('',#6980,1.);
#3780=VECTOR('',#6987,1.);
#3781=VECTOR('',#6988,1.);
#3782=VECTOR('',#6989,1.);
#3783=VECTOR('',#6994,1.);
#3784=VECTOR('',#7001,1.);
#3785=VECTOR('',#7002,1.);
#3786=VECTOR('',#7003,1.);
#3787=VECTOR('',#7008,1.);
#3788=VECTOR('',#7015,1.);
#3789=VECTOR('',#7016,1.);
#3790=VECTOR('',#7017,1.);
#3791=VECTOR('',#7022,1.);
#3792=VECTOR('',#7027,1.);
#3793=VECTOR('',#7030,1.);
#3794=VECTOR('',#7033,1.);
#3795=VECTOR('',#7034,1.);
#3796=VECTOR('',#7035,1.);
#3797=VECTOR('',#7036,1.);
#3798=VECTOR('',#7041,1.);
#3799=VECTOR('',#7044,1.);
#3800=VECTOR('',#7051,1.);
#3801=VECTOR('',#7052,1.);
#3802=VECTOR('',#7053,1.);
#3803=VECTOR('',#7054,1.);
#3804=VECTOR('',#7057,1.);
#3805=VECTOR('',#7058,1.);
#3806=VECTOR('',#7069,1.);
#3807=VECTOR('',#7070,1.);
#3808=VECTOR('',#7071,1.);
#3809=VECTOR('',#7072,1.);
#3810=VECTOR('',#7075,1.);
#3811=VECTOR('',#7076,1.);
#3812=VECTOR('',#7087,1.);
#3813=VECTOR('',#7088,1.);
#3814=VECTOR('',#7089,1.);
#3815=VECTOR('',#7090,1.);
#3816=VECTOR('',#7095,1.);
#3817=VECTOR('',#7098,1.);
#3818=VECTOR('',#7101,1.);
#3819=VECTOR('',#7106,1.);
#3820=VECTOR('',#7109,1.);
#3821=VECTOR('',#7110,1.);
#3822=VECTOR('',#7113,1.);
#3823=VECTOR('',#7114,1.);
#3824=VECTOR('',#7117,1.);
#3825=VECTOR('',#7120,1.);
#3826=VECTOR('',#7123,1.);
#3827=VECTOR('',#7124,1.);
#3828=VECTOR('',#7125,1.);
#3829=VECTOR('',#7128,1.);
#3830=VECTOR('',#7129,1.);
#3831=VECTOR('',#7130,1.);
#3832=VECTOR('',#7131,1.);
#3833=VECTOR('',#7134,1.);
#3834=VECTOR('',#7135,1.);
#3835=VECTOR('',#7138,1.);
#3836=VECTOR('',#7139,1.);
#3837=VECTOR('',#7144,1.);
#3838=VECTOR('',#7147,1.);
#3839=VECTOR('',#7148,1.);
#3840=VECTOR('',#7151,1.);
#3841=VECTOR('',#7154,1.);
#3842=VECTOR('',#7159,1.);
#3843=VECTOR('',#7170,1.);
#3844=VECTOR('',#7173,1.);
#3845=VECTOR('',#7174,1.);
#3846=VECTOR('',#7177,1.);
#3847=VECTOR('',#7180,1.);
#3848=VECTOR('',#7235,1.);
#3849=VECTOR('',#7236,1.);
#3850=VECTOR('',#7237,1.);
#3851=VECTOR('',#7238,1.);
#3852=VECTOR('',#7239,1.);
#3853=VECTOR('',#7240,1.);
#3854=VECTOR('',#7243,1.);
#3855=VECTOR('',#7244,1.);
#3856=VECTOR('',#7245,1.);
#3857=VECTOR('',#7246,1.);
#3858=VECTOR('',#7247,1.);
#3859=VECTOR('',#7248,1.);
#3860=VECTOR('',#7249,1.);
#3861=VECTOR('',#7250,1.);
#3862=VECTOR('',#7251,1.);
#3863=VECTOR('',#7252,1.);
#3864=VECTOR('',#7253,1.);
#3865=VECTOR('',#7254,1.);
#3866=VECTOR('',#7255,1.);
#3867=VECTOR('',#7256,1.);
#3868=VECTOR('',#7257,1.);
#3869=VECTOR('',#7258,1.);
#3870=VECTOR('',#7259,1.);
#3871=VECTOR('',#7260,1.);
#3872=VECTOR('',#7261,1.);
#3873=VECTOR('',#7262,1.);
#3874=VECTOR('',#7263,1.);
#3875=VECTOR('',#7264,1.);
#3876=VECTOR('',#7265,1.);
#3877=VECTOR('',#7266,1.);
#3878=VECTOR('',#7267,1.);
#3879=VECTOR('',#7268,1.);
#3880=VECTOR('',#7269,1.);
#3881=VECTOR('',#7270,1.);
#3882=VECTOR('',#7271,1.);
#3883=VECTOR('',#7272,1.);
#3884=VECTOR('',#7273,1.);
#3885=VECTOR('',#7274,1.);
#3886=VECTOR('',#7275,1.);
#3887=VECTOR('',#7276,1.);
#3888=VECTOR('',#7277,1.);
#3889=VECTOR('',#7278,1.);
#3890=VECTOR('',#7279,1.);
#3891=VECTOR('',#7280,1.);
#3892=VECTOR('',#7281,1.);
#3893=VECTOR('',#7282,1.);
#3894=VECTOR('',#7283,1.);
#3895=VECTOR('',#7284,1.);
#3896=VECTOR('',#7285,1.);
#3897=VECTOR('',#7286,1.);
#3898=VECTOR('',#7287,1.);
#3899=VECTOR('',#7288,1.);
#3900=VECTOR('',#7289,1.);
#3901=VECTOR('',#7290,1.);
#3902=VECTOR('',#7291,1.);
#3903=VECTOR('',#7292,1.);
#3904=VECTOR('',#7293,1.);
#3905=VECTOR('',#7294,1.);
#3906=VECTOR('',#7295,1.);
#3907=VECTOR('',#7296,1.);
#3908=VECTOR('',#7297,1.);
#3909=VECTOR('',#7298,1.);
#3910=VECTOR('',#7299,1.);
#3911=VECTOR('',#7300,1.);
#3912=VECTOR('',#7301,1.);
#3913=VECTOR('',#7302,1.);
#3914=VECTOR('',#7303,1.);
#3915=VECTOR('',#7304,1.);
#3916=VECTOR('',#7305,1.);
#3917=VECTOR('',#7306,1.);
#3918=VECTOR('',#7307,1.);
#3919=VECTOR('',#7308,1.);
#3920=VECTOR('',#7309,1.);
#3921=VECTOR('',#7310,1.);
#3922=VECTOR('',#7311,1.);
#3923=VECTOR('',#7312,1.);
#3924=VECTOR('',#7313,1.);
#3925=VECTOR('',#7314,1.);
#3926=VECTOR('',#7315,1.);
#3927=VECTOR('',#7316,1.);
#3928=VECTOR('',#7317,1.);
#3929=VECTOR('',#7318,1.);
#3930=VECTOR('',#7319,1.);
#3931=VECTOR('',#7320,1.);
#3932=VECTOR('',#7321,1.);
#3933=VECTOR('',#7324,1.);
#3934=VECTOR('',#7325,1.);
#3935=VECTOR('',#7326,1.);
#3936=VECTOR('',#7327,1.);
#3937=VECTOR('',#7328,1.);
#3938=VECTOR('',#7331,1.);
#3939=VECTOR('',#7332,1.);
#3940=VECTOR('',#7333,1.);
#3941=VECTOR('',#7334,1.);
#3942=VECTOR('',#7335,1.);
#3943=VECTOR('',#7336,1.);
#3944=VECTOR('',#7339,1.);
#3945=VECTOR('',#7340,1.);
#3946=VECTOR('',#7343,1.);
#3947=VECTOR('',#7344,1.);
#3948=VECTOR('',#7347,1.);
#3949=VECTOR('',#7348,1.);
#3950=VECTOR('',#7351,1.);
#3951=VECTOR('',#7352,1.);
#3952=VECTOR('',#7355,1.);
#3953=VECTOR('',#7356,1.);
#3954=VECTOR('',#7357,1.);
#3955=VECTOR('',#7358,1.);
#3956=VECTOR('',#7359,1.);
#3957=VECTOR('',#7360,1.);
#3958=VECTOR('',#7361,1.);
#3959=VECTOR('',#7362,1.);
#3960=VECTOR('',#7365,1.);
#3961=VECTOR('',#7366,1.);
#3962=VECTOR('',#7367,1.);
#3963=VECTOR('',#7368,1.);
#3964=VECTOR('',#7369,1.);
#3965=VECTOR('',#7370,1.);
#3966=VECTOR('',#7371,1.);
#3967=VECTOR('',#7374,1.);
#3968=VECTOR('',#7375,1.);
#3969=VECTOR('',#7376,1.);
#3970=VECTOR('',#7379,1.);
#3971=VECTOR('',#7380,1.);
#3972=VECTOR('',#7381,1.);
#3973=VECTOR('',#7382,1.);
#3974=VECTOR('',#7383,1.);
#3975=VECTOR('',#7386,1.);
#3976=VECTOR('',#7387,1.);
#3977=VECTOR('',#7388,1.);
#3978=VECTOR('',#7389,1.);
#3979=VECTOR('',#7418,1.);
#3980=VECTOR('',#7419,1.);
#3981=VECTOR('',#7420,1.);
#3982=VECTOR('',#7421,1.);
#3983=VECTOR('',#7422,1.);
#3984=VECTOR('',#7423,1.);
#3985=VECTOR('',#7424,1.);
#3986=VECTOR('',#7425,1.);
#3987=VECTOR('',#7426,1.);
#3988=VECTOR('',#7427,1.);
#3989=VECTOR('',#7428,1.);
#3990=VECTOR('',#7429,1.);
#3991=VECTOR('',#7432,1.);
#3992=VECTOR('',#7433,1.);
#3993=VECTOR('',#7436,1.);
#3994=VECTOR('',#7439,1.);
#3995=VECTOR('',#7442,1.);
#3996=VECTOR('',#7445,1.);
#3997=VECTOR('',#7448,1.);
#3998=VECTOR('',#7451,1.);
#3999=VECTOR('',#7452,1.);
#4000=VECTOR('',#7453,1.);
#4001=VECTOR('',#7456,1.);
#4002=VECTOR('',#7465,1.);
#4003=VECTOR('',#7466,1.);
#4004=VECTOR('',#7467,1.);
#4005=VECTOR('',#7470,1.);
#4006=VECTOR('',#7479,1.);
#4007=VECTOR('',#7480,1.);
#4008=VECTOR('',#7481,1.);
#4009=VECTOR('',#7484,1.);
#4010=VECTOR('',#7493,1.);
#4011=VECTOR('',#7494,1.);
#4012=VECTOR('',#7495,1.);
#4013=VECTOR('',#7500,1.);
#4014=VECTOR('',#7507,1.);
#4015=VECTOR('',#7508,1.);
#4016=VECTOR('',#7509,1.);
#4017=VECTOR('',#7512,1.);
#4018=VECTOR('',#7521,1.);
#4019=VECTOR('',#7522,1.);
#4020=VECTOR('',#7523,1.);
#4021=VECTOR('',#7526,1.);
#4022=VECTOR('',#7535,1.);
#4023=VECTOR('',#7536,1.);
#4024=VECTOR('',#7537,1.);
#4025=VECTOR('',#7540,1.);
#4026=VECTOR('',#7541,1.);
#4027=VECTOR('',#7546,1.);
#4028=VECTOR('',#7551,1.);
#4029=VECTOR('',#7554,1.);
#4030=VECTOR('',#7555,1.);
#4031=VECTOR('',#7556,1.);
#4032=VECTOR('',#7559,1.);
#4033=VECTOR('',#7568,1.);
#4034=VECTOR('',#7569,1.);
#4035=VECTOR('',#7570,1.);
#4036=VECTOR('',#7573,1.);
#4037=VECTOR('',#7582,1.);
#4038=VECTOR('',#7583,1.);
#4039=VECTOR('',#7584,1.);
#4040=VECTOR('',#7587,1.);
#4041=VECTOR('',#7596,1.);
#4042=VECTOR('',#7597,1.);
#4043=VECTOR('',#7598,1.);
#4044=VECTOR('',#7601,1.);
#4045=VECTOR('',#7610,1.);
#4046=VECTOR('',#7611,1.);
#4047=VECTOR('',#7612,1.);
#4048=VECTOR('',#7615,1.);
#4049=VECTOR('',#7624,1.);
#4050=VECTOR('',#7625,1.);
#4051=VECTOR('',#7626,1.);
#4052=VECTOR('',#7629,1.);
#4053=VECTOR('',#7638,1.);
#4054=VECTOR('',#7639,1.);
#4055=VECTOR('',#7640,1.);
#4056=VECTOR('',#7643,1.);
#4057=VECTOR('',#7652,1.);
#4058=VECTOR('',#7653,1.);
#4059=VECTOR('',#7654,1.);
#4060=VECTOR('',#7657,1.);
#4061=VECTOR('',#7666,1.);
#4062=VECTOR('',#7667,1.);
#4063=VECTOR('',#7668,1.);
#4064=VECTOR('',#7671,1.);
#4065=VECTOR('',#7676,1.);
#4066=VECTOR('',#7681,1.);
#4067=VECTOR('',#7684,1.);
#4068=VECTOR('',#7685,1.);
#4069=VECTOR('',#7686,1.);
#4070=VECTOR('',#7691,1.);
#4071=VECTOR('',#7698,1.);
#4072=VECTOR('',#7699,1.);
#4073=VECTOR('',#7700,1.);
#4074=VECTOR('',#7703,1.);
#4075=VECTOR('',#7712,1.);
#4076=VECTOR('',#7713,1.);
#4077=VECTOR('',#7714,1.);
#4078=VECTOR('',#7717,1.);
#4079=VECTOR('',#7726,1.);
#4080=VECTOR('',#7727,1.);
#4081=VECTOR('',#7728,1.);
#4082=VECTOR('',#7731,1.);
#4083=VECTOR('',#7738,1.);
#4084=VECTOR('',#7741,1.);
#4085=VECTOR('',#7744,1.);
#4086=VECTOR('',#7745,1.);
#4087=VECTOR('',#7748,1.);
#4088=VECTOR('',#7749,1.);
#4089=VECTOR('',#7752,1.);
#4090=VECTOR('',#7755,1.);
#4091=VECTOR('',#7756,1.);
#4092=VECTOR('',#7757,1.);
#4093=VECTOR('',#7758,1.);
#4094=VECTOR('',#7759,1.);
#4095=VECTOR('',#7762,1.);
#4096=VECTOR('',#7763,1.);
#4097=VECTOR('',#7764,1.);
#4098=VECTOR('',#7769,1.);
#4099=VECTOR('',#7770,1.);
#4100=VECTOR('',#7773,1.);
#4101=VECTOR('',#7774,1.);
#4102=VECTOR('',#7779,1.);
#4103=VECTOR('',#7782,1.);
#4104=VECTOR('',#7783,1.);
#4105=VECTOR('',#7786,1.);
#4106=VECTOR('',#7789,1.);
#4107=VECTOR('',#7794,1.);
#4108=VECTOR('',#7807,1.);
#4109=VECTOR('',#7810,1.);
#4110=VECTOR('',#7811,1.);
#4111=VECTOR('',#7814,1.);
#4112=VECTOR('',#7817,1.);
#4113=VECTOR('',#7864,1.);
#4114=VECTOR('',#7867,1.);
#4115=VECTOR('',#7874,1.);
#4116=VECTOR('',#7875,1.);
#4117=VECTOR('',#7876,1.);
#4118=VECTOR('',#7877,1.);
#4119=VECTOR('',#7880,1.);
#4120=VECTOR('',#7881,1.);
#4121=VECTOR('',#7882,1.);
#4122=VECTOR('',#7885,1.);
#4123=VECTOR('',#7886,1.);
#4124=VECTOR('',#7887,1.);
#4125=VECTOR('',#7890,1.);
#4126=VECTOR('',#7891,1.);
#4127=VECTOR('',#7892,1.);
#4128=VECTOR('',#7895,1.);
#4129=VECTOR('',#7896,1.);
#4130=VECTOR('',#7897,1.);
#4131=VECTOR('',#7900,1.);
#4132=VECTOR('',#7901,1.);
#4133=VECTOR('',#7902,1.);
#4134=VECTOR('',#7905,1.);
#4135=VECTOR('',#7906,1.);
#4136=VECTOR('',#7907,1.);
#4137=VECTOR('',#7912,1.);
#4138=VECTOR('',#7917,1.);
#4139=VECTOR('',#7918,1.);
#4140=VECTOR('',#7919,1.);
#4141=VECTOR('',#7922,1.);
#4142=VECTOR('',#7923,1.);
#4143=VECTOR('',#7924,1.);
#4144=VECTOR('',#7939,1.);
#4145=VECTOR('',#7940,1.);
#4146=VECTOR('',#7941,1.);
#4147=VECTOR('',#7942,1.);
#4148=VECTOR('',#7945,1.);
#4149=VECTOR('',#7946,1.);
#4150=VECTOR('',#7947,1.);
#4151=VECTOR('',#7950,1.);
#4152=VECTOR('',#7951,1.);
#4153=VECTOR('',#7952,1.);
#4154=VECTOR('',#7955,1.);
#4155=VECTOR('',#7956,1.);
#4156=EDGE_LOOP('',(#320,#321,#322,#323));
#4157=EDGE_LOOP('',(#324,#325,#326,#327));
#4158=EDGE_LOOP('',(#328,#329,#330,#331));
#4159=EDGE_LOOP('',(#332,#333,#334,#335,#336,#337,#338,#339,#340,#341,#342,
#343));
#4160=EDGE_LOOP('',(#344,#345,#346,#347,#348,#349,#350,#351,#352,#353,#354,
#355,#356,#357,#358,#359,#360,#361,#362,#363));
#4161=EDGE_LOOP('',(#364,#365,#366));
#4162=EDGE_LOOP('',(#367,#368,#369));
#4163=EDGE_LOOP('',(#370,#371,#372));
#4164=EDGE_LOOP('',(#373,#374,#375));
#4165=EDGE_LOOP('',(#376,#377,#378));
#4166=EDGE_LOOP('',(#379,#380,#381));
#4167=EDGE_LOOP('',(#382,#383,#384));
#4168=EDGE_LOOP('',(#385,#386,#387));
#4169=EDGE_LOOP('',(#388,#389,#390));
#4170=EDGE_LOOP('',(#391,#392,#393));
#4171=EDGE_LOOP('',(#394,#395,#396));
#4172=EDGE_LOOP('',(#397,#398,#399));
#4173=EDGE_LOOP('',(#400,#401,#402,#403));
#4174=EDGE_LOOP('',(#404,#405,#406,#407));
#4175=EDGE_LOOP('',(#408,#409,#410,#411,#412,#413,#414,#415,#416,#417));
#4176=EDGE_LOOP('',(#418,#419,#420,#421));
#4177=EDGE_LOOP('',(#422,#423,#424));
#4178=EDGE_LOOP('',(#425,#426,#427,#428));
#4179=EDGE_LOOP('',(#429,#430,#431,#432,#433));
#4180=EDGE_LOOP('',(#434,#435,#436,#437));
#4181=EDGE_LOOP('',(#438,#439,#440,#441));
#4182=EDGE_LOOP('',(#442,#443,#444,#445,#446));
#4183=EDGE_LOOP('',(#447,#448,#449,#450,#451,#452,#453,#454,#455,#456,#457,
#458,#459,#460,#461,#462,#463,#464,#465,#466,#467,#468,#469,#470,#471,#472));
#4184=EDGE_LOOP('',(#473,#474,#475,#476,#477,#478));
#4185=EDGE_LOOP('',(#479,#480,#481,#482));
#4186=EDGE_LOOP('',(#483));
#4187=EDGE_LOOP('',(#484));
#4188=EDGE_LOOP('',(#485));
#4189=EDGE_LOOP('',(#486));
#4190=EDGE_LOOP('',(#487,#488,#489,#490,#491,#492,#493,#494,#495,#496));
#4191=EDGE_LOOP('',(#497));
#4192=EDGE_LOOP('',(#498));
#4193=EDGE_LOOP('',(#499,#500,#501));
#4194=EDGE_LOOP('',(#502,#503,#504,#505));
#4195=EDGE_LOOP('',(#506,#507,#508,#509));
#4196=EDGE_LOOP('',(#510,#511,#512,#513,#514,#515,#516,#517,#518,#519,#520,
#521));
#4197=EDGE_LOOP('',(#522,#523,#524,#525));
#4198=EDGE_LOOP('',(#526,#527,#528,#529));
#4199=EDGE_LOOP('',(#530,#531,#532,#533));
#4200=EDGE_LOOP('',(#534,#535,#536,#537));
#4201=EDGE_LOOP('',(#538,#539,#540,#541));
#4202=EDGE_LOOP('',(#542,#543,#544,#545));
#4203=EDGE_LOOP('',(#546,#547,#548));
#4204=EDGE_LOOP('',(#549,#550,#551,#552));
#4205=EDGE_LOOP('',(#553,#554,#555,#556));
#4206=EDGE_LOOP('',(#557,#558,#559));
#4207=EDGE_LOOP('',(#560,#561,#562,#563));
#4208=EDGE_LOOP('',(#564,#565,#566,#567));
#4209=EDGE_LOOP('',(#568,#569,#570));
#4210=EDGE_LOOP('',(#571,#572,#573,#574));
#4211=EDGE_LOOP('',(#575,#576,#577,#578));
#4212=EDGE_LOOP('',(#579,#580,#581,#582));
#4213=EDGE_LOOP('',(#583,#584,#585,#586));
#4214=EDGE_LOOP('',(#587,#588,#589,#590));
#4215=EDGE_LOOP('',(#591,#592,#593,#594));
#4216=EDGE_LOOP('',(#595,#596,#597));
#4217=EDGE_LOOP('',(#598,#599,#600,#601));
#4218=EDGE_LOOP('',(#602,#603,#604,#605));
#4219=EDGE_LOOP('',(#606,#607,#608));
#4220=EDGE_LOOP('',(#609,#610,#611,#612));
#4221=EDGE_LOOP('',(#613,#614,#615,#616));
#4222=EDGE_LOOP('',(#617,#618,#619));
#4223=EDGE_LOOP('',(#620,#621,#622,#623,#624,#625));
#4224=EDGE_LOOP('',(#626,#627,#628,#629,#630,#631));
#4225=EDGE_LOOP('',(#632,#633,#634,#635));
#4226=EDGE_LOOP('',(#636,#637,#638));
#4227=EDGE_LOOP('',(#639,#640,#641,#642));
#4228=EDGE_LOOP('',(#643,#644,#645,#646));
#4229=EDGE_LOOP('',(#647,#648,#649));
#4230=EDGE_LOOP('',(#650,#651,#652,#653));
#4231=EDGE_LOOP('',(#654,#655,#656,#657));
#4232=EDGE_LOOP('',(#658,#659,#660));
#4233=EDGE_LOOP('',(#661,#662,#663,#664));
#4234=EDGE_LOOP('',(#665,#666,#667,#668));
#4235=EDGE_LOOP('',(#669,#670,#671));
#4236=EDGE_LOOP('',(#672,#673,#674,#675));
#4237=EDGE_LOOP('',(#676,#677,#678,#679));
#4238=EDGE_LOOP('',(#680,#681,#682));
#4239=EDGE_LOOP('',(#683,#684,#685,#686));
#4240=EDGE_LOOP('',(#687,#688,#689,#690));
#4241=EDGE_LOOP('',(#691,#692,#693));
#4242=EDGE_LOOP('',(#694,#695,#696,#697));
#4243=EDGE_LOOP('',(#698,#699,#700,#701));
#4244=EDGE_LOOP('',(#702,#703,#704));
#4245=EDGE_LOOP('',(#705,#706,#707,#708));
#4246=EDGE_LOOP('',(#709,#710,#711,#712));
#4247=EDGE_LOOP('',(#713,#714,#715));
#4248=EDGE_LOOP('',(#716,#717,#718,#719));
#4249=EDGE_LOOP('',(#720,#721,#722,#723));
#4250=EDGE_LOOP('',(#724,#725,#726));
#4251=EDGE_LOOP('',(#727,#728,#729,#730));
#4252=EDGE_LOOP('',(#731,#732,#733,#734,#735,#736));
#4253=EDGE_LOOP('',(#737,#738,#739));
#4254=EDGE_LOOP('',(#740,#741,#742,#743));
#4255=EDGE_LOOP('',(#744,#745,#746,#747));
#4256=EDGE_LOOP('',(#748,#749,#750,#751));
#4257=EDGE_LOOP('',(#752,#753,#754,#755));
#4258=EDGE_LOOP('',(#756,#757,#758,#759));
#4259=EDGE_LOOP('',(#760,#761,#762,#763));
#4260=EDGE_LOOP('',(#764,#765,#766,#767));
#4261=EDGE_LOOP('',(#768,#769,#770,#771));
#4262=EDGE_LOOP('',(#772,#773,#774,#775));
#4263=EDGE_LOOP('',(#776,#777,#778,#779));
#4264=EDGE_LOOP('',(#780,#781,#782,#783));
#4265=EDGE_LOOP('',(#784,#785,#786,#787));
#4266=EDGE_LOOP('',(#788,#789,#790,#791));
#4267=EDGE_LOOP('',(#792,#793,#794,#795));
#4268=EDGE_LOOP('',(#796,#797,#798,#799));
#4269=EDGE_LOOP('',(#800,#801,#802,#803,#804,#805));
#4270=EDGE_LOOP('',(#806,#807,#808));
#4271=EDGE_LOOP('',(#809,#810,#811,#812));
#4272=EDGE_LOOP('',(#813,#814,#815,#816,#817));
#4273=EDGE_LOOP('',(#818,#819,#820,#821,#822));
#4274=EDGE_LOOP('',(#823,#824,#825,#826,#827,#828,#829,#830,#831,#832));
#4275=EDGE_LOOP('',(#833,#834,#835,#836));
#4276=EDGE_LOOP('',(#837,#838,#839,#840));
#4277=EDGE_LOOP('',(#841,#842,#843,#844));
#4278=EDGE_LOOP('',(#845,#846,#847,#848));
#4279=EDGE_LOOP('',(#849,#850,#851,#852));
#4280=EDGE_LOOP('',(#853,#854,#855,#856));
#4281=EDGE_LOOP('',(#857,#858,#859,#860));
#4282=EDGE_LOOP('',(#861,#862,#863,#864));
#4283=EDGE_LOOP('',(#865,#866,#867,#868));
#4284=EDGE_LOOP('',(#869,#870,#871,#872));
#4285=EDGE_LOOP('',(#873,#874,#875,#876));
#4286=EDGE_LOOP('',(#877,#878,#879,#880,#881,#882,#883));
#4287=EDGE_LOOP('',(#884,#885,#886,#887));
#4288=EDGE_LOOP('',(#888,#889,#890,#891));
#4289=EDGE_LOOP('',(#892,#893,#894,#895));
#4290=EDGE_LOOP('',(#896,#897,#898,#899));
#4291=EDGE_LOOP('',(#900,#901,#902,#903));
#4292=EDGE_LOOP('',(#904,#905,#906,#907));
#4293=EDGE_LOOP('',(#908,#909,#910,#911));
#4294=EDGE_LOOP('',(#912,#913,#914,#915));
#4295=EDGE_LOOP('',(#916,#917,#918,#919));
#4296=EDGE_LOOP('',(#920,#921,#922,#923));
#4297=EDGE_LOOP('',(#924,#925,#926,#927));
#4298=EDGE_LOOP('',(#928,#929,#930,#931));
#4299=EDGE_LOOP('',(#932,#933,#934,#935));
#4300=EDGE_LOOP('',(#936,#937,#938,#939));
#4301=EDGE_LOOP('',(#940,#941,#942,#943));
#4302=EDGE_LOOP('',(#944,#945,#946,#947));
#4303=EDGE_LOOP('',(#948,#949,#950,#951));
#4304=EDGE_LOOP('',(#952,#953,#954,#955));
#4305=EDGE_LOOP('',(#956,#957,#958,#959));
#4306=EDGE_LOOP('',(#960,#961,#962,#963,#964,#965));
#4307=EDGE_LOOP('',(#966,#967,#968,#969));
#4308=EDGE_LOOP('',(#970,#971,#972,#973,#974,#975));
#4309=EDGE_LOOP('',(#976,#977,#978,#979));
#4310=EDGE_LOOP('',(#980,#981,#982,#983));
#4311=EDGE_LOOP('',(#984,#985,#986,#987));
#4312=EDGE_LOOP('',(#988,#989,#990,#991));
#4313=EDGE_LOOP('',(#992));
#4314=EDGE_LOOP('',(#993));
#4315=EDGE_LOOP('',(#994));
#4316=EDGE_LOOP('',(#995));
#4317=EDGE_LOOP('',(#996,#997,#998,#999,#1000,#1001,#1002,#1003,#1004,#1005));
#4318=EDGE_LOOP('',(#1006,#1007,#1008));
#4319=EDGE_LOOP('',(#1009,#1010,#1011));
#4320=EDGE_LOOP('',(#1012,#1013,#1014));
#4321=EDGE_LOOP('',(#1015,#1016,#1017));
#4322=EDGE_LOOP('',(#1018,#1019,#1020,#1021,#1022,#1023,#1024,#1025,#1026,
#1027,#1028,#1029,#1030,#1031,#1032,#1033,#1034,#1035,#1036,#1037,#1038));
#4323=EDGE_LOOP('',(#1039,#1040,#1041,#1042,#1043,#1044,#1045,#1046,#1047,
#1048,#1049,#1050));
#4324=EDGE_LOOP('',(#1051,#1052,#1053));
#4325=EDGE_LOOP('',(#1054,#1055,#1056));
#4326=EDGE_LOOP('',(#1057,#1058,#1059));
#4327=EDGE_LOOP('',(#1060,#1061,#1062));
#4328=EDGE_LOOP('',(#1063,#1064,#1065));
#4329=EDGE_LOOP('',(#1066,#1067,#1068));
#4330=EDGE_LOOP('',(#1069,#1070,#1071));
#4331=EDGE_LOOP('',(#1072,#1073,#1074));
#4332=EDGE_LOOP('',(#1075,#1076,#1077));
#4333=EDGE_LOOP('',(#1078,#1079,#1080));
#4334=EDGE_LOOP('',(#1081,#1082,#1083));
#4335=EDGE_LOOP('',(#1084,#1085,#1086));
#4336=EDGE_LOOP('',(#1087,#1088,#1089,#1090,#1091,#1092,#1093,#1094,#1095,
#1096));
#4337=EDGE_LOOP('',(#1097,#1098,#1099));
#4338=EDGE_LOOP('',(#1100,#1101,#1102,#1103));
#4339=EDGE_LOOP('',(#1104,#1105,#1106,#1107));
#4340=EDGE_LOOP('',(#1108,#1109,#1110,#1111));
#4341=EDGE_LOOP('',(#1112,#1113,#1114,#1115));
#4342=EDGE_LOOP('',(#1116,#1117,#1118,#1119,#1120,#1121,#1122,#1123,#1124,
#1125,#1126,#1127,#1128,#1129,#1130,#1131,#1132,#1133,#1134,#1135,#1136,
#1137,#1138,#1139,#1140,#1141,#1142,#1143));
#4343=EDGE_LOOP('',(#1144,#1145,#1146,#1147,#1148,#1149));
#4344=EDGE_LOOP('',(#1150,#1151,#1152,#1153));
#4345=EDGE_LOOP('',(#1154));
#4346=EDGE_LOOP('',(#1155));
#4347=EDGE_LOOP('',(#1156));
#4348=EDGE_LOOP('',(#1157));
#4349=EDGE_LOOP('',(#1158,#1159,#1160,#1161,#1162,#1163,#1164,#1165,#1166,
#1167));
#4350=EDGE_LOOP('',(#1168));
#4351=EDGE_LOOP('',(#1169));
#4352=EDGE_LOOP('',(#1170,#1171,#1172));
#4353=EDGE_LOOP('',(#1173,#1174,#1175,#1176));
#4354=EDGE_LOOP('',(#1177,#1178,#1179,#1180));
#4355=EDGE_LOOP('',(#1181,#1182,#1183,#1184,#1185,#1186,#1187,#1188,#1189,
#1190,#1191,#1192));
#4356=EDGE_LOOP('',(#1193,#1194,#1195,#1196));
#4357=EDGE_LOOP('',(#1197,#1198,#1199,#1200));
#4358=EDGE_LOOP('',(#1201,#1202,#1203,#1204));
#4359=EDGE_LOOP('',(#1205,#1206,#1207,#1208));
#4360=EDGE_LOOP('',(#1209,#1210,#1211,#1212));
#4361=EDGE_LOOP('',(#1213,#1214,#1215,#1216));
#4362=EDGE_LOOP('',(#1217,#1218,#1219));
#4363=EDGE_LOOP('',(#1220,#1221,#1222,#1223));
#4364=EDGE_LOOP('',(#1224,#1225,#1226,#1227));
#4365=EDGE_LOOP('',(#1228,#1229,#1230));
#4366=EDGE_LOOP('',(#1231,#1232,#1233,#1234));
#4367=EDGE_LOOP('',(#1235,#1236,#1237,#1238));
#4368=EDGE_LOOP('',(#1239,#1240,#1241));
#4369=EDGE_LOOP('',(#1242,#1243,#1244,#1245));
#4370=EDGE_LOOP('',(#1246,#1247,#1248,#1249));
#4371=EDGE_LOOP('',(#1250,#1251,#1252));
#4372=EDGE_LOOP('',(#1253,#1254,#1255,#1256));
#4373=EDGE_LOOP('',(#1257,#1258,#1259,#1260));
#4374=EDGE_LOOP('',(#1261,#1262,#1263));
#4375=EDGE_LOOP('',(#1264,#1265,#1266,#1267));
#4376=EDGE_LOOP('',(#1268,#1269,#1270,#1271));
#4377=EDGE_LOOP('',(#1272,#1273,#1274));
#4378=EDGE_LOOP('',(#1275,#1276,#1277,#1278));
#4379=EDGE_LOOP('',(#1279,#1280,#1281,#1282));
#4380=EDGE_LOOP('',(#1283,#1284,#1285));
#4381=EDGE_LOOP('',(#1286,#1287,#1288,#1289,#1290,#1291));
#4382=EDGE_LOOP('',(#1292,#1293,#1294,#1295,#1296,#1297));
#4383=EDGE_LOOP('',(#1298,#1299,#1300,#1301));
#4384=EDGE_LOOP('',(#1302,#1303,#1304));
#4385=EDGE_LOOP('',(#1305,#1306,#1307,#1308));
#4386=EDGE_LOOP('',(#1309,#1310,#1311,#1312));
#4387=EDGE_LOOP('',(#1313,#1314,#1315));
#4388=EDGE_LOOP('',(#1316,#1317,#1318,#1319));
#4389=EDGE_LOOP('',(#1320,#1321,#1322,#1323));
#4390=EDGE_LOOP('',(#1324,#1325,#1326));
#4391=EDGE_LOOP('',(#1327,#1328,#1329,#1330));
#4392=EDGE_LOOP('',(#1331,#1332,#1333,#1334));
#4393=EDGE_LOOP('',(#1335,#1336,#1337));
#4394=EDGE_LOOP('',(#1338,#1339,#1340,#1341));
#4395=EDGE_LOOP('',(#1342,#1343,#1344,#1345));
#4396=EDGE_LOOP('',(#1346,#1347,#1348));
#4397=EDGE_LOOP('',(#1349,#1350,#1351,#1352));
#4398=EDGE_LOOP('',(#1353,#1354,#1355,#1356));
#4399=EDGE_LOOP('',(#1357,#1358,#1359));
#4400=EDGE_LOOP('',(#1360,#1361,#1362,#1363));
#4401=EDGE_LOOP('',(#1364,#1365,#1366,#1367));
#4402=EDGE_LOOP('',(#1368,#1369,#1370));
#4403=EDGE_LOOP('',(#1371,#1372,#1373,#1374));
#4404=EDGE_LOOP('',(#1375,#1376,#1377,#1378));
#4405=EDGE_LOOP('',(#1379,#1380,#1381));
#4406=EDGE_LOOP('',(#1382,#1383,#1384,#1385));
#4407=EDGE_LOOP('',(#1386,#1387,#1388,#1389));
#4408=EDGE_LOOP('',(#1390,#1391,#1392));
#4409=EDGE_LOOP('',(#1393,#1394,#1395,#1396));
#4410=EDGE_LOOP('',(#1397,#1398,#1399,#1400,#1401,#1402));
#4411=EDGE_LOOP('',(#1403,#1404,#1405));
#4412=EDGE_LOOP('',(#1406,#1407,#1408));
#4413=EDGE_LOOP('',(#1409,#1410,#1411,#1412));
#4414=EDGE_LOOP('',(#1413,#1414,#1415,#1416));
#4415=EDGE_LOOP('',(#1417,#1418,#1419));
#4416=EDGE_LOOP('',(#1420,#1421,#1422,#1423));
#4417=EDGE_LOOP('',(#1424,#1425,#1426,#1427));
#4418=EDGE_LOOP('',(#1428,#1429,#1430));
#4419=EDGE_LOOP('',(#1431,#1432,#1433,#1434));
#4420=EDGE_LOOP('',(#1435,#1436,#1437,#1438));
#4421=EDGE_LOOP('',(#1439,#1440,#1441));
#4422=EDGE_LOOP('',(#1442,#1443,#1444,#1445));
#4423=EDGE_LOOP('',(#1446,#1447,#1448,#1449,#1450,#1451));
#4424=EDGE_LOOP('',(#1452,#1453,#1454));
#4425=EDGE_LOOP('',(#1455,#1456,#1457,#1458));
#4426=EDGE_LOOP('',(#1459,#1460,#1461,#1462));
#4427=EDGE_LOOP('',(#1463,#1464,#1465,#1466));
#4428=EDGE_LOOP('',(#1467,#1468,#1469,#1470,#1471,#1472,#1473,#1474,#1475,
#1476));
#4429=EDGE_LOOP('',(#1477,#1478,#1479,#1480));
#4430=EDGE_LOOP('',(#1481,#1482,#1483,#1484));
#4431=EDGE_LOOP('',(#1485,#1486,#1487,#1488));
#4432=EDGE_LOOP('',(#1489,#1490,#1491,#1492));
#4433=EDGE_LOOP('',(#1493,#1494,#1495,#1496));
#4434=EDGE_LOOP('',(#1497,#1498,#1499,#1500));
#4435=EDGE_LOOP('',(#1501,#1502,#1503,#1504));
#4436=EDGE_LOOP('',(#1505,#1506,#1507,#1508));
#4437=EDGE_LOOP('',(#1509,#1510,#1511,#1512));
#4438=EDGE_LOOP('',(#1513,#1514,#1515,#1516));
#4439=EDGE_LOOP('',(#1517,#1518,#1519,#1520));
#4440=EDGE_LOOP('',(#1521,#1522,#1523,#1524,#1525,#1526,#1527));
#4441=EDGE_LOOP('',(#1528,#1529,#1530,#1531,#1532,#1533));
#4442=EDGE_LOOP('',(#1534,#1535,#1536,#1537));
#4443=EDGE_LOOP('',(#1538,#1539,#1540,#1541));
#4444=EDGE_LOOP('',(#1542,#1543,#1544,#1545));
#4445=EDGE_LOOP('',(#1546,#1547,#1548,#1549));
#4446=EDGE_LOOP('',(#1550,#1551,#1552,#1553));
#4447=EDGE_LOOP('',(#1554,#1555,#1556,#1557));
#4448=EDGE_LOOP('',(#1558,#1559,#1560,#1561));
#4449=EDGE_LOOP('',(#1562,#1563,#1564,#1565));
#4450=EDGE_LOOP('',(#1566,#1567,#1568,#1569));
#4451=EDGE_LOOP('',(#1570,#1571,#1572,#1573));
#4452=EDGE_LOOP('',(#1574,#1575,#1576,#1577));
#4453=EDGE_LOOP('',(#1578,#1579,#1580,#1581));
#4454=EDGE_LOOP('',(#1582,#1583,#1584,#1585));
#4455=EDGE_LOOP('',(#1586,#1587,#1588,#1589));
#4456=EDGE_LOOP('',(#1590,#1591,#1592,#1593));
#4457=EDGE_LOOP('',(#1594,#1595,#1596,#1597));
#4458=EDGE_LOOP('',(#1598,#1599,#1600,#1601));
#4459=EDGE_LOOP('',(#1602,#1603,#1604,#1605));
#4460=EDGE_LOOP('',(#1606,#1607,#1608,#1609));
#4461=EDGE_LOOP('',(#1610,#1611,#1612,#1613,#1614,#1615));
#4462=EDGE_LOOP('',(#1616,#1617,#1618,#1619));
#4463=EDGE_LOOP('',(#1620,#1621,#1622,#1623,#1624,#1625));
#4464=EDGE_LOOP('',(#1626,#1627,#1628,#1629));
#4465=EDGE_LOOP('',(#1630,#1631,#1632,#1633));
#4466=EDGE_LOOP('',(#1634,#1635,#1636,#1637));
#4467=EDGE_LOOP('',(#1638,#1639,#1640,#1641));
#4468=EDGE_LOOP('',(#1642,#1643,#1644,#1645));
#4469=EDGE_LOOP('',(#1646,#1647,#1648,#1649));
#4470=EDGE_LOOP('',(#1650,#1651,#1652,#1653));
#4471=EDGE_LOOP('',(#1654,#1655,#1656,#1657));
#4472=EDGE_LOOP('',(#1658,#1659,#1660,#1661));
#4473=EDGE_LOOP('',(#1662,#1663,#1664,#1665));
#4474=EDGE_LOOP('',(#1666,#1667,#1668,#1669));
#4475=EDGE_LOOP('',(#1670,#1671,#1672,#1673));
#4476=EDGE_LOOP('',(#1674,#1675,#1676,#1677));
#4477=EDGE_LOOP('',(#1678,#1679,#1680,#1681));
#4478=EDGE_LOOP('',(#1682,#1683,#1684,#1685));
#4479=EDGE_LOOP('',(#1686,#1687,#1688,#1689));
#4480=EDGE_LOOP('',(#1690,#1691,#1692,#1693));
#4481=EDGE_LOOP('',(#1694,#1695,#1696,#1697));
#4482=EDGE_LOOP('',(#1698,#1699,#1700,#1701,#1702,#1703,#1704,#1705,#1706,
#1707,#1708));
#4483=EDGE_LOOP('',(#1709,#1710,#1711,#1712,#1713,#1714,#1715,#1716,#1717,
#1718,#1719));
#4484=EDGE_LOOP('',(#1720,#1721,#1722,#1723));
#4485=EDGE_LOOP('',(#1724,#1725,#1726,#1727));
#4486=EDGE_LOOP('',(#1728,#1729,#1730,#1731));
#4487=EDGE_LOOP('',(#1732,#1733,#1734,#1735));
#4488=EDGE_LOOP('',(#1736,#1737,#1738,#1739));
#4489=EDGE_LOOP('',(#1740,#1741,#1742,#1743));
#4490=EDGE_LOOP('',(#1744));
#4491=EDGE_LOOP('',(#1745));
#4492=EDGE_LOOP('',(#1746));
#4493=EDGE_LOOP('',(#1747));
#4494=EDGE_LOOP('',(#1748));
#4495=EDGE_LOOP('',(#1749));
#4496=EDGE_LOOP('',(#1750));
#4497=EDGE_LOOP('',(#1751));
#4498=EDGE_LOOP('',(#1752));
#4499=EDGE_LOOP('',(#1753));
#4500=EDGE_LOOP('',(#1754));
#4501=EDGE_LOOP('',(#1755));
#4502=EDGE_LOOP('',(#1756));
#4503=EDGE_LOOP('',(#1757));
#4504=EDGE_LOOP('',(#1758));
#4505=EDGE_LOOP('',(#1759));
#4506=FACE_BOUND('',#4156,.T.);
#4507=FACE_BOUND('',#4157,.T.);
#4508=FACE_BOUND('',#4158,.T.);
#4509=FACE_BOUND('',#4159,.T.);
#4510=FACE_BOUND('',#4160,.T.);
#4511=FACE_BOUND('',#4161,.T.);
#4512=FACE_BOUND('',#4162,.T.);
#4513=FACE_BOUND('',#4163,.T.);
#4514=FACE_BOUND('',#4164,.T.);
#4515=FACE_BOUND('',#4165,.T.);
#4516=FACE_BOUND('',#4166,.T.);
#4517=FACE_BOUND('',#4167,.T.);
#4518=FACE_BOUND('',#4168,.T.);
#4519=FACE_BOUND('',#4169,.T.);
#4520=FACE_BOUND('',#4170,.T.);
#4521=FACE_BOUND('',#4171,.T.);
#4522=FACE_BOUND('',#4172,.T.);
#4523=FACE_BOUND('',#4173,.T.);
#4524=FACE_BOUND('',#4174,.T.);
#4525=FACE_BOUND('',#4175,.T.);
#4526=FACE_BOUND('',#4176,.T.);
#4527=FACE_BOUND('',#4177,.T.);
#4528=FACE_BOUND('',#4178,.T.);
#4529=FACE_BOUND('',#4179,.T.);
#4530=FACE_BOUND('',#4180,.T.);
#4531=FACE_BOUND('',#4181,.T.);
#4532=FACE_BOUND('',#4182,.T.);
#4533=FACE_BOUND('',#4183,.T.);
#4534=FACE_BOUND('',#4184,.T.);
#4535=FACE_BOUND('',#4185,.T.);
#4536=FACE_BOUND('',#4186,.T.);
#4537=FACE_BOUND('',#4187,.T.);
#4538=FACE_BOUND('',#4188,.T.);
#4539=FACE_BOUND('',#4189,.T.);
#4540=FACE_BOUND('',#4190,.T.);
#4541=FACE_BOUND('',#4191,.T.);
#4542=FACE_BOUND('',#4192,.T.);
#4543=FACE_BOUND('',#4193,.T.);
#4544=FACE_BOUND('',#4194,.T.);
#4545=FACE_BOUND('',#4195,.T.);
#4546=FACE_BOUND('',#4196,.T.);
#4547=FACE_BOUND('',#4197,.T.);
#4548=FACE_BOUND('',#4198,.T.);
#4549=FACE_BOUND('',#4199,.T.);
#4550=FACE_BOUND('',#4200,.T.);
#4551=FACE_BOUND('',#4201,.T.);
#4552=FACE_BOUND('',#4202,.T.);
#4553=FACE_BOUND('',#4203,.T.);
#4554=FACE_BOUND('',#4204,.T.);
#4555=FACE_BOUND('',#4205,.T.);
#4556=FACE_BOUND('',#4206,.T.);
#4557=FACE_BOUND('',#4207,.T.);
#4558=FACE_BOUND('',#4208,.T.);
#4559=FACE_BOUND('',#4209,.T.);
#4560=FACE_BOUND('',#4210,.T.);
#4561=FACE_BOUND('',#4211,.T.);
#4562=FACE_BOUND('',#4212,.T.);
#4563=FACE_BOUND('',#4213,.T.);
#4564=FACE_BOUND('',#4214,.T.);
#4565=FACE_BOUND('',#4215,.T.);
#4566=FACE_BOUND('',#4216,.T.);
#4567=FACE_BOUND('',#4217,.T.);
#4568=FACE_BOUND('',#4218,.T.);
#4569=FACE_BOUND('',#4219,.T.);
#4570=FACE_BOUND('',#4220,.T.);
#4571=FACE_BOUND('',#4221,.T.);
#4572=FACE_BOUND('',#4222,.T.);
#4573=FACE_BOUND('',#4223,.T.);
#4574=FACE_BOUND('',#4224,.T.);
#4575=FACE_BOUND('',#4225,.T.);
#4576=FACE_BOUND('',#4226,.T.);
#4577=FACE_BOUND('',#4227,.T.);
#4578=FACE_BOUND('',#4228,.T.);
#4579=FACE_BOUND('',#4229,.T.);
#4580=FACE_BOUND('',#4230,.T.);
#4581=FACE_BOUND('',#4231,.T.);
#4582=FACE_BOUND('',#4232,.T.);
#4583=FACE_BOUND('',#4233,.T.);
#4584=FACE_BOUND('',#4234,.T.);
#4585=FACE_BOUND('',#4235,.T.);
#4586=FACE_BOUND('',#4236,.T.);
#4587=FACE_BOUND('',#4237,.T.);
#4588=FACE_BOUND('',#4238,.T.);
#4589=FACE_BOUND('',#4239,.T.);
#4590=FACE_BOUND('',#4240,.T.);
#4591=FACE_BOUND('',#4241,.T.);
#4592=FACE_BOUND('',#4242,.T.);
#4593=FACE_BOUND('',#4243,.T.);
#4594=FACE_BOUND('',#4244,.T.);
#4595=FACE_BOUND('',#4245,.T.);
#4596=FACE_BOUND('',#4246,.T.);
#4597=FACE_BOUND('',#4247,.T.);
#4598=FACE_BOUND('',#4248,.T.);
#4599=FACE_BOUND('',#4249,.T.);
#4600=FACE_BOUND('',#4250,.T.);
#4601=FACE_BOUND('',#4251,.T.);
#4602=FACE_BOUND('',#4252,.T.);
#4603=FACE_BOUND('',#4253,.T.);
#4604=FACE_BOUND('',#4254,.T.);
#4605=FACE_BOUND('',#4255,.T.);
#4606=FACE_BOUND('',#4256,.T.);
#4607=FACE_BOUND('',#4257,.T.);
#4608=FACE_BOUND('',#4258,.T.);
#4609=FACE_BOUND('',#4259,.T.);
#4610=FACE_BOUND('',#4260,.T.);
#4611=FACE_BOUND('',#4261,.T.);
#4612=FACE_BOUND('',#4262,.T.);
#4613=FACE_BOUND('',#4263,.T.);
#4614=FACE_BOUND('',#4264,.T.);
#4615=FACE_BOUND('',#4265,.T.);
#4616=FACE_BOUND('',#4266,.T.);
#4617=FACE_BOUND('',#4267,.T.);
#4618=FACE_BOUND('',#4268,.T.);
#4619=FACE_BOUND('',#4269,.T.);
#4620=FACE_BOUND('',#4270,.T.);
#4621=FACE_BOUND('',#4271,.T.);
#4622=FACE_BOUND('',#4272,.T.);
#4623=FACE_BOUND('',#4273,.T.);
#4624=FACE_BOUND('',#4274,.T.);
#4625=FACE_BOUND('',#4275,.T.);
#4626=FACE_BOUND('',#4276,.T.);
#4627=FACE_BOUND('',#4277,.T.);
#4628=FACE_BOUND('',#4278,.T.);
#4629=FACE_BOUND('',#4279,.T.);
#4630=FACE_BOUND('',#4280,.T.);
#4631=FACE_BOUND('',#4281,.T.);
#4632=FACE_BOUND('',#4282,.T.);
#4633=FACE_BOUND('',#4283,.T.);
#4634=FACE_BOUND('',#4284,.T.);
#4635=FACE_BOUND('',#4285,.T.);
#4636=FACE_BOUND('',#4286,.T.);
#4637=FACE_BOUND('',#4287,.T.);
#4638=FACE_BOUND('',#4288,.T.);
#4639=FACE_BOUND('',#4289,.T.);
#4640=FACE_BOUND('',#4290,.T.);
#4641=FACE_BOUND('',#4291,.T.);
#4642=FACE_BOUND('',#4292,.T.);
#4643=FACE_BOUND('',#4293,.T.);
#4644=FACE_BOUND('',#4294,.T.);
#4645=FACE_BOUND('',#4295,.T.);
#4646=FACE_BOUND('',#4296,.T.);
#4647=FACE_BOUND('',#4297,.T.);
#4648=FACE_BOUND('',#4298,.T.);
#4649=FACE_BOUND('',#4299,.T.);
#4650=FACE_BOUND('',#4300,.T.);
#4651=FACE_BOUND('',#4301,.T.);
#4652=FACE_BOUND('',#4302,.T.);
#4653=FACE_BOUND('',#4303,.T.);
#4654=FACE_BOUND('',#4304,.T.);
#4655=FACE_BOUND('',#4305,.T.);
#4656=FACE_BOUND('',#4306,.T.);
#4657=FACE_BOUND('',#4307,.T.);
#4658=FACE_BOUND('',#4308,.T.);
#4659=FACE_BOUND('',#4309,.T.);
#4660=FACE_BOUND('',#4310,.T.);
#4661=FACE_BOUND('',#4311,.T.);
#4662=FACE_BOUND('',#4312,.T.);
#4663=FACE_BOUND('',#4313,.T.);
#4664=FACE_BOUND('',#4314,.T.);
#4665=FACE_BOUND('',#4315,.T.);
#4666=FACE_BOUND('',#4316,.T.);
#4667=FACE_BOUND('',#4317,.T.);
#4668=FACE_BOUND('',#4318,.T.);
#4669=FACE_BOUND('',#4319,.T.);
#4670=FACE_BOUND('',#4320,.T.);
#4671=FACE_BOUND('',#4321,.T.);
#4672=FACE_BOUND('',#4322,.T.);
#4673=FACE_BOUND('',#4323,.T.);
#4674=FACE_BOUND('',#4324,.T.);
#4675=FACE_BOUND('',#4325,.T.);
#4676=FACE_BOUND('',#4326,.T.);
#4677=FACE_BOUND('',#4327,.T.);
#4678=FACE_BOUND('',#4328,.T.);
#4679=FACE_BOUND('',#4329,.T.);
#4680=FACE_BOUND('',#4330,.T.);
#4681=FACE_BOUND('',#4331,.T.);
#4682=FACE_BOUND('',#4332,.T.);
#4683=FACE_BOUND('',#4333,.T.);
#4684=FACE_BOUND('',#4334,.T.);
#4685=FACE_BOUND('',#4335,.T.);
#4686=FACE_BOUND('',#4336,.T.);
#4687=FACE_BOUND('',#4337,.T.);
#4688=FACE_BOUND('',#4338,.T.);
#4689=FACE_BOUND('',#4339,.T.);
#4690=FACE_BOUND('',#4340,.T.);
#4691=FACE_BOUND('',#4341,.T.);
#4692=FACE_BOUND('',#4342,.T.);
#4693=FACE_BOUND('',#4343,.T.);
#4694=FACE_BOUND('',#4344,.T.);
#4695=FACE_BOUND('',#4345,.T.);
#4696=FACE_BOUND('',#4346,.T.);
#4697=FACE_BOUND('',#4347,.T.);
#4698=FACE_BOUND('',#4348,.T.);
#4699=FACE_BOUND('',#4349,.T.);
#4700=FACE_BOUND('',#4350,.T.);
#4701=FACE_BOUND('',#4351,.T.);
#4702=FACE_BOUND('',#4352,.T.);
#4703=FACE_BOUND('',#4353,.T.);
#4704=FACE_BOUND('',#4354,.T.);
#4705=FACE_BOUND('',#4355,.T.);
#4706=FACE_BOUND('',#4356,.T.);
#4707=FACE_BOUND('',#4357,.T.);
#4708=FACE_BOUND('',#4358,.T.);
#4709=FACE_BOUND('',#4359,.T.);
#4710=FACE_BOUND('',#4360,.T.);
#4711=FACE_BOUND('',#4361,.T.);
#4712=FACE_BOUND('',#4362,.T.);
#4713=FACE_BOUND('',#4363,.T.);
#4714=FACE_BOUND('',#4364,.T.);
#4715=FACE_BOUND('',#4365,.T.);
#4716=FACE_BOUND('',#4366,.T.);
#4717=FACE_BOUND('',#4367,.T.);
#4718=FACE_BOUND('',#4368,.T.);
#4719=FACE_BOUND('',#4369,.T.);
#4720=FACE_BOUND('',#4370,.T.);
#4721=FACE_BOUND('',#4371,.T.);
#4722=FACE_BOUND('',#4372,.T.);
#4723=FACE_BOUND('',#4373,.T.);
#4724=FACE_BOUND('',#4374,.T.);
#4725=FACE_BOUND('',#4375,.T.);
#4726=FACE_BOUND('',#4376,.T.);
#4727=FACE_BOUND('',#4377,.T.);
#4728=FACE_BOUND('',#4378,.T.);
#4729=FACE_BOUND('',#4379,.T.);
#4730=FACE_BOUND('',#4380,.T.);
#4731=FACE_BOUND('',#4381,.T.);
#4732=FACE_BOUND('',#4382,.T.);
#4733=FACE_BOUND('',#4383,.T.);
#4734=FACE_BOUND('',#4384,.T.);
#4735=FACE_BOUND('',#4385,.T.);
#4736=FACE_BOUND('',#4386,.T.);
#4737=FACE_BOUND('',#4387,.T.);
#4738=FACE_BOUND('',#4388,.T.);
#4739=FACE_BOUND('',#4389,.T.);
#4740=FACE_BOUND('',#4390,.T.);
#4741=FACE_BOUND('',#4391,.T.);
#4742=FACE_BOUND('',#4392,.T.);
#4743=FACE_BOUND('',#4393,.T.);
#4744=FACE_BOUND('',#4394,.T.);
#4745=FACE_BOUND('',#4395,.T.);
#4746=FACE_BOUND('',#4396,.T.);
#4747=FACE_BOUND('',#4397,.T.);
#4748=FACE_BOUND('',#4398,.T.);
#4749=FACE_BOUND('',#4399,.T.);
#4750=FACE_BOUND('',#4400,.T.);
#4751=FACE_BOUND('',#4401,.T.);
#4752=FACE_BOUND('',#4402,.T.);
#4753=FACE_BOUND('',#4403,.T.);
#4754=FACE_BOUND('',#4404,.T.);
#4755=FACE_BOUND('',#4405,.T.);
#4756=FACE_BOUND('',#4406,.T.);
#4757=FACE_BOUND('',#4407,.T.);
#4758=FACE_BOUND('',#4408,.T.);
#4759=FACE_BOUND('',#4409,.T.);
#4760=FACE_BOUND('',#4410,.T.);
#4761=FACE_BOUND('',#4411,.T.);
#4762=FACE_BOUND('',#4412,.T.);
#4763=FACE_BOUND('',#4413,.T.);
#4764=FACE_BOUND('',#4414,.T.);
#4765=FACE_BOUND('',#4415,.T.);
#4766=FACE_BOUND('',#4416,.T.);
#4767=FACE_BOUND('',#4417,.T.);
#4768=FACE_BOUND('',#4418,.T.);
#4769=FACE_BOUND('',#4419,.T.);
#4770=FACE_BOUND('',#4420,.T.);
#4771=FACE_BOUND('',#4421,.T.);
#4772=FACE_BOUND('',#4422,.T.);
#4773=FACE_BOUND('',#4423,.T.);
#4774=FACE_BOUND('',#4424,.T.);
#4775=FACE_BOUND('',#4425,.T.);
#4776=FACE_BOUND('',#4426,.T.);
#4777=FACE_BOUND('',#4427,.T.);
#4778=FACE_BOUND('',#4428,.T.);
#4779=FACE_BOUND('',#4429,.T.);
#4780=FACE_BOUND('',#4430,.T.);
#4781=FACE_BOUND('',#4431,.T.);
#4782=FACE_BOUND('',#4432,.T.);
#4783=FACE_BOUND('',#4433,.T.);
#4784=FACE_BOUND('',#4434,.T.);
#4785=FACE_BOUND('',#4435,.T.);
#4786=FACE_BOUND('',#4436,.T.);
#4787=FACE_BOUND('',#4437,.T.);
#4788=FACE_BOUND('',#4438,.T.);
#4789=FACE_BOUND('',#4439,.T.);
#4790=FACE_BOUND('',#4440,.T.);
#4791=FACE_BOUND('',#4441,.T.);
#4792=FACE_BOUND('',#4442,.T.);
#4793=FACE_BOUND('',#4443,.T.);
#4794=FACE_BOUND('',#4444,.T.);
#4795=FACE_BOUND('',#4445,.T.);
#4796=FACE_BOUND('',#4446,.T.);
#4797=FACE_BOUND('',#4447,.T.);
#4798=FACE_BOUND('',#4448,.T.);
#4799=FACE_BOUND('',#4449,.T.);
#4800=FACE_BOUND('',#4450,.T.);
#4801=FACE_BOUND('',#4451,.T.);
#4802=FACE_BOUND('',#4452,.T.);
#4803=FACE_BOUND('',#4453,.T.);
#4804=FACE_BOUND('',#4454,.T.);
#4805=FACE_BOUND('',#4455,.T.);
#4806=FACE_BOUND('',#4456,.T.);
#4807=FACE_BOUND('',#4457,.T.);
#4808=FACE_BOUND('',#4458,.T.);
#4809=FACE_BOUND('',#4459,.T.);
#4810=FACE_BOUND('',#4460,.T.);
#4811=FACE_BOUND('',#4461,.T.);
#4812=FACE_BOUND('',#4462,.T.);
#4813=FACE_BOUND('',#4463,.T.);
#4814=FACE_BOUND('',#4464,.T.);
#4815=FACE_BOUND('',#4465,.T.);
#4816=FACE_BOUND('',#4466,.T.);
#4817=FACE_BOUND('',#4467,.T.);
#4818=FACE_BOUND('',#4468,.T.);
#4819=FACE_BOUND('',#4469,.T.);
#4820=FACE_BOUND('',#4470,.T.);
#4821=FACE_BOUND('',#4471,.T.);
#4822=FACE_BOUND('',#4472,.T.);
#4823=FACE_BOUND('',#4473,.T.);
#4824=FACE_BOUND('',#4474,.T.);
#4825=FACE_BOUND('',#4475,.T.);
#4826=FACE_BOUND('',#4476,.T.);
#4827=FACE_BOUND('',#4477,.T.);
#4828=FACE_BOUND('',#4478,.T.);
#4829=FACE_BOUND('',#4479,.T.);
#4830=FACE_BOUND('',#4480,.T.);
#4831=FACE_BOUND('',#4481,.T.);
#4832=FACE_BOUND('',#4482,.T.);
#4833=FACE_BOUND('',#4483,.T.);
#4834=FACE_BOUND('',#4484,.T.);
#4835=FACE_BOUND('',#4485,.T.);
#4836=FACE_BOUND('',#4486,.T.);
#4837=FACE_BOUND('',#4487,.T.);
#4838=FACE_BOUND('',#4488,.T.);
#4839=FACE_BOUND('',#4489,.T.);
#4840=FACE_BOUND('',#4490,.T.);
#4841=FACE_BOUND('',#4491,.T.);
#4842=FACE_BOUND('',#4492,.T.);
#4843=FACE_BOUND('',#4493,.T.);
#4844=FACE_BOUND('',#4494,.T.);
#4845=FACE_BOUND('',#4495,.T.);
#4846=FACE_BOUND('',#4496,.T.);
#4847=FACE_BOUND('',#4497,.T.);
#4848=FACE_BOUND('',#4498,.T.);
#4849=FACE_BOUND('',#4499,.T.);
#4850=FACE_BOUND('',#4500,.T.);
#4851=FACE_BOUND('',#4501,.T.);
#4852=FACE_BOUND('',#4502,.T.);
#4853=FACE_BOUND('',#4503,.T.);
#4854=FACE_BOUND('',#4504,.T.);
#4855=FACE_BOUND('',#4505,.T.);
#4856=PLANE('',#6133);
#4857=PLANE('',#6134);
#4858=PLANE('',#6135);
#4859=PLANE('',#6136);
#4860=PLANE('',#6139);
#4861=PLANE('',#6140);
#4862=PLANE('',#6141);
#4863=PLANE('',#6142);
#4864=PLANE('',#6143);
#4865=PLANE('',#6146);
#4866=PLANE('',#6147);
#4867=PLANE('',#6154);
#4868=PLANE('',#6157);
#4869=PLANE('',#6163);
#4870=PLANE('',#6164);
#4871=PLANE('',#6165);
#4872=PLANE('',#6166);
#4873=PLANE('',#6167);
#4874=PLANE('',#6168);
#4875=PLANE('',#6169);
#4876=PLANE('',#6170);
#4877=PLANE('',#6171);
#4878=PLANE('',#6173);
#4879=PLANE('',#6175);
#4880=PLANE('',#6176);
#4881=PLANE('',#6178);
#4882=PLANE('',#6180);
#4883=PLANE('',#6181);
#4884=PLANE('',#6183);
#4885=PLANE('',#6185);
#4886=PLANE('',#6186);
#4887=PLANE('',#6188);
#4888=PLANE('',#6189);
#4889=PLANE('',#6191);
#4890=PLANE('',#6192);
#4891=PLANE('',#6194);
#4892=PLANE('',#6196);
#4893=PLANE('',#6197);
#4894=PLANE('',#6199);
#4895=PLANE('',#6201);
#4896=PLANE('',#6202);
#4897=PLANE('',#6204);
#4898=PLANE('',#6206);
#4899=PLANE('',#6207);
#4900=PLANE('',#6208);
#4901=PLANE('',#6210);
#4902=PLANE('',#6212);
#4903=PLANE('',#6213);
#4904=PLANE('',#6215);
#4905=PLANE('',#6217);
#4906=PLANE('',#6218);
#4907=PLANE('',#6220);
#4908=PLANE('',#6222);
#4909=PLANE('',#6223);
#4910=PLANE('',#6225);
#4911=PLANE('',#6227);
#4912=PLANE('',#6228);
#4913=PLANE('',#6230);
#4914=PLANE('',#6232);
#4915=PLANE('',#6233);
#4916=PLANE('',#6235);
#4917=PLANE('',#6237);
#4918=PLANE('',#6238);
#4919=PLANE('',#6240);
#4920=PLANE('',#6242);
#4921=PLANE('',#6243);
#4922=PLANE('',#6245);
#4923=PLANE('',#6247);
#4924=PLANE('',#6248);
#4925=PLANE('',#6250);
#4926=PLANE('',#6252);
#4927=PLANE('',#6253);
#4928=PLANE('',#6254);
#4929=PLANE('',#6256);
#4930=PLANE('',#6257);
#4931=PLANE('',#6259);
#4932=PLANE('',#6260);
#4933=PLANE('',#6261);
#4934=PLANE('',#6263);
#4935=PLANE('',#6265);
#4936=PLANE('',#6266);
#4937=PLANE('',#6267);
#4938=PLANE('',#6269);
#4939=PLANE('',#6271);
#4940=PLANE('',#6272);
#4941=PLANE('',#6274);
#4942=PLANE('',#6275);
#4943=PLANE('',#6277);
#4944=PLANE('',#6278);
#4945=PLANE('',#6279);
#4946=PLANE('',#6280);
#4947=PLANE('',#6281);
#4948=PLANE('',#6284);
#4949=PLANE('',#6286);
#4950=PLANE('',#6287);
#4951=PLANE('',#6289);
#4952=PLANE('',#6290);
#4953=PLANE('',#6291);
#4954=PLANE('',#6292);
#4955=PLANE('',#6293);
#4956=PLANE('',#6296);
#4957=PLANE('',#6297);
#4958=PLANE('',#6298);
#4959=PLANE('',#6299);
#4960=PLANE('',#6300);
#4961=PLANE('',#6301);
#4962=PLANE('',#6302);
#4963=PLANE('',#6323);
#4964=PLANE('',#6325);
#4965=PLANE('',#6327);
#4966=PLANE('',#6328);
#4967=PLANE('',#6331);
#4968=PLANE('',#6332);
#4969=PLANE('',#6333);
#4970=PLANE('',#6334);
#4971=PLANE('',#6335);
#4972=PLANE('',#6338);
#4973=PLANE('',#6339);
#4974=PLANE('',#6344);
#4975=PLANE('',#6347);
#4976=PLANE('',#6353);
#4977=PLANE('',#6354);
#4978=PLANE('',#6355);
#4979=PLANE('',#6356);
#4980=PLANE('',#6357);
#4981=PLANE('',#6358);
#4982=PLANE('',#6359);
#4983=PLANE('',#6360);
#4984=PLANE('',#6361);
#4985=PLANE('',#6363);
#4986=PLANE('',#6365);
#4987=PLANE('',#6366);
#4988=PLANE('',#6368);
#4989=PLANE('',#6370);
#4990=PLANE('',#6371);
#4991=PLANE('',#6373);
#4992=PLANE('',#6375);
#4993=PLANE('',#6376);
#4994=PLANE('',#6378);
#4995=PLANE('',#6380);
#4996=PLANE('',#6381);
#4997=PLANE('',#6383);
#4998=PLANE('',#6385);
#4999=PLANE('',#6386);
#5000=PLANE('',#6388);
#5001=PLANE('',#6390);
#5002=PLANE('',#6391);
#5003=PLANE('',#6393);
#5004=PLANE('',#6395);
#5005=PLANE('',#6396);
#5006=PLANE('',#6397);
#5007=PLANE('',#6399);
#5008=PLANE('',#6401);
#5009=PLANE('',#6402);
#5010=PLANE('',#6404);
#5011=PLANE('',#6406);
#5012=PLANE('',#6407);
#5013=PLANE('',#6409);
#5014=PLANE('',#6411);
#5015=PLANE('',#6412);
#5016=PLANE('',#6414);
#5017=PLANE('',#6416);
#5018=PLANE('',#6417);
#5019=PLANE('',#6419);
#5020=PLANE('',#6421);
#5021=PLANE('',#6422);
#5022=PLANE('',#6424);
#5023=PLANE('',#6426);
#5024=PLANE('',#6427);
#5025=PLANE('',#6429);
#5026=PLANE('',#6431);
#5027=PLANE('',#6432);
#5028=PLANE('',#6434);
#5029=PLANE('',#6436);
#5030=PLANE('',#6437);
#5031=PLANE('',#6439);
#5032=PLANE('',#6441);
#5033=PLANE('',#6442);
#5034=PLANE('',#6443);
#5035=PLANE('',#6445);
#5036=PLANE('',#6447);
#5037=PLANE('',#6448);
#5038=PLANE('',#6450);
#5039=PLANE('',#6452);
#5040=PLANE('',#6453);
#5041=PLANE('',#6455);
#5042=PLANE('',#6457);
#5043=PLANE('',#6458);
#5044=PLANE('',#6460);
#5045=PLANE('',#6462);
#5046=PLANE('',#6463);
#5047=PLANE('',#6464);
#5048=PLANE('',#6465);
#5049=PLANE('',#6466);
#5050=PLANE('',#6469);
#5051=PLANE('',#6471);
#5052=PLANE('',#6472);
#5053=PLANE('',#6474);
#5054=PLANE('',#6475);
#5055=PLANE('',#6476);
#5056=PLANE('',#6477);
#5057=PLANE('',#6478);
#5058=PLANE('',#6481);
#5059=PLANE('',#6482);
#5060=PLANE('',#6483);
#5061=PLANE('',#6484);
#5062=PLANE('',#6485);
#5063=PLANE('',#6486);
#5064=PLANE('',#6487);
#5065=PLANE('',#6488);
#5066=PLANE('',#6509);
#5067=PLANE('',#6510);
#5068=PLANE('',#6511);
#5069=PLANE('',#6513);
#5070=PLANE('',#6514);
#5071=PLANE('',#6515);
#5072=PLANE('',#6516);
#5073=PLANE('',#6517);
#5074=PLANE('',#6518);
#5075=PLANE('',#6519);
#5076=PLANE('',#6523);
#5077=PLANE('',#6524);
#5078=PLANE('',#6528);
#5079=PLANE('',#6529);
#5080=PLANE('',#6531);
#5081=PLANE('',#6532);
#5082=PLANE('',#6533);
#5083=PLANE('',#6534);
#5084=PLANE('',#6535);
#5085=PLANE('',#6536);
#5086=PLANE('',#6544);
#5087=PLANE('',#6545);
#5088=PLANE('',#6553);
#5089=PLANE('',#6554);
#5090=ADVANCED_FACE('',(#4506),#4856,.F.);
#5091=ADVANCED_FACE('',(#4507),#4857,.F.);
#5092=ADVANCED_FACE('',(#4508),#4858,.F.);
#5093=ADVANCED_FACE('',(#4509,#4510,#4511,#4512,#4513,#4514,#4515,#4516,
#4517,#4518,#4519,#4520,#4521,#4522,#4523,#4524,#4525,#4526,#4527,#4528),
#4859,.F.);
#5094=ADVANCED_FACE('',(#4529),#4860,.T.);
#5095=ADVANCED_FACE('',(#4530),#4861,.F.);
#5096=ADVANCED_FACE('',(#4531),#4862,.F.);
#5097=ADVANCED_FACE('',(#4532),#4863,.T.);
#5098=ADVANCED_FACE('',(#4533),#4864,.F.);
#5099=ADVANCED_FACE('',(#4534),#4865,.F.);
#5100=ADVANCED_FACE('',(#4535),#4866,.T.);
#5101=ADVANCED_FACE('',(#4536,#4537),#136,.F.);
#5102=ADVANCED_FACE('',(#4538,#4539),#137,.F.);
#5103=ADVANCED_FACE('',(#4540,#4541,#4542),#4867,.T.);
#5104=ADVANCED_FACE('',(#4543),#4868,.F.);
#5105=ADVANCED_FACE('',(#4544),#138,.T.);
#5106=ADVANCED_FACE('',(#4545),#139,.T.);
#5107=ADVANCED_FACE('',(#4546),#4869,.F.);
#5108=ADVANCED_FACE('',(#4547),#4870,.F.);
#5109=ADVANCED_FACE('',(#4548),#4871,.F.);
#5110=ADVANCED_FACE('',(#4549),#4872,.F.);
#5111=ADVANCED_FACE('',(#4550),#4873,.F.);
#5112=ADVANCED_FACE('',(#4551),#4874,.F.);
#5113=ADVANCED_FACE('',(#4552),#4875,.F.);
#5114=ADVANCED_FACE('',(#4553),#4876,.F.);
#5115=ADVANCED_FACE('',(#4554),#4877,.F.);
#5116=ADVANCED_FACE('',(#4555),#4878,.T.);
#5117=ADVANCED_FACE('',(#4556),#4879,.F.);
#5118=ADVANCED_FACE('',(#4557),#4880,.F.);
#5119=ADVANCED_FACE('',(#4558),#4881,.T.);
#5120=ADVANCED_FACE('',(#4559),#4882,.F.);
#5121=ADVANCED_FACE('',(#4560),#4883,.F.);
#5122=ADVANCED_FACE('',(#4561),#4884,.T.);
#5123=ADVANCED_FACE('',(#4562),#4885,.F.);
#5124=ADVANCED_FACE('',(#4563),#4886,.T.);
#5125=ADVANCED_FACE('',(#4564),#4887,.F.);
#5126=ADVANCED_FACE('',(#4565),#4888,.F.);
#5127=ADVANCED_FACE('',(#4566),#4889,.F.);
#5128=ADVANCED_FACE('',(#4567),#4890,.F.);
#5129=ADVANCED_FACE('',(#4568),#4891,.T.);
#5130=ADVANCED_FACE('',(#4569),#4892,.F.);
#5131=ADVANCED_FACE('',(#4570),#4893,.F.);
#5132=ADVANCED_FACE('',(#4571),#4894,.T.);
#5133=ADVANCED_FACE('',(#4572),#4895,.F.);
#5134=ADVANCED_FACE('',(#4573),#4896,.F.);
#5135=ADVANCED_FACE('',(#4574),#4897,.T.);
#5136=ADVANCED_FACE('',(#4575),#4898,.T.);
#5137=ADVANCED_FACE('',(#4576),#4899,.F.);
#5138=ADVANCED_FACE('',(#4577),#4900,.F.);
#5139=ADVANCED_FACE('',(#4578),#4901,.T.);
#5140=ADVANCED_FACE('',(#4579),#4902,.F.);
#5141=ADVANCED_FACE('',(#4580),#4903,.T.);
#5142=ADVANCED_FACE('',(#4581),#4904,.F.);
#5143=ADVANCED_FACE('',(#4582),#4905,.F.);
#5144=ADVANCED_FACE('',(#4583),#4906,.T.);
#5145=ADVANCED_FACE('',(#4584),#4907,.F.);
#5146=ADVANCED_FACE('',(#4585),#4908,.F.);
#5147=ADVANCED_FACE('',(#4586),#4909,.T.);
#5148=ADVANCED_FACE('',(#4587),#4910,.F.);
#5149=ADVANCED_FACE('',(#4588),#4911,.F.);
#5150=ADVANCED_FACE('',(#4589),#4912,.F.);
#5151=ADVANCED_FACE('',(#4590),#4913,.T.);
#5152=ADVANCED_FACE('',(#4591),#4914,.F.);
#5153=ADVANCED_FACE('',(#4592),#4915,.F.);
#5154=ADVANCED_FACE('',(#4593),#4916,.T.);
#5155=ADVANCED_FACE('',(#4594),#4917,.F.);
#5156=ADVANCED_FACE('',(#4595),#4918,.T.);
#5157=ADVANCED_FACE('',(#4596),#4919,.T.);
#5158=ADVANCED_FACE('',(#4597),#4920,.F.);
#5159=ADVANCED_FACE('',(#4598),#4921,.T.);
#5160=ADVANCED_FACE('',(#4599),#4922,.T.);
#5161=ADVANCED_FACE('',(#4600),#4923,.F.);
#5162=ADVANCED_FACE('',(#4601),#4924,.F.);
#5163=ADVANCED_FACE('',(#4602),#4925,.T.);
#5164=ADVANCED_FACE('',(#4603),#4926,.T.);
#5165=ADVANCED_FACE('',(#4604),#4927,.F.);
#5166=ADVANCED_FACE('',(#4605),#4928,.T.);
#5167=ADVANCED_FACE('',(#4606),#4929,.F.);
#5168=ADVANCED_FACE('',(#4607),#4930,.F.);
#5169=ADVANCED_FACE('',(#4608),#4931,.F.);
#5170=ADVANCED_FACE('',(#4609),#4932,.T.);
#5171=ADVANCED_FACE('',(#4610),#4933,.F.);
#5172=ADVANCED_FACE('',(#4611),#4934,.T.);
#5173=ADVANCED_FACE('',(#4612),#4935,.F.);
#5174=ADVANCED_FACE('',(#4613),#4936,.T.);
#5175=ADVANCED_FACE('',(#4614),#4937,.F.);
#5176=ADVANCED_FACE('',(#4615),#4938,.T.);
#5177=ADVANCED_FACE('',(#4616),#4939,.F.);
#5178=ADVANCED_FACE('',(#4617),#4940,.T.);
#5179=ADVANCED_FACE('',(#4618),#4941,.F.);
#5180=ADVANCED_FACE('',(#4619),#4942,.T.);
#5181=ADVANCED_FACE('',(#4620),#4943,.T.);
#5182=ADVANCED_FACE('',(#4621),#4944,.T.);
#5183=ADVANCED_FACE('',(#4622),#4945,.F.);
#5184=ADVANCED_FACE('',(#4623),#4946,.T.);
#5185=ADVANCED_FACE('',(#4624),#4947,.F.);
#5186=ADVANCED_FACE('',(#4625),#4948,.T.);
#5187=ADVANCED_FACE('',(#4626),#140,.T.);
#5188=ADVANCED_FACE('',(#4627),#4949,.T.);
#5189=ADVANCED_FACE('',(#4628),#4950,.T.);
#5190=ADVANCED_FACE('',(#4629),#141,.F.);
#5191=ADVANCED_FACE('',(#4630),#4951,.F.);
#5192=ADVANCED_FACE('',(#4631),#4952,.T.);
#5193=ADVANCED_FACE('',(#4632),#4953,.F.);
#5194=ADVANCED_FACE('',(#4633),#4954,.T.);
#5195=ADVANCED_FACE('',(#4634),#4955,.T.);
#5196=ADVANCED_FACE('',(#4635),#142,.T.);
#5197=ADVANCED_FACE('',(#4636),#4956,.F.);
#5198=ADVANCED_FACE('',(#4637),#4957,.F.);
#5199=ADVANCED_FACE('',(#4638),#4958,.F.);
#5200=ADVANCED_FACE('',(#4639),#4959,.F.);
#5201=ADVANCED_FACE('',(#4640),#4960,.F.);
#5202=ADVANCED_FACE('',(#4641),#4961,.F.);
#5203=ADVANCED_FACE('',(#4642),#4962,.F.);
#5204=ADVANCED_FACE('',(#4643),#143,.T.);
#5205=ADVANCED_FACE('',(#4644),#144,.T.);
#5206=ADVANCED_FACE('',(#4645),#145,.T.);
#5207=ADVANCED_FACE('',(#4646),#146,.T.);
#5208=ADVANCED_FACE('',(#4647),#147,.T.);
#5209=ADVANCED_FACE('',(#4648),#148,.T.);
#5210=ADVANCED_FACE('',(#4649),#149,.T.);
#5211=ADVANCED_FACE('',(#4650),#150,.T.);
#5212=ADVANCED_FACE('',(#4651),#151,.T.);
#5213=ADVANCED_FACE('',(#4652),#152,.T.);
#5214=ADVANCED_FACE('',(#4653),#153,.T.);
#5215=ADVANCED_FACE('',(#4654),#154,.T.);
#5216=ADVANCED_FACE('',(#4655),#155,.T.);
#5217=ADVANCED_FACE('',(#4656),#156,.T.);
#5218=ADVANCED_FACE('',(#4657),#157,.T.);
#5219=ADVANCED_FACE('',(#4658),#158,.T.);
#5220=ADVANCED_FACE('',(#4659),#159,.T.);
#5221=ADVANCED_FACE('',(#4660),#160,.T.);
#5222=ADVANCED_FACE('',(#4661),#161,.T.);
#5223=ADVANCED_FACE('',(#4662),#162,.T.);
#5224=ADVANCED_FACE('',(#4663,#4664),#4963,.T.);
#5225=ADVANCED_FACE('',(#4665,#4666),#4964,.T.);
#5226=ADVANCED_FACE('',(#4667),#4965,.T.);
#5227=ADVANCED_FACE('',(#4668,#4669,#4670,#4671,#4672,#4673,#4674,#4675,
#4676,#4677,#4678,#4679,#4680,#4681,#4682,#4683,#4684,#4685,#4686,#4687),
#4966,.T.);
#5228=ADVANCED_FACE('',(#4688),#4967,.F.);
#5229=ADVANCED_FACE('',(#4689),#4968,.T.);
#5230=ADVANCED_FACE('',(#4690),#4969,.T.);
#5231=ADVANCED_FACE('',(#4691),#4970,.F.);
#5232=ADVANCED_FACE('',(#4692),#4971,.T.);
#5233=ADVANCED_FACE('',(#4693),#4972,.T.);
#5234=ADVANCED_FACE('',(#4694),#4973,.F.);
#5235=ADVANCED_FACE('',(#4695,#4696),#163,.T.);
#5236=ADVANCED_FACE('',(#4697,#4698),#164,.T.);
#5237=ADVANCED_FACE('',(#4699,#4700,#4701),#4974,.F.);
#5238=ADVANCED_FACE('',(#4702),#4975,.T.);
#5239=ADVANCED_FACE('',(#4703),#165,.F.);
#5240=ADVANCED_FACE('',(#4704),#166,.F.);
#5241=ADVANCED_FACE('',(#4705),#4976,.T.);
#5242=ADVANCED_FACE('',(#4706),#4977,.T.);
#5243=ADVANCED_FACE('',(#4707),#4978,.T.);
#5244=ADVANCED_FACE('',(#4708),#4979,.T.);
#5245=ADVANCED_FACE('',(#4709),#4980,.T.);
#5246=ADVANCED_FACE('',(#4710),#4981,.T.);
#5247=ADVANCED_FACE('',(#4711),#4982,.T.);
#5248=ADVANCED_FACE('',(#4712),#4983,.T.);
#5249=ADVANCED_FACE('',(#4713),#4984,.T.);
#5250=ADVANCED_FACE('',(#4714),#4985,.F.);
#5251=ADVANCED_FACE('',(#4715),#4986,.T.);
#5252=ADVANCED_FACE('',(#4716),#4987,.T.);
#5253=ADVANCED_FACE('',(#4717),#4988,.F.);
#5254=ADVANCED_FACE('',(#4718),#4989,.T.);
#5255=ADVANCED_FACE('',(#4719),#4990,.T.);
#5256=ADVANCED_FACE('',(#4720),#4991,.F.);
#5257=ADVANCED_FACE('',(#4721),#4992,.T.);
#5258=ADVANCED_FACE('',(#4722),#4993,.F.);
#5259=ADVANCED_FACE('',(#4723),#4994,.T.);
#5260=ADVANCED_FACE('',(#4724),#4995,.T.);
#5261=ADVANCED_FACE('',(#4725),#4996,.T.);
#5262=ADVANCED_FACE('',(#4726),#4997,.F.);
#5263=ADVANCED_FACE('',(#4727),#4998,.T.);
#5264=ADVANCED_FACE('',(#4728),#4999,.T.);
#5265=ADVANCED_FACE('',(#4729),#5000,.F.);
#5266=ADVANCED_FACE('',(#4730),#5001,.T.);
#5267=ADVANCED_FACE('',(#4731),#5002,.T.);
#5268=ADVANCED_FACE('',(#4732),#5003,.F.);
#5269=ADVANCED_FACE('',(#4733),#5004,.F.);
#5270=ADVANCED_FACE('',(#4734),#5005,.T.);
#5271=ADVANCED_FACE('',(#4735),#5006,.T.);
#5272=ADVANCED_FACE('',(#4736),#5007,.F.);
#5273=ADVANCED_FACE('',(#4737),#5008,.T.);
#5274=ADVANCED_FACE('',(#4738),#5009,.F.);
#5275=ADVANCED_FACE('',(#4739),#5010,.T.);
#5276=ADVANCED_FACE('',(#4740),#5011,.T.);
#5277=ADVANCED_FACE('',(#4741),#5012,.F.);
#5278=ADVANCED_FACE('',(#4742),#5013,.T.);
#5279=ADVANCED_FACE('',(#4743),#5014,.T.);
#5280=ADVANCED_FACE('',(#4744),#5015,.F.);
#5281=ADVANCED_FACE('',(#4745),#5016,.T.);
#5282=ADVANCED_FACE('',(#4746),#5017,.T.);
#5283=ADVANCED_FACE('',(#4747),#5018,.T.);
#5284=ADVANCED_FACE('',(#4748),#5019,.F.);
#5285=ADVANCED_FACE('',(#4749),#5020,.T.);
#5286=ADVANCED_FACE('',(#4750),#5021,.T.);
#5287=ADVANCED_FACE('',(#4751),#5022,.F.);
#5288=ADVANCED_FACE('',(#4752),#5023,.T.);
#5289=ADVANCED_FACE('',(#4753),#5024,.F.);
#5290=ADVANCED_FACE('',(#4754),#5025,.F.);
#5291=ADVANCED_FACE('',(#4755),#5026,.T.);
#5292=ADVANCED_FACE('',(#4756),#5027,.F.);
#5293=ADVANCED_FACE('',(#4757),#5028,.F.);
#5294=ADVANCED_FACE('',(#4758),#5029,.T.);
#5295=ADVANCED_FACE('',(#4759),#5030,.T.);
#5296=ADVANCED_FACE('',(#4760),#5031,.F.);
#5297=ADVANCED_FACE('',(#4761),#5032,.F.);
#5298=ADVANCED_FACE('',(#4762),#5033,.T.);
#5299=ADVANCED_FACE('',(#4763),#5034,.F.);
#5300=ADVANCED_FACE('',(#4764),#5035,.T.);
#5301=ADVANCED_FACE('',(#4765),#5036,.T.);
#5302=ADVANCED_FACE('',(#4766),#5037,.T.);
#5303=ADVANCED_FACE('',(#4767),#5038,.F.);
#5304=ADVANCED_FACE('',(#4768),#5039,.T.);
#5305=ADVANCED_FACE('',(#4769),#5040,.T.);
#5306=ADVANCED_FACE('',(#4770),#5041,.F.);
#5307=ADVANCED_FACE('',(#4771),#5042,.T.);
#5308=ADVANCED_FACE('',(#4772),#5043,.F.);
#5309=ADVANCED_FACE('',(#4773),#5044,.F.);
#5310=ADVANCED_FACE('',(#4774),#5045,.F.);
#5311=ADVANCED_FACE('',(#4775),#5046,.F.);
#5312=ADVANCED_FACE('',(#4776),#5047,.T.);
#5313=ADVANCED_FACE('',(#4777),#5048,.F.);
#5314=ADVANCED_FACE('',(#4778),#5049,.T.);
#5315=ADVANCED_FACE('',(#4779),#5050,.F.);
#5316=ADVANCED_FACE('',(#4780),#167,.F.);
#5317=ADVANCED_FACE('',(#4781),#5051,.F.);
#5318=ADVANCED_FACE('',(#4782),#5052,.F.);
#5319=ADVANCED_FACE('',(#4783),#168,.T.);
#5320=ADVANCED_FACE('',(#4784),#5053,.T.);
#5321=ADVANCED_FACE('',(#4785),#5054,.F.);
#5322=ADVANCED_FACE('',(#4786),#5055,.T.);
#5323=ADVANCED_FACE('',(#4787),#5056,.F.);
#5324=ADVANCED_FACE('',(#4788),#5057,.F.);
#5325=ADVANCED_FACE('',(#4789),#169,.F.);
#5326=ADVANCED_FACE('',(#4790),#5058,.T.);
#5327=ADVANCED_FACE('',(#4791),#5059,.T.);
#5328=ADVANCED_FACE('',(#4792),#5060,.T.);
#5329=ADVANCED_FACE('',(#4793),#5061,.T.);
#5330=ADVANCED_FACE('',(#4794),#5062,.T.);
#5331=ADVANCED_FACE('',(#4795),#5063,.T.);
#5332=ADVANCED_FACE('',(#4796),#5064,.T.);
#5333=ADVANCED_FACE('',(#4797),#5065,.T.);
#5334=ADVANCED_FACE('',(#4798),#170,.F.);
#5335=ADVANCED_FACE('',(#4799),#171,.F.);
#5336=ADVANCED_FACE('',(#4800),#172,.F.);
#5337=ADVANCED_FACE('',(#4801),#173,.F.);
#5338=ADVANCED_FACE('',(#4802),#174,.F.);
#5339=ADVANCED_FACE('',(#4803),#175,.F.);
#5340=ADVANCED_FACE('',(#4804),#176,.F.);
#5341=ADVANCED_FACE('',(#4805),#177,.F.);
#5342=ADVANCED_FACE('',(#4806),#178,.F.);
#5343=ADVANCED_FACE('',(#4807),#179,.F.);
#5344=ADVANCED_FACE('',(#4808),#180,.F.);
#5345=ADVANCED_FACE('',(#4809),#181,.F.);
#5346=ADVANCED_FACE('',(#4810),#182,.F.);
#5347=ADVANCED_FACE('',(#4811),#183,.F.);
#5348=ADVANCED_FACE('',(#4812),#184,.F.);
#5349=ADVANCED_FACE('',(#4813),#185,.F.);
#5350=ADVANCED_FACE('',(#4814),#186,.F.);
#5351=ADVANCED_FACE('',(#4815),#187,.F.);
#5352=ADVANCED_FACE('',(#4816),#188,.F.);
#5353=ADVANCED_FACE('',(#4817),#189,.F.);
#5354=ADVANCED_FACE('',(#4818),#5066,.F.);
#5355=ADVANCED_FACE('',(#4819),#5067,.T.);
#5356=ADVANCED_FACE('',(#4820),#5068,.T.);
#5357=ADVANCED_FACE('',(#4821),#5069,.F.);
#5358=ADVANCED_FACE('',(#4822),#5070,.F.);
#5359=ADVANCED_FACE('',(#4823),#5071,.F.);
#5360=ADVANCED_FACE('',(#4824),#5072,.T.);
#5361=ADVANCED_FACE('',(#4825),#5073,.T.);
#5362=ADVANCED_FACE('',(#4826),#5074,.F.);
#5363=ADVANCED_FACE('',(#4827),#5075,.T.);
#5364=ADVANCED_FACE('',(#4828),#190,.F.);
#5365=ADVANCED_FACE('',(#4829),#5076,.F.);
#5366=ADVANCED_FACE('',(#4830),#5077,.T.);
#5367=ADVANCED_FACE('',(#4831),#191,.F.);
#5368=ADVANCED_FACE('',(#4832),#5078,.T.);
#5369=ADVANCED_FACE('',(#4833),#5079,.F.);
#5370=ADVANCED_FACE('',(#4834),#5080,.T.);
#5371=ADVANCED_FACE('',(#4835),#5081,.F.);
#5372=ADVANCED_FACE('',(#4836),#5082,.T.);
#5373=ADVANCED_FACE('',(#4837),#5083,.T.);
#5374=ADVANCED_FACE('',(#4838),#5084,.T.);
#5375=ADVANCED_FACE('',(#4839),#5085,.F.);
#5376=ADVANCED_FACE('',(#4840,#4841),#192,.F.);
#5377=ADVANCED_FACE('',(#4842,#4843),#193,.T.);
#5378=ADVANCED_FACE('',(#4844,#4845),#5086,.T.);
#5379=ADVANCED_FACE('',(#4846,#4847),#5087,.F.);
#5380=ADVANCED_FACE('',(#4848,#4849),#194,.T.);
#5381=ADVANCED_FACE('',(#4850,#4851),#195,.F.);
#5382=ADVANCED_FACE('',(#4852,#4853),#5088,.T.);
#5383=ADVANCED_FACE('',(#4854,#4855),#5089,.F.);
#5384=CLOSED_SHELL('',(#5090,#5091,#5092,#5093,#5094,#5095,#5096,#5097,
#5098,#5099,#5100,#5101,#5102,#5103,#5104,#5105,#5106,#5107,#5108,#5109,
#5110,#5111,#5112,#5113,#5114,#5115,#5116,#5117,#5118,#5119,#5120,#5121,
#5122,#5123,#5124,#5125,#5126,#5127,#5128,#5129,#5130,#5131,#5132,#5133,
#5134,#5135,#5136,#5137,#5138,#5139,#5140,#5141,#5142,#5143,#5144,#5145,
#5146,#5147,#5148,#5149,#5150,#5151,#5152,#5153,#5154,#5155,#5156,#5157,
#5158,#5159,#5160,#5161,#5162,#5163,#5164,#5165,#5166,#5167,#5168,#5169,
#5170,#5171,#5172,#5173,#5174,#5175,#5176,#5177,#5178,#5179,#5180,#5181,
#5182,#5183,#5184,#5185,#5186,#5187,#5188,#5189,#5190,#5191,#5192,#5193,
#5194,#5195,#5196,#5197,#5198,#5199,#5200,#5201,#5202,#5203,#5204,#5205,
#5206,#5207,#5208,#5209,#5210,#5211,#5212,#5213,#5214,#5215,#5216,#5217,
#5218,#5219,#5220,#5221,#5222,#5223,#5224,#5225,#5226,#5227,#5228,#5229,
#5230,#5231,#5232,#5233,#5234,#5235,#5236,#5237,#5238,#5239,#5240,#5241,
#5242,#5243,#5244,#5245,#5246,#5247,#5248,#5249,#5250,#5251,#5252,#5253,
#5254,#5255,#5256,#5257,#5258,#5259,#5260,#5261,#5262,#5263,#5264,#5265,
#5266,#5267,#5268,#5269,#5270,#5271,#5272,#5273,#5274,#5275,#5276,#5277,
#5278,#5279,#5280,#5281,#5282,#5283,#5284,#5285,#5286,#5287,#5288,#5289,
#5290,#5291,#5292,#5293,#5294,#5295,#5296,#5297,#5298,#5299,#5300,#5301,
#5302,#5303,#5304,#5305,#5306,#5307,#5308,#5309,#5310,#5311,#5312,#5313,
#5314,#5315,#5316,#5317,#5318,#5319,#5320,#5321,#5322,#5323,#5324,#5325,
#5326,#5327,#5328,#5329,#5330,#5331,#5332,#5333,#5334,#5335,#5336,#5337,
#5338,#5339,#5340,#5341,#5342,#5343,#5344,#5345,#5346,#5347,#5348,#5349,
#5350,#5351,#5352,#5353,#5354,#5355,#5356));
#5385=CLOSED_SHELL('',(#5357,#5358,#5359,#5360,#5361,#5362,#5363,#5364,
#5365,#5366,#5367,#5368,#5369));
#5386=CLOSED_SHELL('',(#5370,#5371,#5372,#5373,#5374,#5375));
#5387=CLOSED_SHELL('',(#5376,#5377,#5378,#5379));
#5388=CLOSED_SHELL('',(#5380,#5381,#5382,#5383));
#5389=STYLED_ITEM('',(#5394),#6117);
#5390=STYLED_ITEM('',(#5510),#6118);
#5391=STYLED_ITEM('',(#5511),#6119);
#5392=STYLED_ITEM('',(#5512),#6120);
#5393=STYLED_ITEM('',(#5513),#6121);
#5394=PRESENTATION_STYLE_ASSIGNMENT((#5514));
#5395=PRESENTATION_STYLE_ASSIGNMENT((#5515));
#5396=PRESENTATION_STYLE_ASSIGNMENT((#5516));
#5397=PRESENTATION_STYLE_ASSIGNMENT((#5517));
#5398=PRESENTATION_STYLE_ASSIGNMENT((#5518));
#5399=PRESENTATION_STYLE_ASSIGNMENT((#5519));
#5400=PRESENTATION_STYLE_ASSIGNMENT((#5520));
#5401=PRESENTATION_STYLE_ASSIGNMENT((#5521));
#5402=PRESENTATION_STYLE_ASSIGNMENT((#5522));
#5403=PRESENTATION_STYLE_ASSIGNMENT((#5523));
#5404=PRESENTATION_STYLE_ASSIGNMENT((#5524));
#5405=PRESENTATION_STYLE_ASSIGNMENT((#5525));
#5406=PRESENTATION_STYLE_ASSIGNMENT((#5526));
#5407=PRESENTATION_STYLE_ASSIGNMENT((#5527));
#5408=PRESENTATION_STYLE_ASSIGNMENT((#5528));
#5409=PRESENTATION_STYLE_ASSIGNMENT((#5529));
#5410=PRESENTATION_STYLE_ASSIGNMENT((#5530));
#5411=PRESENTATION_STYLE_ASSIGNMENT((#5531));
#5412=PRESENTATION_STYLE_ASSIGNMENT((#5532));
#5413=PRESENTATION_STYLE_ASSIGNMENT((#5533));
#5414=PRESENTATION_STYLE_ASSIGNMENT((#5534));
#5415=PRESENTATION_STYLE_ASSIGNMENT((#5535));
#5416=PRESENTATION_STYLE_ASSIGNMENT((#5536));
#5417=PRESENTATION_STYLE_ASSIGNMENT((#5537));
#5418=PRESENTATION_STYLE_ASSIGNMENT((#5538));
#5419=PRESENTATION_STYLE_ASSIGNMENT((#5539));
#5420=PRESENTATION_STYLE_ASSIGNMENT((#5540));
#5421=PRESENTATION_STYLE_ASSIGNMENT((#5541));
#5422=PRESENTATION_STYLE_ASSIGNMENT((#5542));
#5423=PRESENTATION_STYLE_ASSIGNMENT((#5543));
#5424=PRESENTATION_STYLE_ASSIGNMENT((#5544));
#5425=PRESENTATION_STYLE_ASSIGNMENT((#5545));
#5426=PRESENTATION_STYLE_ASSIGNMENT((#5546));
#5427=PRESENTATION_STYLE_ASSIGNMENT((#5547));
#5428=PRESENTATION_STYLE_ASSIGNMENT((#5548));
#5429=PRESENTATION_STYLE_ASSIGNMENT((#5549));
#5430=PRESENTATION_STYLE_ASSIGNMENT((#5550));
#5431=PRESENTATION_STYLE_ASSIGNMENT((#5551));
#5432=PRESENTATION_STYLE_ASSIGNMENT((#5552));
#5433=PRESENTATION_STYLE_ASSIGNMENT((#5553));
#5434=PRESENTATION_STYLE_ASSIGNMENT((#5554));
#5435=PRESENTATION_STYLE_ASSIGNMENT((#5555));
#5436=PRESENTATION_STYLE_ASSIGNMENT((#5556));
#5437=PRESENTATION_STYLE_ASSIGNMENT((#5557));
#5438=PRESENTATION_STYLE_ASSIGNMENT((#5558));
#5439=PRESENTATION_STYLE_ASSIGNMENT((#5559));
#5440=PRESENTATION_STYLE_ASSIGNMENT((#5560));
#5441=PRESENTATION_STYLE_ASSIGNMENT((#5561));
#5442=PRESENTATION_STYLE_ASSIGNMENT((#5562));
#5443=PRESENTATION_STYLE_ASSIGNMENT((#5563));
#5444=PRESENTATION_STYLE_ASSIGNMENT((#5564));
#5445=PRESENTATION_STYLE_ASSIGNMENT((#5565));
#5446=PRESENTATION_STYLE_ASSIGNMENT((#5566));
#5447=PRESENTATION_STYLE_ASSIGNMENT((#5567));
#5448=PRESENTATION_STYLE_ASSIGNMENT((#5568));
#5449=PRESENTATION_STYLE_ASSIGNMENT((#5569));
#5450=PRESENTATION_STYLE_ASSIGNMENT((#5570));
#5451=PRESENTATION_STYLE_ASSIGNMENT((#5571));
#5452=PRESENTATION_STYLE_ASSIGNMENT((#5572));
#5453=PRESENTATION_STYLE_ASSIGNMENT((#5573));
#5454=PRESENTATION_STYLE_ASSIGNMENT((#5574));
#5455=PRESENTATION_STYLE_ASSIGNMENT((#5575));
#5456=PRESENTATION_STYLE_ASSIGNMENT((#5576));
#5457=PRESENTATION_STYLE_ASSIGNMENT((#5577));
#5458=PRESENTATION_STYLE_ASSIGNMENT((#5578));
#5459=PRESENTATION_STYLE_ASSIGNMENT((#5579));
#5460=PRESENTATION_STYLE_ASSIGNMENT((#5580));
#5461=PRESENTATION_STYLE_ASSIGNMENT((#5581));
#5462=PRESENTATION_STYLE_ASSIGNMENT((#5582));
#5463=PRESENTATION_STYLE_ASSIGNMENT((#5583));
#5464=PRESENTATION_STYLE_ASSIGNMENT((#5584));
#5465=PRESENTATION_STYLE_ASSIGNMENT((#5585));
#5466=PRESENTATION_STYLE_ASSIGNMENT((#5586));
#5467=PRESENTATION_STYLE_ASSIGNMENT((#5587));
#5468=PRESENTATION_STYLE_ASSIGNMENT((#5588));
#5469=PRESENTATION_STYLE_ASSIGNMENT((#5589));
#5470=PRESENTATION_STYLE_ASSIGNMENT((#5590));
#5471=PRESENTATION_STYLE_ASSIGNMENT((#5591));
#5472=PRESENTATION_STYLE_ASSIGNMENT((#5592));
#5473=PRESENTATION_STYLE_ASSIGNMENT((#5593));
#5474=PRESENTATION_STYLE_ASSIGNMENT((#5594));
#5475=PRESENTATION_STYLE_ASSIGNMENT((#5595));
#5476=PRESENTATION_STYLE_ASSIGNMENT((#5596));
#5477=PRESENTATION_STYLE_ASSIGNMENT((#5597));
#5478=PRESENTATION_STYLE_ASSIGNMENT((#5598));
#5479=PRESENTATION_STYLE_ASSIGNMENT((#5599));
#5480=PRESENTATION_STYLE_ASSIGNMENT((#5600));
#5481=PRESENTATION_STYLE_ASSIGNMENT((#5601));
#5482=PRESENTATION_STYLE_ASSIGNMENT((#5602));
#5483=PRESENTATION_STYLE_ASSIGNMENT((#5603));
#5484=PRESENTATION_STYLE_ASSIGNMENT((#5604));
#5485=PRESENTATION_STYLE_ASSIGNMENT((#5605));
#5486=PRESENTATION_STYLE_ASSIGNMENT((#5606));
#5487=PRESENTATION_STYLE_ASSIGNMENT((#5607));
#5488=PRESENTATION_STYLE_ASSIGNMENT((#5608));
#5489=PRESENTATION_STYLE_ASSIGNMENT((#5609));
#5490=PRESENTATION_STYLE_ASSIGNMENT((#5610));
#5491=PRESENTATION_STYLE_ASSIGNMENT((#5611));
#5492=PRESENTATION_STYLE_ASSIGNMENT((#5612));
#5493=PRESENTATION_STYLE_ASSIGNMENT((#5613));
#5494=PRESENTATION_STYLE_ASSIGNMENT((#5614));
#5495=PRESENTATION_STYLE_ASSIGNMENT((#5615));
#5496=PRESENTATION_STYLE_ASSIGNMENT((#5616));
#5497=PRESENTATION_STYLE_ASSIGNMENT((#5617));
#5498=PRESENTATION_STYLE_ASSIGNMENT((#5618));
#5499=PRESENTATION_STYLE_ASSIGNMENT((#5619));
#5500=PRESENTATION_STYLE_ASSIGNMENT((#5620));
#5501=PRESENTATION_STYLE_ASSIGNMENT((#5621));
#5502=PRESENTATION_STYLE_ASSIGNMENT((#5622));
#5503=PRESENTATION_STYLE_ASSIGNMENT((#5623));
#5504=PRESENTATION_STYLE_ASSIGNMENT((#5624));
#5505=PRESENTATION_STYLE_ASSIGNMENT((#5625));
#5506=PRESENTATION_STYLE_ASSIGNMENT((#5626));
#5507=PRESENTATION_STYLE_ASSIGNMENT((#5627));
#5508=PRESENTATION_STYLE_ASSIGNMENT((#5628));
#5509=PRESENTATION_STYLE_ASSIGNMENT((#5629));
#5510=PRESENTATION_STYLE_ASSIGNMENT((#5630));
#5511=PRESENTATION_STYLE_ASSIGNMENT((#5631));
#5512=PRESENTATION_STYLE_ASSIGNMENT((#5632));
#5513=PRESENTATION_STYLE_ASSIGNMENT((#5633));
#5514=SURFACE_STYLE_USAGE(.BOTH.,#5634);
#5515=SURFACE_STYLE_USAGE(.BOTH.,#5635);
#5516=SURFACE_STYLE_USAGE(.BOTH.,#5636);
#5517=SURFACE_STYLE_USAGE(.BOTH.,#5637);
#5518=SURFACE_STYLE_USAGE(.BOTH.,#5638);
#5519=SURFACE_STYLE_USAGE(.BOTH.,#5639);
#5520=SURFACE_STYLE_USAGE(.BOTH.,#5640);
#5521=SURFACE_STYLE_USAGE(.BOTH.,#5641);
#5522=SURFACE_STYLE_USAGE(.BOTH.,#5642);
#5523=SURFACE_STYLE_USAGE(.BOTH.,#5643);
#5524=SURFACE_STYLE_USAGE(.BOTH.,#5644);
#5525=SURFACE_STYLE_USAGE(.BOTH.,#5645);
#5526=SURFACE_STYLE_USAGE(.BOTH.,#5646);
#5527=SURFACE_STYLE_USAGE(.BOTH.,#5647);
#5528=SURFACE_STYLE_USAGE(.BOTH.,#5648);
#5529=SURFACE_STYLE_USAGE(.BOTH.,#5649);
#5530=SURFACE_STYLE_USAGE(.BOTH.,#5650);
#5531=SURFACE_STYLE_USAGE(.BOTH.,#5651);
#5532=SURFACE_STYLE_USAGE(.BOTH.,#5652);
#5533=SURFACE_STYLE_USAGE(.BOTH.,#5653);
#5534=SURFACE_STYLE_USAGE(.BOTH.,#5654);
#5535=SURFACE_STYLE_USAGE(.BOTH.,#5655);
#5536=SURFACE_STYLE_USAGE(.BOTH.,#5656);
#5537=SURFACE_STYLE_USAGE(.BOTH.,#5657);
#5538=SURFACE_STYLE_USAGE(.BOTH.,#5658);
#5539=SURFACE_STYLE_USAGE(.BOTH.,#5659);
#5540=SURFACE_STYLE_USAGE(.BOTH.,#5660);
#5541=SURFACE_STYLE_USAGE(.BOTH.,#5661);
#5542=SURFACE_STYLE_USAGE(.BOTH.,#5662);
#5543=SURFACE_STYLE_USAGE(.BOTH.,#5663);
#5544=SURFACE_STYLE_USAGE(.BOTH.,#5664);
#5545=SURFACE_STYLE_USAGE(.BOTH.,#5665);
#5546=SURFACE_STYLE_USAGE(.BOTH.,#5666);
#5547=SURFACE_STYLE_USAGE(.BOTH.,#5667);
#5548=SURFACE_STYLE_USAGE(.BOTH.,#5668);
#5549=SURFACE_STYLE_USAGE(.BOTH.,#5669);
#5550=SURFACE_STYLE_USAGE(.BOTH.,#5670);
#5551=SURFACE_STYLE_USAGE(.BOTH.,#5671);
#5552=SURFACE_STYLE_USAGE(.BOTH.,#5672);
#5553=SURFACE_STYLE_USAGE(.BOTH.,#5673);
#5554=SURFACE_STYLE_USAGE(.BOTH.,#5674);
#5555=SURFACE_STYLE_USAGE(.BOTH.,#5675);
#5556=SURFACE_STYLE_USAGE(.BOTH.,#5676);
#5557=SURFACE_STYLE_USAGE(.BOTH.,#5677);
#5558=SURFACE_STYLE_USAGE(.BOTH.,#5678);
#5559=SURFACE_STYLE_USAGE(.BOTH.,#5679);
#5560=SURFACE_STYLE_USAGE(.BOTH.,#5680);
#5561=SURFACE_STYLE_USAGE(.BOTH.,#5681);
#5562=SURFACE_STYLE_USAGE(.BOTH.,#5682);
#5563=SURFACE_STYLE_USAGE(.BOTH.,#5683);
#5564=SURFACE_STYLE_USAGE(.BOTH.,#5684);
#5565=SURFACE_STYLE_USAGE(.BOTH.,#5685);
#5566=SURFACE_STYLE_USAGE(.BOTH.,#5686);
#5567=SURFACE_STYLE_USAGE(.BOTH.,#5687);
#5568=SURFACE_STYLE_USAGE(.BOTH.,#5688);
#5569=SURFACE_STYLE_USAGE(.BOTH.,#5689);
#5570=SURFACE_STYLE_USAGE(.BOTH.,#5690);
#5571=SURFACE_STYLE_USAGE(.BOTH.,#5691);
#5572=SURFACE_STYLE_USAGE(.BOTH.,#5692);
#5573=SURFACE_STYLE_USAGE(.BOTH.,#5693);
#5574=SURFACE_STYLE_USAGE(.BOTH.,#5694);
#5575=SURFACE_STYLE_USAGE(.BOTH.,#5695);
#5576=SURFACE_STYLE_USAGE(.BOTH.,#5696);
#5577=SURFACE_STYLE_USAGE(.BOTH.,#5697);
#5578=SURFACE_STYLE_USAGE(.BOTH.,#5698);
#5579=SURFACE_STYLE_USAGE(.BOTH.,#5699);
#5580=SURFACE_STYLE_USAGE(.BOTH.,#5700);
#5581=SURFACE_STYLE_USAGE(.BOTH.,#5701);
#5582=SURFACE_STYLE_USAGE(.BOTH.,#5702);
#5583=SURFACE_STYLE_USAGE(.BOTH.,#5703);
#5584=SURFACE_STYLE_USAGE(.BOTH.,#5704);
#5585=SURFACE_STYLE_USAGE(.BOTH.,#5705);
#5586=SURFACE_STYLE_USAGE(.BOTH.,#5706);
#5587=SURFACE_STYLE_USAGE(.BOTH.,#5707);
#5588=SURFACE_STYLE_USAGE(.BOTH.,#5708);
#5589=SURFACE_STYLE_USAGE(.BOTH.,#5709);
#5590=SURFACE_STYLE_USAGE(.BOTH.,#5710);
#5591=SURFACE_STYLE_USAGE(.BOTH.,#5711);
#5592=SURFACE_STYLE_USAGE(.BOTH.,#5712);
#5593=SURFACE_STYLE_USAGE(.BOTH.,#5713);
#5594=SURFACE_STYLE_USAGE(.BOTH.,#5714);
#5595=SURFACE_STYLE_USAGE(.BOTH.,#5715);
#5596=SURFACE_STYLE_USAGE(.BOTH.,#5716);
#5597=SURFACE_STYLE_USAGE(.BOTH.,#5717);
#5598=SURFACE_STYLE_USAGE(.BOTH.,#5718);
#5599=SURFACE_STYLE_USAGE(.BOTH.,#5719);
#5600=SURFACE_STYLE_USAGE(.BOTH.,#5720);
#5601=SURFACE_STYLE_USAGE(.BOTH.,#5721);
#5602=SURFACE_STYLE_USAGE(.BOTH.,#5722);
#5603=SURFACE_STYLE_USAGE(.BOTH.,#5723);
#5604=SURFACE_STYLE_USAGE(.BOTH.,#5724);
#5605=SURFACE_STYLE_USAGE(.BOTH.,#5725);
#5606=SURFACE_STYLE_USAGE(.BOTH.,#5726);
#5607=SURFACE_STYLE_USAGE(.BOTH.,#5727);
#5608=SURFACE_STYLE_USAGE(.BOTH.,#5728);
#5609=SURFACE_STYLE_USAGE(.BOTH.,#5729);
#5610=SURFACE_STYLE_USAGE(.BOTH.,#5730);
#5611=SURFACE_STYLE_USAGE(.BOTH.,#5731);
#5612=SURFACE_STYLE_USAGE(.BOTH.,#5732);
#5613=SURFACE_STYLE_USAGE(.BOTH.,#5733);
#5614=SURFACE_STYLE_USAGE(.BOTH.,#5734);
#5615=SURFACE_STYLE_USAGE(.BOTH.,#5735);
#5616=SURFACE_STYLE_USAGE(.BOTH.,#5736);
#5617=SURFACE_STYLE_USAGE(.BOTH.,#5737);
#5618=SURFACE_STYLE_USAGE(.BOTH.,#5738);
#5619=SURFACE_STYLE_USAGE(.BOTH.,#5739);
#5620=SURFACE_STYLE_USAGE(.BOTH.,#5740);
#5621=SURFACE_STYLE_USAGE(.BOTH.,#5741);
#5622=SURFACE_STYLE_USAGE(.BOTH.,#5742);
#5623=SURFACE_STYLE_USAGE(.BOTH.,#5743);
#5624=SURFACE_STYLE_USAGE(.BOTH.,#5744);
#5625=SURFACE_STYLE_USAGE(.BOTH.,#5745);
#5626=SURFACE_STYLE_USAGE(.BOTH.,#5746);
#5627=SURFACE_STYLE_USAGE(.BOTH.,#5747);
#5628=SURFACE_STYLE_USAGE(.BOTH.,#5748);
#5629=SURFACE_STYLE_USAGE(.BOTH.,#5749);
#5630=SURFACE_STYLE_USAGE(.BOTH.,#5750);
#5631=SURFACE_STYLE_USAGE(.BOTH.,#5751);
#5632=SURFACE_STYLE_USAGE(.BOTH.,#5752);
#5633=SURFACE_STYLE_USAGE(.BOTH.,#5753);
#5634=SURFACE_SIDE_STYLE('',(#5754));
#5635=SURFACE_SIDE_STYLE('',(#5755));
#5636=SURFACE_SIDE_STYLE('',(#5756));
#5637=SURFACE_SIDE_STYLE('',(#5757));
#5638=SURFACE_SIDE_STYLE('',(#5758));
#5639=SURFACE_SIDE_STYLE('',(#5759));
#5640=SURFACE_SIDE_STYLE('',(#5760));
#5641=SURFACE_SIDE_STYLE('',(#5761));
#5642=SURFACE_SIDE_STYLE('',(#5762));
#5643=SURFACE_SIDE_STYLE('',(#5763));
#5644=SURFACE_SIDE_STYLE('',(#5764));
#5645=SURFACE_SIDE_STYLE('',(#5765));
#5646=SURFACE_SIDE_STYLE('',(#5766));
#5647=SURFACE_SIDE_STYLE('',(#5767));
#5648=SURFACE_SIDE_STYLE('',(#5768));
#5649=SURFACE_SIDE_STYLE('',(#5769));
#5650=SURFACE_SIDE_STYLE('',(#5770));
#5651=SURFACE_SIDE_STYLE('',(#5771));
#5652=SURFACE_SIDE_STYLE('',(#5772));
#5653=SURFACE_SIDE_STYLE('',(#5773));
#5654=SURFACE_SIDE_STYLE('',(#5774));
#5655=SURFACE_SIDE_STYLE('',(#5775));
#5656=SURFACE_SIDE_STYLE('',(#5776));
#5657=SURFACE_SIDE_STYLE('',(#5777));
#5658=SURFACE_SIDE_STYLE('',(#5778));
#5659=SURFACE_SIDE_STYLE('',(#5779));
#5660=SURFACE_SIDE_STYLE('',(#5780));
#5661=SURFACE_SIDE_STYLE('',(#5781));
#5662=SURFACE_SIDE_STYLE('',(#5782));
#5663=SURFACE_SIDE_STYLE('',(#5783));
#5664=SURFACE_SIDE_STYLE('',(#5784));
#5665=SURFACE_SIDE_STYLE('',(#5785));
#5666=SURFACE_SIDE_STYLE('',(#5786));
#5667=SURFACE_SIDE_STYLE('',(#5787));
#5668=SURFACE_SIDE_STYLE('',(#5788));
#5669=SURFACE_SIDE_STYLE('',(#5789));
#5670=SURFACE_SIDE_STYLE('',(#5790));
#5671=SURFACE_SIDE_STYLE('',(#5791));
#5672=SURFACE_SIDE_STYLE('',(#5792));
#5673=SURFACE_SIDE_STYLE('',(#5793));
#5674=SURFACE_SIDE_STYLE('',(#5794));
#5675=SURFACE_SIDE_STYLE('',(#5795));
#5676=SURFACE_SIDE_STYLE('',(#5796));
#5677=SURFACE_SIDE_STYLE('',(#5797));
#5678=SURFACE_SIDE_STYLE('',(#5798));
#5679=SURFACE_SIDE_STYLE('',(#5799));
#5680=SURFACE_SIDE_STYLE('',(#5800));
#5681=SURFACE_SIDE_STYLE('',(#5801));
#5682=SURFACE_SIDE_STYLE('',(#5802));
#5683=SURFACE_SIDE_STYLE('',(#5803));
#5684=SURFACE_SIDE_STYLE('',(#5804));
#5685=SURFACE_SIDE_STYLE('',(#5805));
#5686=SURFACE_SIDE_STYLE('',(#5806));
#5687=SURFACE_SIDE_STYLE('',(#5807));
#5688=SURFACE_SIDE_STYLE('',(#5808));
#5689=SURFACE_SIDE_STYLE('',(#5809));
#5690=SURFACE_SIDE_STYLE('',(#5810));
#5691=SURFACE_SIDE_STYLE('',(#5811));
#5692=SURFACE_SIDE_STYLE('',(#5812));
#5693=SURFACE_SIDE_STYLE('',(#5813));
#5694=SURFACE_SIDE_STYLE('',(#5814));
#5695=SURFACE_SIDE_STYLE('',(#5815));
#5696=SURFACE_SIDE_STYLE('',(#5816));
#5697=SURFACE_SIDE_STYLE('',(#5817));
#5698=SURFACE_SIDE_STYLE('',(#5818));
#5699=SURFACE_SIDE_STYLE('',(#5819));
#5700=SURFACE_SIDE_STYLE('',(#5820));
#5701=SURFACE_SIDE_STYLE('',(#5821));
#5702=SURFACE_SIDE_STYLE('',(#5822));
#5703=SURFACE_SIDE_STYLE('',(#5823));
#5704=SURFACE_SIDE_STYLE('',(#5824));
#5705=SURFACE_SIDE_STYLE('',(#5825));
#5706=SURFACE_SIDE_STYLE('',(#5826));
#5707=SURFACE_SIDE_STYLE('',(#5827));
#5708=SURFACE_SIDE_STYLE('',(#5828));
#5709=SURFACE_SIDE_STYLE('',(#5829));
#5710=SURFACE_SIDE_STYLE('',(#5830));
#5711=SURFACE_SIDE_STYLE('',(#5831));
#5712=SURFACE_SIDE_STYLE('',(#5832));
#5713=SURFACE_SIDE_STYLE('',(#5833));
#5714=SURFACE_SIDE_STYLE('',(#5834));
#5715=SURFACE_SIDE_STYLE('',(#5835));
#5716=SURFACE_SIDE_STYLE('',(#5836));
#5717=SURFACE_SIDE_STYLE('',(#5837));
#5718=SURFACE_SIDE_STYLE('',(#5838));
#5719=SURFACE_SIDE_STYLE('',(#5839));
#5720=SURFACE_SIDE_STYLE('',(#5840));
#5721=SURFACE_SIDE_STYLE('',(#5841));
#5722=SURFACE_SIDE_STYLE('',(#5842));
#5723=SURFACE_SIDE_STYLE('',(#5843));
#5724=SURFACE_SIDE_STYLE('',(#5844));
#5725=SURFACE_SIDE_STYLE('',(#5845));
#5726=SURFACE_SIDE_STYLE('',(#5846));
#5727=SURFACE_SIDE_STYLE('',(#5847));
#5728=SURFACE_SIDE_STYLE('',(#5848));
#5729=SURFACE_SIDE_STYLE('',(#5849));
#5730=SURFACE_SIDE_STYLE('',(#5850));
#5731=SURFACE_SIDE_STYLE('',(#5851));
#5732=SURFACE_SIDE_STYLE('',(#5852));
#5733=SURFACE_SIDE_STYLE('',(#5853));
#5734=SURFACE_SIDE_STYLE('',(#5854));
#5735=SURFACE_SIDE_STYLE('',(#5855));
#5736=SURFACE_SIDE_STYLE('',(#5856));
#5737=SURFACE_SIDE_STYLE('',(#5857));
#5738=SURFACE_SIDE_STYLE('',(#5858));
#5739=SURFACE_SIDE_STYLE('',(#5859));
#5740=SURFACE_SIDE_STYLE('',(#5860));
#5741=SURFACE_SIDE_STYLE('',(#5861));
#5742=SURFACE_SIDE_STYLE('',(#5862));
#5743=SURFACE_SIDE_STYLE('',(#5863));
#5744=SURFACE_SIDE_STYLE('',(#5864));
#5745=SURFACE_SIDE_STYLE('',(#5865));
#5746=SURFACE_SIDE_STYLE('',(#5866));
#5747=SURFACE_SIDE_STYLE('',(#5867));
#5748=SURFACE_SIDE_STYLE('',(#5868));
#5749=SURFACE_SIDE_STYLE('',(#5869));
#5750=SURFACE_SIDE_STYLE('',(#5870));
#5751=SURFACE_SIDE_STYLE('',(#5871));
#5752=SURFACE_SIDE_STYLE('',(#5872));
#5753=SURFACE_SIDE_STYLE('',(#5873));
#5754=SURFACE_STYLE_FILL_AREA(#5874);
#5755=SURFACE_STYLE_FILL_AREA(#5875);
#5756=SURFACE_STYLE_FILL_AREA(#5876);
#5757=SURFACE_STYLE_FILL_AREA(#5877);
#5758=SURFACE_STYLE_FILL_AREA(#5878);
#5759=SURFACE_STYLE_FILL_AREA(#5879);
#5760=SURFACE_STYLE_FILL_AREA(#5880);
#5761=SURFACE_STYLE_FILL_AREA(#5881);
#5762=SURFACE_STYLE_FILL_AREA(#5882);
#5763=SURFACE_STYLE_FILL_AREA(#5883);
#5764=SURFACE_STYLE_FILL_AREA(#5884);
#5765=SURFACE_STYLE_FILL_AREA(#5885);
#5766=SURFACE_STYLE_FILL_AREA(#5886);
#5767=SURFACE_STYLE_FILL_AREA(#5887);
#5768=SURFACE_STYLE_FILL_AREA(#5888);
#5769=SURFACE_STYLE_FILL_AREA(#5889);
#5770=SURFACE_STYLE_FILL_AREA(#5890);
#5771=SURFACE_STYLE_FILL_AREA(#5891);
#5772=SURFACE_STYLE_FILL_AREA(#5892);
#5773=SURFACE_STYLE_FILL_AREA(#5893);
#5774=SURFACE_STYLE_FILL_AREA(#5894);
#5775=SURFACE_STYLE_FILL_AREA(#5895);
#5776=SURFACE_STYLE_FILL_AREA(#5896);
#5777=SURFACE_STYLE_FILL_AREA(#5897);
#5778=SURFACE_STYLE_FILL_AREA(#5898);
#5779=SURFACE_STYLE_FILL_AREA(#5899);
#5780=SURFACE_STYLE_FILL_AREA(#5900);
#5781=SURFACE_STYLE_FILL_AREA(#5901);
#5782=SURFACE_STYLE_FILL_AREA(#5902);
#5783=SURFACE_STYLE_FILL_AREA(#5903);
#5784=SURFACE_STYLE_FILL_AREA(#5904);
#5785=SURFACE_STYLE_FILL_AREA(#5905);
#5786=SURFACE_STYLE_FILL_AREA(#5906);
#5787=SURFACE_STYLE_FILL_AREA(#5907);
#5788=SURFACE_STYLE_FILL_AREA(#5908);
#5789=SURFACE_STYLE_FILL_AREA(#5909);
#5790=SURFACE_STYLE_FILL_AREA(#5910);
#5791=SURFACE_STYLE_FILL_AREA(#5911);
#5792=SURFACE_STYLE_FILL_AREA(#5912);
#5793=SURFACE_STYLE_FILL_AREA(#5913);
#5794=SURFACE_STYLE_FILL_AREA(#5914);
#5795=SURFACE_STYLE_FILL_AREA(#5915);
#5796=SURFACE_STYLE_FILL_AREA(#5916);
#5797=SURFACE_STYLE_FILL_AREA(#5917);
#5798=SURFACE_STYLE_FILL_AREA(#5918);
#5799=SURFACE_STYLE_FILL_AREA(#5919);
#5800=SURFACE_STYLE_FILL_AREA(#5920);
#5801=SURFACE_STYLE_FILL_AREA(#5921);
#5802=SURFACE_STYLE_FILL_AREA(#5922);
#5803=SURFACE_STYLE_FILL_AREA(#5923);
#5804=SURFACE_STYLE_FILL_AREA(#5924);
#5805=SURFACE_STYLE_FILL_AREA(#5925);
#5806=SURFACE_STYLE_FILL_AREA(#5926);
#5807=SURFACE_STYLE_FILL_AREA(#5927);
#5808=SURFACE_STYLE_FILL_AREA(#5928);
#5809=SURFACE_STYLE_FILL_AREA(#5929);
#5810=SURFACE_STYLE_FILL_AREA(#5930);
#5811=SURFACE_STYLE_FILL_AREA(#5931);
#5812=SURFACE_STYLE_FILL_AREA(#5932);
#5813=SURFACE_STYLE_FILL_AREA(#5933);
#5814=SURFACE_STYLE_FILL_AREA(#5934);
#5815=SURFACE_STYLE_FILL_AREA(#5935);
#5816=SURFACE_STYLE_FILL_AREA(#5936);
#5817=SURFACE_STYLE_FILL_AREA(#5937);
#5818=SURFACE_STYLE_FILL_AREA(#5938);
#5819=SURFACE_STYLE_FILL_AREA(#5939);
#5820=SURFACE_STYLE_FILL_AREA(#5940);
#5821=SURFACE_STYLE_FILL_AREA(#5941);
#5822=SURFACE_STYLE_FILL_AREA(#5942);
#5823=SURFACE_STYLE_FILL_AREA(#5943);
#5824=SURFACE_STYLE_FILL_AREA(#5944);
#5825=SURFACE_STYLE_FILL_AREA(#5945);
#5826=SURFACE_STYLE_FILL_AREA(#5946);
#5827=SURFACE_STYLE_FILL_AREA(#5947);
#5828=SURFACE_STYLE_FILL_AREA(#5948);
#5829=SURFACE_STYLE_FILL_AREA(#5949);
#5830=SURFACE_STYLE_FILL_AREA(#5950);
#5831=SURFACE_STYLE_FILL_AREA(#5951);
#5832=SURFACE_STYLE_FILL_AREA(#5952);
#5833=SURFACE_STYLE_FILL_AREA(#5953);
#5834=SURFACE_STYLE_FILL_AREA(#5954);
#5835=SURFACE_STYLE_FILL_AREA(#5955);
#5836=SURFACE_STYLE_FILL_AREA(#5956);
#5837=SURFACE_STYLE_FILL_AREA(#5957);
#5838=SURFACE_STYLE_FILL_AREA(#5958);
#5839=SURFACE_STYLE_FILL_AREA(#5959);
#5840=SURFACE_STYLE_FILL_AREA(#5960);
#5841=SURFACE_STYLE_FILL_AREA(#5961);
#5842=SURFACE_STYLE_FILL_AREA(#5962);
#5843=SURFACE_STYLE_FILL_AREA(#5963);
#5844=SURFACE_STYLE_FILL_AREA(#5964);
#5845=SURFACE_STYLE_FILL_AREA(#5965);
#5846=SURFACE_STYLE_FILL_AREA(#5966);
#5847=SURFACE_STYLE_FILL_AREA(#5967);
#5848=SURFACE_STYLE_FILL_AREA(#5968);
#5849=SURFACE_STYLE_FILL_AREA(#5969);
#5850=SURFACE_STYLE_FILL_AREA(#5970);
#5851=SURFACE_STYLE_FILL_AREA(#5971);
#5852=SURFACE_STYLE_FILL_AREA(#5972);
#5853=SURFACE_STYLE_FILL_AREA(#5973);
#5854=SURFACE_STYLE_FILL_AREA(#5974);
#5855=SURFACE_STYLE_FILL_AREA(#5975);
#5856=SURFACE_STYLE_FILL_AREA(#5976);
#5857=SURFACE_STYLE_FILL_AREA(#5977);
#5858=SURFACE_STYLE_FILL_AREA(#5978);
#5859=SURFACE_STYLE_FILL_AREA(#5979);
#5860=SURFACE_STYLE_FILL_AREA(#5980);
#5861=SURFACE_STYLE_FILL_AREA(#5981);
#5862=SURFACE_STYLE_FILL_AREA(#5982);
#5863=SURFACE_STYLE_FILL_AREA(#5983);
#5864=SURFACE_STYLE_FILL_AREA(#5984);
#5865=SURFACE_STYLE_FILL_AREA(#5985);
#5866=SURFACE_STYLE_FILL_AREA(#5986);
#5867=SURFACE_STYLE_FILL_AREA(#5987);
#5868=SURFACE_STYLE_FILL_AREA(#5988);
#5869=SURFACE_STYLE_FILL_AREA(#5989);
#5870=SURFACE_STYLE_FILL_AREA(#5990);
#5871=SURFACE_STYLE_FILL_AREA(#5991);
#5872=SURFACE_STYLE_FILL_AREA(#5992);
#5873=SURFACE_STYLE_FILL_AREA(#5993);
#5874=FILL_AREA_STYLE('',(#5994));
#5875=FILL_AREA_STYLE('',(#5995));
#5876=FILL_AREA_STYLE('',(#5996));
#5877=FILL_AREA_STYLE('',(#5997));
#5878=FILL_AREA_STYLE('',(#5998));
#5879=FILL_AREA_STYLE('',(#5999));
#5880=FILL_AREA_STYLE('',(#6000));
#5881=FILL_AREA_STYLE('',(#6001));
#5882=FILL_AREA_STYLE('',(#6002));
#5883=FILL_AREA_STYLE('',(#6003));
#5884=FILL_AREA_STYLE('',(#6004));
#5885=FILL_AREA_STYLE('',(#6005));
#5886=FILL_AREA_STYLE('',(#6006));
#5887=FILL_AREA_STYLE('',(#6007));
#5888=FILL_AREA_STYLE('',(#6008));
#5889=FILL_AREA_STYLE('',(#6009));
#5890=FILL_AREA_STYLE('',(#6010));
#5891=FILL_AREA_STYLE('',(#6011));
#5892=FILL_AREA_STYLE('',(#6012));
#5893=FILL_AREA_STYLE('',(#6013));
#5894=FILL_AREA_STYLE('',(#6014));
#5895=FILL_AREA_STYLE('',(#6015));
#5896=FILL_AREA_STYLE('',(#6016));
#5897=FILL_AREA_STYLE('',(#6017));
#5898=FILL_AREA_STYLE('',(#6018));
#5899=FILL_AREA_STYLE('',(#6019));
#5900=FILL_AREA_STYLE('',(#6020));
#5901=FILL_AREA_STYLE('',(#6021));
#5902=FILL_AREA_STYLE('',(#6022));
#5903=FILL_AREA_STYLE('',(#6023));
#5904=FILL_AREA_STYLE('',(#6024));
#5905=FILL_AREA_STYLE('',(#6025));
#5906=FILL_AREA_STYLE('',(#6026));
#5907=FILL_AREA_STYLE('',(#6027));
#5908=FILL_AREA_STYLE('',(#6028));
#5909=FILL_AREA_STYLE('',(#6029));
#5910=FILL_AREA_STYLE('',(#6030));
#5911=FILL_AREA_STYLE('',(#6031));
#5912=FILL_AREA_STYLE('',(#6032));
#5913=FILL_AREA_STYLE('',(#6033));
#5914=FILL_AREA_STYLE('',(#6034));
#5915=FILL_AREA_STYLE('',(#6035));
#5916=FILL_AREA_STYLE('',(#6036));
#5917=FILL_AREA_STYLE('',(#6037));
#5918=FILL_AREA_STYLE('',(#6038));
#5919=FILL_AREA_STYLE('',(#6039));
#5920=FILL_AREA_STYLE('',(#6040));
#5921=FILL_AREA_STYLE('',(#6041));
#5922=FILL_AREA_STYLE('',(#6042));
#5923=FILL_AREA_STYLE('',(#6043));
#5924=FILL_AREA_STYLE('',(#6044));
#5925=FILL_AREA_STYLE('',(#6045));
#5926=FILL_AREA_STYLE('',(#6046));
#5927=FILL_AREA_STYLE('',(#6047));
#5928=FILL_AREA_STYLE('',(#6048));
#5929=FILL_AREA_STYLE('',(#6049));
#5930=FILL_AREA_STYLE('',(#6050));
#5931=FILL_AREA_STYLE('',(#6051));
#5932=FILL_AREA_STYLE('',(#6052));
#5933=FILL_AREA_STYLE('',(#6053));
#5934=FILL_AREA_STYLE('',(#6054));
#5935=FILL_AREA_STYLE('',(#6055));
#5936=FILL_AREA_STYLE('',(#6056));
#5937=FILL_AREA_STYLE('',(#6057));
#5938=FILL_AREA_STYLE('',(#6058));
#5939=FILL_AREA_STYLE('',(#6059));
#5940=FILL_AREA_STYLE('',(#6060));
#5941=FILL_AREA_STYLE('',(#6061));
#5942=FILL_AREA_STYLE('',(#6062));
#5943=FILL_AREA_STYLE('',(#6063));
#5944=FILL_AREA_STYLE('',(#6064));
#5945=FILL_AREA_STYLE('',(#6065));
#5946=FILL_AREA_STYLE('',(#6066));
#5947=FILL_AREA_STYLE('',(#6067));
#5948=FILL_AREA_STYLE('',(#6068));
#5949=FILL_AREA_STYLE('',(#6069));
#5950=FILL_AREA_STYLE('',(#6070));
#5951=FILL_AREA_STYLE('',(#6071));
#5952=FILL_AREA_STYLE('',(#6072));
#5953=FILL_AREA_STYLE('',(#6073));
#5954=FILL_AREA_STYLE('',(#6074));
#5955=FILL_AREA_STYLE('',(#6075));
#5956=FILL_AREA_STYLE('',(#6076));
#5957=FILL_AREA_STYLE('',(#6077));
#5958=FILL_AREA_STYLE('',(#6078));
#5959=FILL_AREA_STYLE('',(#6079));
#5960=FILL_AREA_STYLE('',(#6080));
#5961=FILL_AREA_STYLE('',(#6081));
#5962=FILL_AREA_STYLE('',(#6082));
#5963=FILL_AREA_STYLE('',(#6083));
#5964=FILL_AREA_STYLE('',(#6084));
#5965=FILL_AREA_STYLE('',(#6085));
#5966=FILL_AREA_STYLE('',(#6086));
#5967=FILL_AREA_STYLE('',(#6087));
#5968=FILL_AREA_STYLE('',(#6088));
#5969=FILL_AREA_STYLE('',(#6089));
#5970=FILL_AREA_STYLE('',(#6090));
#5971=FILL_AREA_STYLE('',(#6091));
#5972=FILL_AREA_STYLE('',(#6092));
#5973=FILL_AREA_STYLE('',(#6093));
#5974=FILL_AREA_STYLE('',(#6094));
#5975=FILL_AREA_STYLE('',(#6095));
#5976=FILL_AREA_STYLE('',(#6096));
#5977=FILL_AREA_STYLE('',(#6097));
#5978=FILL_AREA_STYLE('',(#6098));
#5979=FILL_AREA_STYLE('',(#6099));
#5980=FILL_AREA_STYLE('',(#6100));
#5981=FILL_AREA_STYLE('',(#6101));
#5982=FILL_AREA_STYLE('',(#6102));
#5983=FILL_AREA_STYLE('',(#6103));
#5984=FILL_AREA_STYLE('',(#6104));
#5985=FILL_AREA_STYLE('',(#6105));
#5986=FILL_AREA_STYLE('',(#6106));
#5987=FILL_AREA_STYLE('',(#6107));
#5988=FILL_AREA_STYLE('',(#6108));
#5989=FILL_AREA_STYLE('',(#6109));
#5990=FILL_AREA_STYLE('',(#6110));
#5991=FILL_AREA_STYLE('',(#6111));
#5992=FILL_AREA_STYLE('',(#6112));
#5993=FILL_AREA_STYLE('',(#6113));
#5994=FILL_AREA_STYLE_COLOUR('',#6114);
#5995=FILL_AREA_STYLE_COLOUR('',#6115);
#5996=FILL_AREA_STYLE_COLOUR('',#6115);
#5997=FILL_AREA_STYLE_COLOUR('',#6115);
#5998=FILL_AREA_STYLE_COLOUR('',#6115);
#5999=FILL_AREA_STYLE_COLOUR('',#6115);
#6000=FILL_AREA_STYLE_COLOUR('',#6115);
#6001=FILL_AREA_STYLE_COLOUR('',#6115);
#6002=FILL_AREA_STYLE_COLOUR('',#6115);
#6003=FILL_AREA_STYLE_COLOUR('',#6115);
#6004=FILL_AREA_STYLE_COLOUR('',#6115);
#6005=FILL_AREA_STYLE_COLOUR('',#6115);
#6006=FILL_AREA_STYLE_COLOUR('',#6115);
#6007=FILL_AREA_STYLE_COLOUR('',#6115);
#6008=FILL_AREA_STYLE_COLOUR('',#6115);
#6009=FILL_AREA_STYLE_COLOUR('',#6115);
#6010=FILL_AREA_STYLE_COLOUR('',#6115);
#6011=FILL_AREA_STYLE_COLOUR('',#6115);
#6012=FILL_AREA_STYLE_COLOUR('',#6115);
#6013=FILL_AREA_STYLE_COLOUR('',#6115);
#6014=FILL_AREA_STYLE_COLOUR('',#6115);
#6015=FILL_AREA_STYLE_COLOUR('',#6115);
#6016=FILL_AREA_STYLE_COLOUR('',#6115);
#6017=FILL_AREA_STYLE_COLOUR('',#6115);
#6018=FILL_AREA_STYLE_COLOUR('',#6115);
#6019=FILL_AREA_STYLE_COLOUR('',#6115);
#6020=FILL_AREA_STYLE_COLOUR('',#6115);
#6021=FILL_AREA_STYLE_COLOUR('',#6115);
#6022=FILL_AREA_STYLE_COLOUR('',#6115);
#6023=FILL_AREA_STYLE_COLOUR('',#6115);
#6024=FILL_AREA_STYLE_COLOUR('',#6115);
#6025=FILL_AREA_STYLE_COLOUR('',#6115);
#6026=FILL_AREA_STYLE_COLOUR('',#6115);
#6027=FILL_AREA_STYLE_COLOUR('',#6115);
#6028=FILL_AREA_STYLE_COLOUR('',#6115);
#6029=FILL_AREA_STYLE_COLOUR('',#6115);
#6030=FILL_AREA_STYLE_COLOUR('',#6115);
#6031=FILL_AREA_STYLE_COLOUR('',#6115);
#6032=FILL_AREA_STYLE_COLOUR('',#6115);
#6033=FILL_AREA_STYLE_COLOUR('',#6115);
#6034=FILL_AREA_STYLE_COLOUR('',#6115);
#6035=FILL_AREA_STYLE_COLOUR('',#6115);
#6036=FILL_AREA_STYLE_COLOUR('',#6115);
#6037=FILL_AREA_STYLE_COLOUR('',#6115);
#6038=FILL_AREA_STYLE_COLOUR('',#6115);
#6039=FILL_AREA_STYLE_COLOUR('',#6115);
#6040=FILL_AREA_STYLE_COLOUR('',#6115);
#6041=FILL_AREA_STYLE_COLOUR('',#6115);
#6042=FILL_AREA_STYLE_COLOUR('',#6115);
#6043=FILL_AREA_STYLE_COLOUR('',#6115);
#6044=FILL_AREA_STYLE_COLOUR('',#6115);
#6045=FILL_AREA_STYLE_COLOUR('',#6115);
#6046=FILL_AREA_STYLE_COLOUR('',#6115);
#6047=FILL_AREA_STYLE_COLOUR('',#6115);
#6048=FILL_AREA_STYLE_COLOUR('',#6115);
#6049=FILL_AREA_STYLE_COLOUR('',#6115);
#6050=FILL_AREA_STYLE_COLOUR('',#6115);
#6051=FILL_AREA_STYLE_COLOUR('',#6115);
#6052=FILL_AREA_STYLE_COLOUR('',#6115);
#6053=FILL_AREA_STYLE_COLOUR('',#6115);
#6054=FILL_AREA_STYLE_COLOUR('',#6115);
#6055=FILL_AREA_STYLE_COLOUR('',#6115);
#6056=FILL_AREA_STYLE_COLOUR('',#6115);
#6057=FILL_AREA_STYLE_COLOUR('',#6115);
#6058=FILL_AREA_STYLE_COLOUR('',#6115);
#6059=FILL_AREA_STYLE_COLOUR('',#6115);
#6060=FILL_AREA_STYLE_COLOUR('',#6115);
#6061=FILL_AREA_STYLE_COLOUR('',#6115);
#6062=FILL_AREA_STYLE_COLOUR('',#6115);
#6063=FILL_AREA_STYLE_COLOUR('',#6115);
#6064=FILL_AREA_STYLE_COLOUR('',#6115);
#6065=FILL_AREA_STYLE_COLOUR('',#6115);
#6066=FILL_AREA_STYLE_COLOUR('',#6115);
#6067=FILL_AREA_STYLE_COLOUR('',#6115);
#6068=FILL_AREA_STYLE_COLOUR('',#6115);
#6069=FILL_AREA_STYLE_COLOUR('',#6115);
#6070=FILL_AREA_STYLE_COLOUR('',#6115);
#6071=FILL_AREA_STYLE_COLOUR('',#6115);
#6072=FILL_AREA_STYLE_COLOUR('',#6115);
#6073=FILL_AREA_STYLE_COLOUR('',#6115);
#6074=FILL_AREA_STYLE_COLOUR('',#6115);
#6075=FILL_AREA_STYLE_COLOUR('',#6115);
#6076=FILL_AREA_STYLE_COLOUR('',#6115);
#6077=FILL_AREA_STYLE_COLOUR('',#6115);
#6078=FILL_AREA_STYLE_COLOUR('',#6115);
#6079=FILL_AREA_STYLE_COLOUR('',#6115);
#6080=FILL_AREA_STYLE_COLOUR('',#6115);
#6081=FILL_AREA_STYLE_COLOUR('',#6115);
#6082=FILL_AREA_STYLE_COLOUR('',#6115);
#6083=FILL_AREA_STYLE_COLOUR('',#6115);
#6084=FILL_AREA_STYLE_COLOUR('',#6115);
#6085=FILL_AREA_STYLE_COLOUR('',#6115);
#6086=FILL_AREA_STYLE_COLOUR('',#6115);
#6087=FILL_AREA_STYLE_COLOUR('',#6115);
#6088=FILL_AREA_STYLE_COLOUR('',#6115);
#6089=FILL_AREA_STYLE_COLOUR('',#6115);
#6090=FILL_AREA_STYLE_COLOUR('',#6115);
#6091=FILL_AREA_STYLE_COLOUR('',#6115);
#6092=FILL_AREA_STYLE_COLOUR('',#6115);
#6093=FILL_AREA_STYLE_COLOUR('',#6115);
#6094=FILL_AREA_STYLE_COLOUR('',#6115);
#6095=FILL_AREA_STYLE_COLOUR('',#6115);
#6096=FILL_AREA_STYLE_COLOUR('',#6115);
#6097=FILL_AREA_STYLE_COLOUR('',#6115);
#6098=FILL_AREA_STYLE_COLOUR('',#6115);
#6099=FILL_AREA_STYLE_COLOUR('',#6115);
#6100=FILL_AREA_STYLE_COLOUR('',#6115);
#6101=FILL_AREA_STYLE_COLOUR('',#6115);
#6102=FILL_AREA_STYLE_COLOUR('',#6115);
#6103=FILL_AREA_STYLE_COLOUR('',#6115);
#6104=FILL_AREA_STYLE_COLOUR('',#6115);
#6105=FILL_AREA_STYLE_COLOUR('',#6115);
#6106=FILL_AREA_STYLE_COLOUR('',#6115);
#6107=FILL_AREA_STYLE_COLOUR('',#6115);
#6108=FILL_AREA_STYLE_COLOUR('',#6115);
#6109=FILL_AREA_STYLE_COLOUR('',#6115);
#6110=FILL_AREA_STYLE_COLOUR('',#6116);
#6111=FILL_AREA_STYLE_COLOUR('',#6114);
#6112=FILL_AREA_STYLE_COLOUR('',#10);
#6113=FILL_AREA_STYLE_COLOUR('',#10);
#6114=COLOUR_RGB('',0.164705882352941,0.203921568627451,0.223529411764706);
#6115=COLOUR_RGB('',1.,0.843137254901961,0.);
#6116=COLOUR_RGB('',0.917647058823529,0.917647058823529,0.917647058823529);
#6117=MANIFOLD_SOLID_BREP('Part 5',#5384);
#6118=MANIFOLD_SOLID_BREP('Part 3',#5385);
#6119=MANIFOLD_SOLID_BREP('Part 4',#5386);
#6120=MANIFOLD_SOLID_BREP('Part 1',#5387);
#6121=MANIFOLD_SOLID_BREP('Part 2',#5388);
#6122=SHAPE_DEFINITION_REPRESENTATION(#9530,#6127);
#6123=SHAPE_DEFINITION_REPRESENTATION(#9531,#6128);
#6124=SHAPE_DEFINITION_REPRESENTATION(#9532,#6129);
#6125=SHAPE_DEFINITION_REPRESENTATION(#9533,#6130);
#6126=SHAPE_DEFINITION_REPRESENTATION(#9534,#6131);
#6127=SHAPE_REPRESENTATION('Part 5',(#6132),#9505);
#6128=SHAPE_REPRESENTATION('Part 3',(#6512),#9506);
#6129=SHAPE_REPRESENTATION('Part 4',(#6530),#9507);
#6130=SHAPE_REPRESENTATION('Part 1',(#6537),#9508);
#6131=SHAPE_REPRESENTATION('Part 2',(#6546),#9509);
#6132=AXIS2_PLACEMENT_3D('',#7997,#6555,#6556);
#6133=AXIS2_PLACEMENT_3D('',#7998,#6557,#6558);
#6134=AXIS2_PLACEMENT_3D('',#8007,#6563,#6564);
#6135=AXIS2_PLACEMENT_3D('',#8016,#6569,#6570);
#6136=AXIS2_PLACEMENT_3D('',#8025,#6575,#6576);
#6137=AXIS2_PLACEMENT_3D('',#8175,#6652,#6653);
#6138=AXIS2_PLACEMENT_3D('',#8184,#6657,#6658);
#6139=AXIS2_PLACEMENT_3D('',#8217,#6675,#6676);
#6140=AXIS2_PLACEMENT_3D('',#8223,#6680,#6681);
#6141=AXIS2_PLACEMENT_3D('',#8229,#6685,#6686);
#6142=AXIS2_PLACEMENT_3D('',#8235,#6690,#6691);
#6143=AXIS2_PLACEMENT_3D('',#8240,#6695,#6696);
#6144=AXIS2_PLACEMENT_3D('',#8248,#6701,#6702);
#6145=AXIS2_PLACEMENT_3D('',#8262,#6710,#6711);
#6146=AXIS2_PLACEMENT_3D('',#8273,#6718,#6719);
#6147=AXIS2_PLACEMENT_3D('',#8283,#6725,#6726);
#6148=AXIS2_PLACEMENT_3D('',#8292,#6731,#6732);
#6149=AXIS2_PLACEMENT_3D('',#8293,#6733,#6734);
#6150=AXIS2_PLACEMENT_3D('',#8295,#6735,#6736);
#6151=AXIS2_PLACEMENT_3D('',#8297,#6737,#6738);
#6152=AXIS2_PLACEMENT_3D('',#8298,#6739,#6740);
#6153=AXIS2_PLACEMENT_3D('',#8300,#6741,#6742);
#6154=AXIS2_PLACEMENT_3D('',#8302,#6743,#6744);
#6155=AXIS2_PLACEMENT_3D('',#8303,#6745,#6746);
#6156=AXIS2_PLACEMENT_3D('',#8304,#6747,#6748);
#6157=AXIS2_PLACEMENT_3D('',#8305,#6749,#6750);
#6158=AXIS2_PLACEMENT_3D('',#8306,#6751,#6752);
#6159=AXIS2_PLACEMENT_3D('',#8307,#6753,#6754);
#6160=AXIS2_PLACEMENT_3D('',#8308,#6755,#6756);
#6161=AXIS2_PLACEMENT_3D('',#8309,#6757,#6758);
#6162=AXIS2_PLACEMENT_3D('',#8310,#6759,#6760);
#6163=AXIS2_PLACEMENT_3D('',#8311,#6761,#6762);
#6164=AXIS2_PLACEMENT_3D('',#8336,#6775,#6776);
#6165=AXIS2_PLACEMENT_3D('',#8339,#6779,#6780);
#6166=AXIS2_PLACEMENT_3D('',#8341,#6782,#6783);
#6167=AXIS2_PLACEMENT_3D('',#8343,#6785,#6786);
#6168=AXIS2_PLACEMENT_3D('',#8345,#6788,#6789);
#6169=AXIS2_PLACEMENT_3D('',#8347,#6791,#6792);
#6170=AXIS2_PLACEMENT_3D('',#8349,#6794,#6795);
#6171=AXIS2_PLACEMENT_3D('',#8356,#6799,#6800);
#6172=AXIS2_PLACEMENT_3D('',#8357,#6801,#6802);
#6173=AXIS2_PLACEMENT_3D('',#8359,#6804,#6805);
#6174=AXIS2_PLACEMENT_3D('',#8360,#6806,#6807);
#6175=AXIS2_PLACEMENT_3D('',#8361,#6808,#6809);
#6176=AXIS2_PLACEMENT_3D('',#8368,#6813,#6814);
#6177=AXIS2_PLACEMENT_3D('',#8369,#6815,#6816);
#6178=AXIS2_PLACEMENT_3D('',#8371,#6818,#6819);
#6179=AXIS2_PLACEMENT_3D('',#8372,#6820,#6821);
#6180=AXIS2_PLACEMENT_3D('',#8373,#6822,#6823);
#6181=AXIS2_PLACEMENT_3D('',#8380,#6827,#6828);
#6182=AXIS2_PLACEMENT_3D('',#8381,#6829,#6830);
#6183=AXIS2_PLACEMENT_3D('',#8383,#6832,#6833);
#6184=AXIS2_PLACEMENT_3D('',#8384,#6834,#6835);
#6185=AXIS2_PLACEMENT_3D('',#8385,#6836,#6837);
#6186=AXIS2_PLACEMENT_3D('',#8394,#6842,#6843);
#6187=AXIS2_PLACEMENT_3D('',#8395,#6844,#6845);
#6188=AXIS2_PLACEMENT_3D('',#8397,#6847,#6848);
#6189=AXIS2_PLACEMENT_3D('',#8399,#6850,#6851);
#6190=AXIS2_PLACEMENT_3D('',#8400,#6852,#6853);
#6191=AXIS2_PLACEMENT_3D('',#8401,#6854,#6855);
#6192=AXIS2_PLACEMENT_3D('',#8408,#6859,#6860);
#6193=AXIS2_PLACEMENT_3D('',#8409,#6861,#6862);
#6194=AXIS2_PLACEMENT_3D('',#8411,#6864,#6865);
#6195=AXIS2_PLACEMENT_3D('',#8412,#6866,#6867);
#6196=AXIS2_PLACEMENT_3D('',#8413,#6868,#6869);
#6197=AXIS2_PLACEMENT_3D('',#8420,#6873,#6874);
#6198=AXIS2_PLACEMENT_3D('',#8421,#6875,#6876);
#6199=AXIS2_PLACEMENT_3D('',#8423,#6878,#6879);
#6200=AXIS2_PLACEMENT_3D('',#8424,#6880,#6881);
#6201=AXIS2_PLACEMENT_3D('',#8425,#6882,#6883);
#6202=AXIS2_PLACEMENT_3D('',#8432,#6887,#6888);
#6203=AXIS2_PLACEMENT_3D('',#8433,#6889,#6890);
#6204=AXIS2_PLACEMENT_3D('',#8437,#6893,#6894);
#6205=AXIS2_PLACEMENT_3D('',#8440,#6896,#6897);
#6206=AXIS2_PLACEMENT_3D('',#8441,#6898,#6899);
#6207=AXIS2_PLACEMENT_3D('',#8443,#6901,#6902);
#6208=AXIS2_PLACEMENT_3D('',#8450,#6906,#6907);
#6209=AXIS2_PLACEMENT_3D('',#8451,#6908,#6909);
#6210=AXIS2_PLACEMENT_3D('',#8453,#6911,#6912);
#6211=AXIS2_PLACEMENT_3D('',#8454,#6913,#6914);
#6212=AXIS2_PLACEMENT_3D('',#8455,#6915,#6916);
#6213=AXIS2_PLACEMENT_3D('',#8462,#6920,#6921);
#6214=AXIS2_PLACEMENT_3D('',#8463,#6922,#6923);
#6215=AXIS2_PLACEMENT_3D('',#8465,#6925,#6926);
#6216=AXIS2_PLACEMENT_3D('',#8466,#6927,#6928);
#6217=AXIS2_PLACEMENT_3D('',#8467,#6929,#6930);
#6218=AXIS2_PLACEMENT_3D('',#8474,#6934,#6935);
#6219=AXIS2_PLACEMENT_3D('',#8475,#6936,#6937);
#6220=AXIS2_PLACEMENT_3D('',#8477,#6939,#6940);
#6221=AXIS2_PLACEMENT_3D('',#8478,#6941,#6942);
#6222=AXIS2_PLACEMENT_3D('',#8479,#6943,#6944);
#6223=AXIS2_PLACEMENT_3D('',#8486,#6948,#6949);
#6224=AXIS2_PLACEMENT_3D('',#8487,#6950,#6951);
#6225=AXIS2_PLACEMENT_3D('',#8489,#6953,#6954);
#6226=AXIS2_PLACEMENT_3D('',#8490,#6955,#6956);
#6227=AXIS2_PLACEMENT_3D('',#8491,#6957,#6958);
#6228=AXIS2_PLACEMENT_3D('',#8498,#6962,#6963);
#6229=AXIS2_PLACEMENT_3D('',#8499,#6964,#6965);
#6230=AXIS2_PLACEMENT_3D('',#8501,#6967,#6968);
#6231=AXIS2_PLACEMENT_3D('',#8502,#6969,#6970);
#6232=AXIS2_PLACEMENT_3D('',#8503,#6971,#6972);
#6233=AXIS2_PLACEMENT_3D('',#8510,#6976,#6977);
#6234=AXIS2_PLACEMENT_3D('',#8511,#6978,#6979);
#6235=AXIS2_PLACEMENT_3D('',#8513,#6981,#6982);
#6236=AXIS2_PLACEMENT_3D('',#8514,#6983,#6984);
#6237=AXIS2_PLACEMENT_3D('',#8515,#6985,#6986);
#6238=AXIS2_PLACEMENT_3D('',#8522,#6990,#6991);
#6239=AXIS2_PLACEMENT_3D('',#8523,#6992,#6993);
#6240=AXIS2_PLACEMENT_3D('',#8525,#6995,#6996);
#6241=AXIS2_PLACEMENT_3D('',#8526,#6997,#6998);
#6242=AXIS2_PLACEMENT_3D('',#8527,#6999,#7000);
#6243=AXIS2_PLACEMENT_3D('',#8534,#7004,#7005);
#6244=AXIS2_PLACEMENT_3D('',#8535,#7006,#7007);
#6245=AXIS2_PLACEMENT_3D('',#8537,#7009,#7010);
#6246=AXIS2_PLACEMENT_3D('',#8538,#7011,#7012);
#6247=AXIS2_PLACEMENT_3D('',#8539,#7013,#7014);
#6248=AXIS2_PLACEMENT_3D('',#8546,#7018,#7019);
#6249=AXIS2_PLACEMENT_3D('',#8547,#7020,#7021);
#6250=AXIS2_PLACEMENT_3D('',#8549,#7023,#7024);
#6251=AXIS2_PLACEMENT_3D('',#8550,#7025,#7026);
#6252=AXIS2_PLACEMENT_3D('',#8553,#7028,#7029);
#6253=AXIS2_PLACEMENT_3D('',#8555,#7031,#7032);
#6254=AXIS2_PLACEMENT_3D('',#8564,#7037,#7038);
#6255=AXIS2_PLACEMENT_3D('',#8565,#7039,#7040);
#6256=AXIS2_PLACEMENT_3D('',#8567,#7042,#7043);
#6257=AXIS2_PLACEMENT_3D('',#8569,#7045,#7046);
#6258=AXIS2_PLACEMENT_3D('',#8570,#7047,#7048);
#6259=AXIS2_PLACEMENT_3D('',#8571,#7049,#7050);
#6260=AXIS2_PLACEMENT_3D('',#8580,#7055,#7056);
#6261=AXIS2_PLACEMENT_3D('',#8583,#7059,#7060);
#6262=AXIS2_PLACEMENT_3D('',#8584,#7061,#7062);
#6263=AXIS2_PLACEMENT_3D('',#8585,#7063,#7064);
#6264=AXIS2_PLACEMENT_3D('',#8586,#7065,#7066);
#6265=AXIS2_PLACEMENT_3D('',#8587,#7067,#7068);
#6266=AXIS2_PLACEMENT_3D('',#8596,#7073,#7074);
#6267=AXIS2_PLACEMENT_3D('',#8599,#7077,#7078);
#6268=AXIS2_PLACEMENT_3D('',#8600,#7079,#7080);
#6269=AXIS2_PLACEMENT_3D('',#8601,#7081,#7082);
#6270=AXIS2_PLACEMENT_3D('',#8602,#7083,#7084);
#6271=AXIS2_PLACEMENT_3D('',#8603,#7085,#7086);
#6272=AXIS2_PLACEMENT_3D('',#8612,#7091,#7092);
#6273=AXIS2_PLACEMENT_3D('',#8613,#7093,#7094);
#6274=AXIS2_PLACEMENT_3D('',#8615,#7096,#7097);
#6275=AXIS2_PLACEMENT_3D('',#8617,#7099,#7100);
#6276=AXIS2_PLACEMENT_3D('',#8620,#7102,#7103);
#6277=AXIS2_PLACEMENT_3D('',#8621,#7104,#7105);
#6278=AXIS2_PLACEMENT_3D('',#8623,#7107,#7108);
#6279=AXIS2_PLACEMENT_3D('',#8627,#7111,#7112);
#6280=AXIS2_PLACEMENT_3D('',#8631,#7115,#7116);
#6281=AXIS2_PLACEMENT_3D('',#8633,#7118,#7119);
#6282=AXIS2_PLACEMENT_3D('',#8637,#7121,#7122);
#6283=AXIS2_PLACEMENT_3D('',#8645,#7126,#7127);
#6284=AXIS2_PLACEMENT_3D('',#8654,#7132,#7133);
#6285=AXIS2_PLACEMENT_3D('',#8657,#7136,#7137);
#6286=AXIS2_PLACEMENT_3D('',#8660,#7140,#7141);
#6287=AXIS2_PLACEMENT_3D('',#8661,#7142,#7143);
#6288=AXIS2_PLACEMENT_3D('',#8663,#7145,#7146);
#6289=AXIS2_PLACEMENT_3D('',#8666,#7149,#7150);
#6290=AXIS2_PLACEMENT_3D('',#8668,#7152,#7153);
#6291=AXIS2_PLACEMENT_3D('',#8670,#7155,#7156);
#6292=AXIS2_PLACEMENT_3D('',#8671,#7157,#7158);
#6293=AXIS2_PLACEMENT_3D('',#8673,#7160,#7161);
#6294=AXIS2_PLACEMENT_3D('',#8674,#7162,#7163);
#6295=AXIS2_PLACEMENT_3D('',#8675,#7164,#7165);
#6296=AXIS2_PLACEMENT_3D('',#8676,#7166,#7167);
#6297=AXIS2_PLACEMENT_3D('',#8677,#7168,#7169);
#6298=AXIS2_PLACEMENT_3D('',#8679,#7171,#7172);
#6299=AXIS2_PLACEMENT_3D('',#8682,#7175,#7176);
#6300=AXIS2_PLACEMENT_3D('',#8684,#7178,#7179);
#6301=AXIS2_PLACEMENT_3D('',#8686,#7181,#7182);
#6302=AXIS2_PLACEMENT_3D('',#8687,#7183,#7184);
#6303=AXIS2_PLACEMENT_3D('',#8688,#7185,#7186);
#6304=AXIS2_PLACEMENT_3D('',#8689,#7187,#7188);
#6305=AXIS2_PLACEMENT_3D('',#8690,#7189,#7190);
#6306=AXIS2_PLACEMENT_3D('',#8691,#7191,#7192);
#6307=AXIS2_PLACEMENT_3D('',#8692,#7193,#7194);
#6308=AXIS2_PLACEMENT_3D('',#8693,#7195,#7196);
#6309=AXIS2_PLACEMENT_3D('',#8694,#7197,#7198);
#6310=AXIS2_PLACEMENT_3D('',#8695,#7199,#7200);
#6311=AXIS2_PLACEMENT_3D('',#8696,#7201,#7202);
#6312=AXIS2_PLACEMENT_3D('',#8697,#7203,#7204);
#6313=AXIS2_PLACEMENT_3D('',#8698,#7205,#7206);
#6314=AXIS2_PLACEMENT_3D('',#8699,#7207,#7208);
#6315=AXIS2_PLACEMENT_3D('',#8700,#7209,#7210);
#6316=AXIS2_PLACEMENT_3D('',#8701,#7211,#7212);
#6317=AXIS2_PLACEMENT_3D('',#8702,#7213,#7214);
#6318=AXIS2_PLACEMENT_3D('',#8703,#7215,#7216);
#6319=AXIS2_PLACEMENT_3D('',#8704,#7217,#7218);
#6320=AXIS2_PLACEMENT_3D('',#8705,#7219,#7220);
#6321=AXIS2_PLACEMENT_3D('',#8706,#7221,#7222);
#6322=AXIS2_PLACEMENT_3D('',#8707,#7223,#7224);
#6323=AXIS2_PLACEMENT_3D('',#8708,#7225,#7226);
#6324=AXIS2_PLACEMENT_3D('',#8709,#7227,#7228);
#6325=AXIS2_PLACEMENT_3D('',#8711,#7229,#7230);
#6326=AXIS2_PLACEMENT_3D('',#8712,#7231,#7232);
#6327=AXIS2_PLACEMENT_3D('',#8714,#7233,#7234);
#6328=AXIS2_PLACEMENT_3D('',#8726,#7241,#7242);
#6329=AXIS2_PLACEMENT_3D('',#8884,#7322,#7323);
#6330=AXIS2_PLACEMENT_3D('',#8897,#7329,#7330);
#6331=AXIS2_PLACEMENT_3D('',#8910,#7337,#7338);
#6332=AXIS2_PLACEMENT_3D('',#8914,#7341,#7342);
#6333=AXIS2_PLACEMENT_3D('',#8918,#7345,#7346);
#6334=AXIS2_PLACEMENT_3D('',#8922,#7349,#7350);
#6335=AXIS2_PLACEMENT_3D('',#8926,#7353,#7354);
#6336=AXIS2_PLACEMENT_3D('',#8941,#7363,#7364);
#6337=AXIS2_PLACEMENT_3D('',#8955,#7372,#7373);
#6338=AXIS2_PLACEMENT_3D('',#8961,#7377,#7378);
#6339=AXIS2_PLACEMENT_3D('',#8971,#7384,#7385);
#6340=AXIS2_PLACEMENT_3D('',#8980,#7390,#7391);
#6341=AXIS2_PLACEMENT_3D('',#8981,#7392,#7393);
#6342=AXIS2_PLACEMENT_3D('',#8983,#7394,#7395);
#6343=AXIS2_PLACEMENT_3D('',#8984,#7396,#7397);
#6344=AXIS2_PLACEMENT_3D('',#8986,#7398,#7399);
#6345=AXIS2_PLACEMENT_3D('',#8987,#7400,#7401);
#6346=AXIS2_PLACEMENT_3D('',#8988,#7402,#7403);
#6347=AXIS2_PLACEMENT_3D('',#8989,#7404,#7405);
#6348=AXIS2_PLACEMENT_3D('',#8990,#7406,#7407);
#6349=AXIS2_PLACEMENT_3D('',#8991,#7408,#7409);
#6350=AXIS2_PLACEMENT_3D('',#8992,#7410,#7411);
#6351=AXIS2_PLACEMENT_3D('',#8993,#7412,#7413);
#6352=AXIS2_PLACEMENT_3D('',#8994,#7414,#7415);
#6353=AXIS2_PLACEMENT_3D('',#8995,#7416,#7417);
#6354=AXIS2_PLACEMENT_3D('',#9020,#7430,#7431);
#6355=AXIS2_PLACEMENT_3D('',#9023,#7434,#7435);
#6356=AXIS2_PLACEMENT_3D('',#9025,#7437,#7438);
#6357=AXIS2_PLACEMENT_3D('',#9027,#7440,#7441);
#6358=AXIS2_PLACEMENT_3D('',#9029,#7443,#7444);
#6359=AXIS2_PLACEMENT_3D('',#9031,#7446,#7447);
#6360=AXIS2_PLACEMENT_3D('',#9033,#7449,#7450);
#6361=AXIS2_PLACEMENT_3D('',#9040,#7454,#7455);
#6362=AXIS2_PLACEMENT_3D('',#9042,#7457,#7458);
#6363=AXIS2_PLACEMENT_3D('',#9043,#7459,#7460);
#6364=AXIS2_PLACEMENT_3D('',#9044,#7461,#7462);
#6365=AXIS2_PLACEMENT_3D('',#9045,#7463,#7464);
#6366=AXIS2_PLACEMENT_3D('',#9052,#7468,#7469);
#6367=AXIS2_PLACEMENT_3D('',#9054,#7471,#7472);
#6368=AXIS2_PLACEMENT_3D('',#9055,#7473,#7474);
#6369=AXIS2_PLACEMENT_3D('',#9056,#7475,#7476);
#6370=AXIS2_PLACEMENT_3D('',#9057,#7477,#7478);
#6371=AXIS2_PLACEMENT_3D('',#9064,#7482,#7483);
#6372=AXIS2_PLACEMENT_3D('',#9066,#7485,#7486);
#6373=AXIS2_PLACEMENT_3D('',#9067,#7487,#7488);
#6374=AXIS2_PLACEMENT_3D('',#9068,#7489,#7490);
#6375=AXIS2_PLACEMENT_3D('',#9069,#7491,#7492);
#6376=AXIS2_PLACEMENT_3D('',#9076,#7496,#7497);
#6377=AXIS2_PLACEMENT_3D('',#9077,#7498,#7499);
#6378=AXIS2_PLACEMENT_3D('',#9079,#7501,#7502);
#6379=AXIS2_PLACEMENT_3D('',#9080,#7503,#7504);
#6380=AXIS2_PLACEMENT_3D('',#9081,#7505,#7506);
#6381=AXIS2_PLACEMENT_3D('',#9088,#7510,#7511);
#6382=AXIS2_PLACEMENT_3D('',#9090,#7513,#7514);
#6383=AXIS2_PLACEMENT_3D('',#9091,#7515,#7516);
#6384=AXIS2_PLACEMENT_3D('',#9092,#7517,#7518);
#6385=AXIS2_PLACEMENT_3D('',#9093,#7519,#7520);
#6386=AXIS2_PLACEMENT_3D('',#9100,#7524,#7525);
#6387=AXIS2_PLACEMENT_3D('',#9102,#7527,#7528);
#6388=AXIS2_PLACEMENT_3D('',#9103,#7529,#7530);
#6389=AXIS2_PLACEMENT_3D('',#9104,#7531,#7532);
#6390=AXIS2_PLACEMENT_3D('',#9105,#7533,#7534);
#6391=AXIS2_PLACEMENT_3D('',#9112,#7538,#7539);
#6392=AXIS2_PLACEMENT_3D('',#9116,#7542,#7543);
#6393=AXIS2_PLACEMENT_3D('',#9117,#7544,#7545);
#6394=AXIS2_PLACEMENT_3D('',#9120,#7547,#7548);
#6395=AXIS2_PLACEMENT_3D('',#9121,#7549,#7550);
#6396=AXIS2_PLACEMENT_3D('',#9123,#7552,#7553);
#6397=AXIS2_PLACEMENT_3D('',#9130,#7557,#7558);
#6398=AXIS2_PLACEMENT_3D('',#9132,#7560,#7561);
#6399=AXIS2_PLACEMENT_3D('',#9133,#7562,#7563);
#6400=AXIS2_PLACEMENT_3D('',#9134,#7564,#7565);
#6401=AXIS2_PLACEMENT_3D('',#9135,#7566,#7567);
#6402=AXIS2_PLACEMENT_3D('',#9142,#7571,#7572);
#6403=AXIS2_PLACEMENT_3D('',#9144,#7574,#7575);
#6404=AXIS2_PLACEMENT_3D('',#9145,#7576,#7577);
#6405=AXIS2_PLACEMENT_3D('',#9146,#7578,#7579);
#6406=AXIS2_PLACEMENT_3D('',#9147,#7580,#7581);
#6407=AXIS2_PLACEMENT_3D('',#9154,#7585,#7586);
#6408=AXIS2_PLACEMENT_3D('',#9156,#7588,#7589);
#6409=AXIS2_PLACEMENT_3D('',#9157,#7590,#7591);
#6410=AXIS2_PLACEMENT_3D('',#9158,#7592,#7593);
#6411=AXIS2_PLACEMENT_3D('',#9159,#7594,#7595);
#6412=AXIS2_PLACEMENT_3D('',#9166,#7599,#7600);
#6413=AXIS2_PLACEMENT_3D('',#9168,#7602,#7603);
#6414=AXIS2_PLACEMENT_3D('',#9169,#7604,#7605);
#6415=AXIS2_PLACEMENT_3D('',#9170,#7606,#7607);
#6416=AXIS2_PLACEMENT_3D('',#9171,#7608,#7609);
#6417=AXIS2_PLACEMENT_3D('',#9178,#7613,#7614);
#6418=AXIS2_PLACEMENT_3D('',#9180,#7616,#7617);
#6419=AXIS2_PLACEMENT_3D('',#9181,#7618,#7619);
#6420=AXIS2_PLACEMENT_3D('',#9182,#7620,#7621);
#6421=AXIS2_PLACEMENT_3D('',#9183,#7622,#7623);
#6422=AXIS2_PLACEMENT_3D('',#9190,#7627,#7628);
#6423=AXIS2_PLACEMENT_3D('',#9192,#7630,#7631);
#6424=AXIS2_PLACEMENT_3D('',#9193,#7632,#7633);
#6425=AXIS2_PLACEMENT_3D('',#9194,#7634,#7635);
#6426=AXIS2_PLACEMENT_3D('',#9195,#7636,#7637);
#6427=AXIS2_PLACEMENT_3D('',#9202,#7641,#7642);
#6428=AXIS2_PLACEMENT_3D('',#9204,#7644,#7645);
#6429=AXIS2_PLACEMENT_3D('',#9205,#7646,#7647);
#6430=AXIS2_PLACEMENT_3D('',#9206,#7648,#7649);
#6431=AXIS2_PLACEMENT_3D('',#9207,#7650,#7651);
#6432=AXIS2_PLACEMENT_3D('',#9214,#7655,#7656);
#6433=AXIS2_PLACEMENT_3D('',#9216,#7658,#7659);
#6434=AXIS2_PLACEMENT_3D('',#9217,#7660,#7661);
#6435=AXIS2_PLACEMENT_3D('',#9218,#7662,#7663);
#6436=AXIS2_PLACEMENT_3D('',#9219,#7664,#7665);
#6437=AXIS2_PLACEMENT_3D('',#9226,#7669,#7670);
#6438=AXIS2_PLACEMENT_3D('',#9228,#7672,#7673);
#6439=AXIS2_PLACEMENT_3D('',#9229,#7674,#7675);
#6440=AXIS2_PLACEMENT_3D('',#9232,#7677,#7678);
#6441=AXIS2_PLACEMENT_3D('',#9233,#7679,#7680);
#6442=AXIS2_PLACEMENT_3D('',#9235,#7682,#7683);
#6443=AXIS2_PLACEMENT_3D('',#9242,#7687,#7688);
#6444=AXIS2_PLACEMENT_3D('',#9243,#7689,#7690);
#6445=AXIS2_PLACEMENT_3D('',#9245,#7692,#7693);
#6446=AXIS2_PLACEMENT_3D('',#9246,#7694,#7695);
#6447=AXIS2_PLACEMENT_3D('',#9247,#7696,#7697);
#6448=AXIS2_PLACEMENT_3D('',#9254,#7701,#7702);
#6449=AXIS2_PLACEMENT_3D('',#9256,#7704,#7705);
#6450=AXIS2_PLACEMENT_3D('',#9257,#7706,#7707);
#6451=AXIS2_PLACEMENT_3D('',#9258,#7708,#7709);
#6452=AXIS2_PLACEMENT_3D('',#9259,#7710,#7711);
#6453=AXIS2_PLACEMENT_3D('',#9266,#7715,#7716);
#6454=AXIS2_PLACEMENT_3D('',#9268,#7718,#7719);
#6455=AXIS2_PLACEMENT_3D('',#9269,#7720,#7721);
#6456=AXIS2_PLACEMENT_3D('',#9270,#7722,#7723);
#6457=AXIS2_PLACEMENT_3D('',#9271,#7724,#7725);
#6458=AXIS2_PLACEMENT_3D('',#9278,#7729,#7730);
#6459=AXIS2_PLACEMENT_3D('',#9280,#7732,#7733);
#6460=AXIS2_PLACEMENT_3D('',#9281,#7734,#7735);
#6461=AXIS2_PLACEMENT_3D('',#9282,#7736,#7737);
#6462=AXIS2_PLACEMENT_3D('',#9285,#7739,#7740);
#6463=AXIS2_PLACEMENT_3D('',#9287,#7742,#7743);
#6464=AXIS2_PLACEMENT_3D('',#9291,#7746,#7747);
#6465=AXIS2_PLACEMENT_3D('',#9295,#7750,#7751);
#6466=AXIS2_PLACEMENT_3D('',#9297,#7753,#7754);
#6467=AXIS2_PLACEMENT_3D('',#9309,#7760,#7761);
#6468=AXIS2_PLACEMENT_3D('',#9317,#7765,#7766);
#6469=AXIS2_PLACEMENT_3D('',#9318,#7767,#7768);
#6470=AXIS2_PLACEMENT_3D('',#9321,#7771,#7772);
#6471=AXIS2_PLACEMENT_3D('',#9324,#7775,#7776);
#6472=AXIS2_PLACEMENT_3D('',#9325,#7777,#7778);
#6473=AXIS2_PLACEMENT_3D('',#9327,#7780,#7781);
#6474=AXIS2_PLACEMENT_3D('',#9330,#7784,#7785);
#6475=AXIS2_PLACEMENT_3D('',#9332,#7787,#7788);
#6476=AXIS2_PLACEMENT_3D('',#9334,#7790,#7791);
#6477=AXIS2_PLACEMENT_3D('',#9335,#7792,#7793);
#6478=AXIS2_PLACEMENT_3D('',#9337,#7795,#7796);
#6479=AXIS2_PLACEMENT_3D('',#9338,#7797,#7798);
#6480=AXIS2_PLACEMENT_3D('',#9339,#7799,#7800);
#6481=AXIS2_PLACEMENT_3D('',#9340,#7801,#7802);
#6482=AXIS2_PLACEMENT_3D('',#9341,#7803,#7804);
#6483=AXIS2_PLACEMENT_3D('',#9342,#7805,#7806);
#6484=AXIS2_PLACEMENT_3D('',#9344,#7808,#7809);
#6485=AXIS2_PLACEMENT_3D('',#9347,#7812,#7813);
#6486=AXIS2_PLACEMENT_3D('',#9349,#7815,#7816);
#6487=AXIS2_PLACEMENT_3D('',#9351,#7818,#7819);
#6488=AXIS2_PLACEMENT_3D('',#9352,#7820,#7821);
#6489=AXIS2_PLACEMENT_3D('',#9353,#7822,#7823);
#6490=AXIS2_PLACEMENT_3D('',#9354,#7824,#7825);
#6491=AXIS2_PLACEMENT_3D('',#9355,#7826,#7827);
#6492=AXIS2_PLACEMENT_3D('',#9356,#7828,#7829);
#6493=AXIS2_PLACEMENT_3D('',#9357,#7830,#7831);
#6494=AXIS2_PLACEMENT_3D('',#9358,#7832,#7833);
#6495=AXIS2_PLACEMENT_3D('',#9359,#7834,#7835);
#6496=AXIS2_PLACEMENT_3D('',#9360,#7836,#7837);
#6497=AXIS2_PLACEMENT_3D('',#9361,#7838,#7839);
#6498=AXIS2_PLACEMENT_3D('',#9362,#7840,#7841);
#6499=AXIS2_PLACEMENT_3D('',#9363,#7842,#7843);
#6500=AXIS2_PLACEMENT_3D('',#9364,#7844,#7845);
#6501=AXIS2_PLACEMENT_3D('',#9365,#7846,#7847);
#6502=AXIS2_PLACEMENT_3D('',#9366,#7848,#7849);
#6503=AXIS2_PLACEMENT_3D('',#9367,#7850,#7851);
#6504=AXIS2_PLACEMENT_3D('',#9368,#7852,#7853);
#6505=AXIS2_PLACEMENT_3D('',#9369,#7854,#7855);
#6506=AXIS2_PLACEMENT_3D('',#9370,#7856,#7857);
#6507=AXIS2_PLACEMENT_3D('',#9371,#7858,#7859);
#6508=AXIS2_PLACEMENT_3D('',#9372,#7860,#7861);
#6509=AXIS2_PLACEMENT_3D('',#9373,#7862,#7863);
#6510=AXIS2_PLACEMENT_3D('',#9375,#7865,#7866);
#6511=AXIS2_PLACEMENT_3D('',#9377,#7868,#7869);
#6512=AXIS2_PLACEMENT_3D('',#9378,#7870,#7871);
#6513=AXIS2_PLACEMENT_3D('',#9379,#7872,#7873);
#6514=AXIS2_PLACEMENT_3D('',#9388,#7878,#7879);
#6515=AXIS2_PLACEMENT_3D('',#9394,#7883,#7884);
#6516=AXIS2_PLACEMENT_3D('',#9400,#7888,#7889);
#6517=AXIS2_PLACEMENT_3D('',#9406,#7893,#7894);
#6518=AXIS2_PLACEMENT_3D('',#9412,#7898,#7899);
#6519=AXIS2_PLACEMENT_3D('',#9418,#7903,#7904);
#6520=AXIS2_PLACEMENT_3D('',#9424,#7908,#7909);
#6521=AXIS2_PLACEMENT_3D('',#9425,#7910,#7911);
#6522=AXIS2_PLACEMENT_3D('',#9429,#7913,#7914);
#6523=AXIS2_PLACEMENT_3D('',#9430,#7915,#7916);
#6524=AXIS2_PLACEMENT_3D('',#9436,#7920,#7921);
#6525=AXIS2_PLACEMENT_3D('',#9442,#7925,#7926);
#6526=AXIS2_PLACEMENT_3D('',#9443,#7927,#7928);
#6527=AXIS2_PLACEMENT_3D('',#9444,#7929,#7930);
#6528=AXIS2_PLACEMENT_3D('',#9445,#7931,#7932);
#6529=AXIS2_PLACEMENT_3D('',#9446,#7933,#7934);
#6530=AXIS2_PLACEMENT_3D('',#9447,#7935,#7936);
#6531=AXIS2_PLACEMENT_3D('',#9448,#7937,#7938);
#6532=AXIS2_PLACEMENT_3D('',#9457,#7943,#7944);
#6533=AXIS2_PLACEMENT_3D('',#9463,#7948,#7949);
#6534=AXIS2_PLACEMENT_3D('',#9469,#7953,#7954);
#6535=AXIS2_PLACEMENT_3D('',#9472,#7957,#7958);
#6536=AXIS2_PLACEMENT_3D('',#9473,#7959,#7960);
#6537=AXIS2_PLACEMENT_3D('',#9474,#7961,#7962);
#6538=AXIS2_PLACEMENT_3D('',#9475,#7963,#7964);
#6539=AXIS2_PLACEMENT_3D('',#9476,#7965,#7966);
#6540=AXIS2_PLACEMENT_3D('',#9478,#7967,#7968);
#6541=AXIS2_PLACEMENT_3D('',#9480,#7969,#7970);
#6542=AXIS2_PLACEMENT_3D('',#9481,#7971,#7972);
#6543=AXIS2_PLACEMENT_3D('',#9483,#7973,#7974);
#6544=AXIS2_PLACEMENT_3D('',#9485,#7975,#7976);
#6545=AXIS2_PLACEMENT_3D('',#9486,#7977,#7978);
#6546=AXIS2_PLACEMENT_3D('',#9487,#7979,#7980);
#6547=AXIS2_PLACEMENT_3D('',#9488,#7981,#7982);
#6548=AXIS2_PLACEMENT_3D('',#9489,#7983,#7984);
#6549=AXIS2_PLACEMENT_3D('',#9491,#7985,#7986);
#6550=AXIS2_PLACEMENT_3D('',#9493,#7987,#7988);
#6551=AXIS2_PLACEMENT_3D('',#9494,#7989,#7990);
#6552=AXIS2_PLACEMENT_3D('',#9496,#7991,#7992);
#6553=AXIS2_PLACEMENT_3D('',#9498,#7993,#7994);
#6554=AXIS2_PLACEMENT_3D('',#9499,#7995,#7996);
#6555=DIRECTION('',(0.,0.,1.));
#6556=DIRECTION('',(1.,0.,0.));
#6557=DIRECTION('',(0.,-1.,0.));
#6558=DIRECTION('',(-1.,0.,0.));
#6559=DIRECTION('',(-0.798109145366094,0.,0.60251289785614));
#6560=DIRECTION('',(0.,0.,1.));
#6561=DIRECTION('',(-1.,0.,0.));
#6562=DIRECTION('',(0.,0.,1.));
#6563=DIRECTION('',(0.,-1.,0.));
#6564=DIRECTION('',(-1.,0.,0.));
#6565=DIRECTION('',(0.,0.,1.));
#6566=DIRECTION('',(-0.798109145366094,0.,-0.60251289785614));
#6567=DIRECTION('',(0.,0.,1.));
#6568=DIRECTION('',(1.,0.,0.));
#6569=DIRECTION('',(0.,-1.,0.));
#6570=DIRECTION('',(-1.,0.,0.));
#6571=DIRECTION('',(-1.,0.,0.));
#6572=DIRECTION('',(0.,0.,-1.));
#6573=DIRECTION('',(-1.,0.,0.));
#6574=DIRECTION('',(0.,0.,-1.));
#6575=DIRECTION('',(0.,0.,1.));
#6576=DIRECTION('',(0.,-1.,0.));
#6577=DIRECTION('',(1.,0.,0.));
#6578=DIRECTION('',(0.,-1.,0.));
#6579=DIRECTION('',(1.,0.,0.));
#6580=DIRECTION('',(0.,1.,0.));
#6581=DIRECTION('',(0.674809745661383,-0.737991739222343,0.));
#6582=DIRECTION('',(1.,0.,0.));
#6583=DIRECTION('',(-0.679216310393519,0.733938147050155,0.));
#6584=DIRECTION('',(-0.593602659931917,-0.804758275584509,0.));
#6585=DIRECTION('',(1.,0.,0.));
#6586=DIRECTION('',(0.600692465494992,0.799480182304445,0.));
#6587=DIRECTION('',(0.748012116015906,-0.663685071621629,0.));
#6588=DIRECTION('',(0.,-1.,0.));
#6589=DIRECTION('',(0.,-1.,0.));
#6590=DIRECTION('',(-1.,0.,0.));
#6591=DIRECTION('',(0.,-1.,0.));
#6592=DIRECTION('',(0.999999859286718,0.000530496508124765,0.));
#6593=DIRECTION('',(-0.732800988932451,0.680443025256062,0.));
#6594=DIRECTION('',(0.7315981940356,0.681736079787368,0.));
#6595=DIRECTION('',(0.,-1.,0.));
#6596=DIRECTION('',(-0.731598194035602,-0.681736079787367,0.));
#6597=DIRECTION('',(-0.732800988932457,0.680443025256056,0.));
#6598=DIRECTION('',(0.,-1.,0.));
#6599=DIRECTION('',(-0.732800988932457,0.680443025256056,0.));
#6600=DIRECTION('',(0.731598194035564,0.681736079787407,0.));
#6601=DIRECTION('',(-0.730637933017349,-0.682765121279738,0.));
#6602=DIRECTION('',(-0.999998111248623,-0.00194357896346378,0.));
#6603=DIRECTION('',(0.,-1.,0.));
#6604=DIRECTION('',(1.,0.,0.));
#6605=DIRECTION('',(0.,-1.,0.));
#6606=DIRECTION('',(0.,-1.,0.));
#6607=DIRECTION('',(-1.,0.,0.));
#6608=DIRECTION('',(-0.731357042535863,-0.681994777350382,0.));
#6609=DIRECTION('',(-0.7330415915425,0.680183817117726,0.));
#6610=DIRECTION('',(0.000884160773159497,-0.999999609129787,0.));
#6611=DIRECTION('',(-0.733041591542499,0.680183817117726,0.));
#6612=DIRECTION('',(-0.000884160773159901,0.999999609129787,0.));
#6613=DIRECTION('',(-0.732316218590851,-0.680964724481964,0.));
#6614=DIRECTION('',(0.731357042535865,0.681994777350379,0.));
#6615=DIRECTION('',(0.999999609129787,0.000884160773152702,0.));
#6616=DIRECTION('',(-0.73304159154249,0.680183817117736,0.));
#6617=DIRECTION('',(0.731958158191066,0.681349583295934,0.));
#6618=DIRECTION('',(0.732441503467754,-0.680829967023997,0.));
#6619=DIRECTION('',(-0.000707328651703784,0.999999749843058,0.));
#6620=DIRECTION('',(-0.732800988932456,0.680443025256056,0.));
#6621=DIRECTION('',(-0.000530496508131481,0.999999859286718,0.));
#6622=DIRECTION('',(-0.732557005737628,-0.680705687756993,0.));
#6623=DIRECTION('',(-0.731477629722241,-0.681865439229715,0.));
#6624=DIRECTION('',(-0.732921301696563,0.680313431823462,0.));
#6625=DIRECTION('',(0.000707328651704428,-0.999999749843058,0.));
#6626=DIRECTION('',(0.733278817294867,-0.679928066861959,0.));
#6627=DIRECTION('',(0.000530496508131124,-0.999999859286718,0.));
#6628=DIRECTION('',(0.732078631276974,0.681220138888768,0.));
#6629=DIRECTION('',(0.733399038990289,-0.679798388941987,0.));
#6630=DIRECTION('',(0.000707328651703638,-0.999999749843058,0.));
#6631=DIRECTION('',(0.731958158191067,0.681349583295933,0.));
#6632=DIRECTION('',(-0.732921301696562,0.680313431823462,0.));
#6633=DIRECTION('',(-0.000707328651704353,0.999999749843058,0.));
#6634=DIRECTION('',(-0.732436623615747,-0.680835216764207,0.));
#6635=DIRECTION('',(0.731477629722247,0.681865439229709,0.));
#6636=DIRECTION('',(0.999999749843058,0.000707328651697699,0.));
#6637=DIRECTION('',(-0.732921301696554,0.680313431823472,0.));
#6638=DIRECTION('',(0.732078631276972,0.68122013888877,0.));
#6639=DIRECTION('',(0.999999859286718,0.000530496508137831,0.));
#6640=DIRECTION('',(0.732321099371117,-0.680959475604738,0.));
#6641=DIRECTION('',(0.732441503467754,-0.680829967023997,0.));
#6642=DIRECTION('',(0.731958158191057,0.681349583295944,0.));
#6643=DIRECTION('',(0.999999749843058,0.000707328651710691,0.));
#6644=DIRECTION('',(-0.731958158191065,-0.681349583295934,0.));
#6645=DIRECTION('',(-0.99999975095499,0.000705754884823159,0.));
#6646=DIRECTION('',(0.731482516958374,-0.681860196363039,0.));
#6647=DIRECTION('',(-0.732441503467714,0.680829967024039,0.));
#6648=DIRECTION('',(-0.73207863127698,-0.681220138888761,0.));
#6649=DIRECTION('',(-0.999999610520012,0.000882587006499455,0.));
#6650=DIRECTION('',(0.731361930699022,-0.681989535348013,0.));
#6651=DIRECTION('',(-0.732321099371046,0.680959475604813,0.));
#6652=DIRECTION('',(0.,0.,-1.));
#6653=DIRECTION('',(0.,1.,0.));
#6654=DIRECTION('',(0.,1.,0.));
#6655=DIRECTION('',(1.,0.,0.));
#6656=DIRECTION('',(0.,-1.,0.));
#6657=DIRECTION('',(0.,0.,1.));
#6658=DIRECTION('',(0.,-1.,0.));
#6659=DIRECTION('',(0.,-1.,0.));
#6660=DIRECTION('',(1.,0.,0.));
#6661=DIRECTION('',(0.,1.,0.));
#6662=DIRECTION('',(1.,0.,0.));
#6663=DIRECTION('',(0.,-1.,0.));
#6664=DIRECTION('',(-0.730517186751359,-0.682894310900947,0.));
#6665=DIRECTION('',(-0.999997751926544,-0.00212041077583408,0.));
#6666=DIRECTION('',(0.732921301696529,-0.680313431823499,0.));
#6667=DIRECTION('',(0.731477629722184,0.681865439229776,0.));
#6668=DIRECTION('',(0.732078631276982,0.68122013888876,0.));
#6669=DIRECTION('',(0.732321099371105,-0.68095947560475,0.));
#6670=DIRECTION('',(-0.000530496508131213,0.999999859286718,0.));
#6671=DIRECTION('',(-0.730396417642376,-0.683023479168311,0.));
#6672=DIRECTION('',(-0.999997361334917,-0.00229724252189989,0.));
#6673=DIRECTION('',(0.733041591542414,-0.680183817117817,0.));
#6674=DIRECTION('',(0.731357042535823,0.681994777350425,0.));
#6675=DIRECTION('',(-1.,0.,0.));
#6676=DIRECTION('',(0.,1.,0.));
#6677=DIRECTION('',(0.,0.,-1.));
#6678=DIRECTION('',(0.,-1.,0.));
#6679=DIRECTION('',(0.,0.,-1.));
#6680=DIRECTION('',(-4.82705662880504E-15,0.,-1.));
#6681=DIRECTION('',(-1.,0.,4.82705662880504E-15));
#6682=DIRECTION('',(1.,0.,-4.82705662880504E-15));
#6683=DIRECTION('',(0.,-1.,0.));
#6684=DIRECTION('',(1.,0.,-4.82705662880504E-15));
#6685=DIRECTION('',(1.,0.,0.));
#6686=DIRECTION('',(0.,-1.,0.));
#6687=DIRECTION('',(0.,0.,1.));
#6688=DIRECTION('',(0.,-1.,0.));
#6689=DIRECTION('',(0.,0.,1.));
#6690=DIRECTION('',(0.,0.,-1.));
#6691=DIRECTION('',(0.,1.,0.));
#6692=DIRECTION('',(0.,-1.,0.));
#6693=DIRECTION('',(1.,0.,0.));
#6694=DIRECTION('',(1.,0.,0.));
#6695=DIRECTION('',(1.,0.,0.));
#6696=DIRECTION('',(0.,-1.,0.));
#6697=DIRECTION('',(0.,0.,1.));
#6698=DIRECTION('',(0.,1.,0.));
#6699=DIRECTION('',(0.,-1.,0.));
#6700=DIRECTION('',(0.,0.,1.));
#6701=DIRECTION('',(1.,0.,0.));
#6702=DIRECTION('',(0.,-1.,0.));
#6703=DIRECTION('',(0.,-1.,0.));
#6704=DIRECTION('',(0.,0.,-1.));
#6705=DIRECTION('',(0.,0.,-1.));
#6706=DIRECTION('',(0.,-1.,0.));
#6707=DIRECTION('',(0.,0.,-1.));
#6708=DIRECTION('',(0.,0.,1.));
#6709=DIRECTION('',(0.,-1.,0.));
#6710=DIRECTION('',(1.,0.,0.));
#6711=DIRECTION('',(0.,1.,0.));
#6712=DIRECTION('',(0.,-0.0954525733143129,-0.995433978849263));
#6713=DIRECTION('',(0.,-1.,0.));
#6714=DIRECTION('',(0.,0.,1.));
#6715=DIRECTION('',(0.,-1.,0.));
#6716=DIRECTION('',(0.,0.,1.));
#6717=DIRECTION('',(0.,1.,0.));
#6718=DIRECTION('',(0.,0.,-1.));
#6719=DIRECTION('',(0.,1.,0.));
#6720=DIRECTION('',(1.,0.,0.));
#6721=DIRECTION('',(0.,-1.,0.));
#6722=DIRECTION('',(-1.,0.,0.));
#6723=DIRECTION('',(0.,-1.,0.));
#6724=DIRECTION('',(1.,0.,0.));
#6725=DIRECTION('',(1.,0.,0.));
#6726=DIRECTION('',(0.,-1.,0.));
#6727=DIRECTION('',(0.,0.,1.));
#6728=DIRECTION('',(0.,-1.,0.));
#6729=DIRECTION('',(0.,-0.0954525733143129,-0.995433978849263));
#6730=DIRECTION('',(0.,-1.,0.));
#6731=DIRECTION('',(0.,-1.,0.));
#6732=DIRECTION('',(-1.,0.,0.));
#6733=DIRECTION('',(0.,-1.,0.));
#6734=DIRECTION('',(1.,0.,0.));
#6735=DIRECTION('',(0.,-1.,0.));
#6736=DIRECTION('',(-1.,0.,0.));
#6737=DIRECTION('',(0.,-1.,0.));
#6738=DIRECTION('',(-1.,0.,0.));
#6739=DIRECTION('',(0.,1.,0.));
#6740=DIRECTION('',(1.,0.,0.));
#6741=DIRECTION('',(0.,1.,0.));
#6742=DIRECTION('',(1.,0.,0.));
#6743=DIRECTION('',(0.,1.,0.));
#6744=DIRECTION('',(1.,0.,0.));
#6745=DIRECTION('',(0.,1.,0.));
#6746=DIRECTION('',(1.,0.,0.));
#6747=DIRECTION('',(0.,1.,0.));
#6748=DIRECTION('',(1.,0.,0.));
#6749=DIRECTION('',(0.,1.,0.));
#6750=DIRECTION('',(1.,0.,0.));
#6751=DIRECTION('',(0.,-1.,0.));
#6752=DIRECTION('',(-1.,0.,0.));
#6753=DIRECTION('',(0.,1.,0.));
#6754=DIRECTION('',(1.,0.,0.));
#6755=DIRECTION('',(0.,0.995433978849263,-0.0954525733143129));
#6756=DIRECTION('',(0.,0.0954525733143129,0.995433978849264));
#6757=DIRECTION('',(0.,1.,0.));
#6758=DIRECTION('',(1.,0.,0.));
#6759=DIRECTION('',(0.,0.995433978849263,-0.0954525733143129));
#6760=DIRECTION('',(0.,-0.0954525733143129,-0.995433978849264));
#6761=DIRECTION('',(0.,0.,1.));
#6762=DIRECTION('',(1.,0.,0.));
#6763=DIRECTION('',(-0.593602659931917,-0.804758275584509,0.));
#6764=DIRECTION('',(0.679216310393519,-0.733938147050155,0.));
#6765=DIRECTION('',(-1.,0.,0.));
#6766=DIRECTION('',(-0.674809745661383,0.737991739222343,0.));
#6767=DIRECTION('',(0.,-1.,0.));
#6768=DIRECTION('',(-1.,0.,0.));
#6769=DIRECTION('',(0.,1.,0.));
#6770=DIRECTION('',(1.,0.,0.));
#6771=DIRECTION('',(0.,-1.,0.));
#6772=DIRECTION('',(0.748012116015906,-0.663685071621629,0.));
#6773=DIRECTION('',(0.600692465494992,0.799480182304445,0.));
#6774=DIRECTION('',(1.,0.,0.));
#6775=DIRECTION('',(0.,1.,0.));
#6776=DIRECTION('',(1.,0.,0.));
#6777=DIRECTION('',(0.,0.,-1.));
#6778=DIRECTION('',(0.,0.,-1.));
#6779=DIRECTION('',(1.,0.,0.));
#6780=DIRECTION('',(0.,-1.,0.));
#6781=DIRECTION('',(0.,0.,-1.));
#6782=DIRECTION('',(0.663685071621629,0.748012116015906,0.));
#6783=DIRECTION('',(0.748012116015906,-0.663685071621629,0.));
#6784=DIRECTION('',(0.,0.,-1.));
#6785=DIRECTION('',(-0.799480182304445,0.600692465494991,0.));
#6786=DIRECTION('',(0.600692465494992,0.799480182304445,0.));
#6787=DIRECTION('',(0.,0.,-1.));
#6788=DIRECTION('',(0.,1.,0.));
#6789=DIRECTION('',(1.,0.,0.));
#6790=DIRECTION('',(0.,0.,-1.));
#6791=DIRECTION('',(0.804758275584509,-0.593602659931917,0.));
#6792=DIRECTION('',(-0.593602659931917,-0.804758275584509,0.));
#6793=DIRECTION('',(0.,0.,-1.));
#6794=DIRECTION('',(0.,0.,1.));
#6795=DIRECTION('',(1.,0.,0.));
#6796=DIRECTION('',(-0.731357042535863,-0.681994777350382,0.));
#6797=DIRECTION('',(-0.000884160773159497,0.999999609129787,0.));
#6798=DIRECTION('',(-0.7330415915425,0.680183817117726,0.));
#6799=DIRECTION('',(-0.680183817117726,-0.733041591542499,0.));
#6800=DIRECTION('',(-0.7330415915425,0.680183817117726,0.));
#6801=DIRECTION('',(-0.680183817117726,-0.733041591542499,0.));
#6802=DIRECTION('',(0.7330415915425,-0.680183817117726,0.));
#6803=DIRECTION('',(0.,0.,-1.));
#6804=DIRECTION('',(0.681994777350382,-0.731357042535863,0.));
#6805=DIRECTION('',(-0.731357042535863,-0.681994777350382,0.));
#6806=DIRECTION('',(0.681994777350382,-0.731357042535863,0.));
#6807=DIRECTION('',(-0.731357042535863,-0.681994777350382,0.));
#6808=DIRECTION('',(0.,0.,1.));
#6809=DIRECTION('',(1.,0.,0.));
#6810=DIRECTION('',(-0.732316218590851,-0.680964724481964,0.));
#6811=DIRECTION('',(-0.000884160773159901,0.999999609129787,0.));
#6812=DIRECTION('',(-0.733041591542499,0.680183817117726,0.));
#6813=DIRECTION('',(0.680964724481964,-0.732316218590851,0.));
#6814=DIRECTION('',(-0.732316218590851,-0.680964724481964,0.));
#6815=DIRECTION('',(0.680964724481964,-0.732316218590851,0.));
#6816=DIRECTION('',(0.732316218590851,0.680964724481964,0.));
#6817=DIRECTION('',(0.,0.,-1.));
#6818=DIRECTION('',(-0.680183817117726,-0.733041591542499,0.));
#6819=DIRECTION('',(-0.733041591542499,0.680183817117726,0.));
#6820=DIRECTION('',(-0.680183817117726,-0.733041591542499,0.));
#6821=DIRECTION('',(-0.733041591542499,0.680183817117726,0.));
#6822=DIRECTION('',(0.,0.,1.));
#6823=DIRECTION('',(1.,0.,0.));
#6824=DIRECTION('',(-0.73304159154249,0.680183817117736,0.));
#6825=DIRECTION('',(0.999999609129787,0.000884160773152702,0.));
#6826=DIRECTION('',(0.731357042535865,0.681994777350379,0.));
#6827=DIRECTION('',(-0.680183817117736,-0.73304159154249,0.));
#6828=DIRECTION('',(-0.73304159154249,0.680183817117736,0.));
#6829=DIRECTION('',(-0.680183817117736,-0.73304159154249,0.));
#6830=DIRECTION('',(0.73304159154249,-0.680183817117736,0.));
#6831=DIRECTION('',(0.,0.,-1.));
#6832=DIRECTION('',(-0.681994777350379,0.731357042535865,0.));
#6833=DIRECTION('',(0.731357042535865,0.681994777350379,0.));
#6834=DIRECTION('',(-0.681994777350379,0.731357042535865,0.));
#6835=DIRECTION('',(0.731357042535865,0.681994777350379,0.));
#6836=DIRECTION('',(0.,0.,1.));
#6837=DIRECTION('',(1.,0.,0.));
#6838=DIRECTION('',(0.733041591542414,-0.680183817117817,0.));
#6839=DIRECTION('',(0.999997361334917,0.00229724252189989,0.));
#6840=DIRECTION('',(-0.730396417642376,-0.683023479168311,0.));
#6841=DIRECTION('',(0.731357042535823,0.681994777350425,0.));
#6842=DIRECTION('',(0.683023479168311,-0.730396417642376,0.));
#6843=DIRECTION('',(-0.730396417642376,-0.683023479168311,0.));
#6844=DIRECTION('',(0.683023479168311,-0.730396417642376,0.));
#6845=DIRECTION('',(-0.730396417642376,-0.683023479168311,0.));
#6846=DIRECTION('',(0.,0.,-1.));
#6847=DIRECTION('',(-0.681994777350424,0.731357042535823,0.));
#6848=DIRECTION('',(0.731357042535823,0.681994777350425,0.));
#6849=DIRECTION('',(0.,0.,-1.));
#6850=DIRECTION('',(0.680183817117817,0.733041591542414,0.));
#6851=DIRECTION('',(0.733041591542414,-0.680183817117817,0.));
#6852=DIRECTION('',(0.680183817117817,0.733041591542414,0.));
#6853=DIRECTION('',(-0.733041591542414,0.680183817117817,0.));
#6854=DIRECTION('',(0.,0.,1.));
#6855=DIRECTION('',(1.,0.,0.));
#6856=DIRECTION('',(0.731958158191066,0.681349583295934,0.));
#6857=DIRECTION('',(-0.000707328651703784,0.999999749843058,0.));
#6858=DIRECTION('',(0.732441503467754,-0.680829967023997,0.));
#6859=DIRECTION('',(0.680829967023997,0.732441503467754,0.));
#6860=DIRECTION('',(0.732441503467754,-0.680829967023997,0.));
#6861=DIRECTION('',(0.680829967023997,0.732441503467754,0.));
#6862=DIRECTION('',(-0.732441503467754,0.680829967023997,0.));
#6863=DIRECTION('',(0.,0.,-1.));
#6864=DIRECTION('',(-0.681349583295934,0.731958158191066,0.));
#6865=DIRECTION('',(0.731958158191066,0.681349583295934,0.));
#6866=DIRECTION('',(-0.681349583295934,0.731958158191066,0.));
#6867=DIRECTION('',(0.731958158191066,0.681349583295934,0.));
#6868=DIRECTION('',(0.,0.,1.));
#6869=DIRECTION('',(1.,0.,0.));
#6870=DIRECTION('',(-0.732557005737628,-0.680705687756993,0.));
#6871=DIRECTION('',(-0.000530496508131481,0.999999859286718,0.));
#6872=DIRECTION('',(-0.732800988932456,0.680443025256056,0.));
#6873=DIRECTION('',(0.680705687756993,-0.732557005737628,0.));
#6874=DIRECTION('',(-0.732557005737628,-0.680705687756993,0.));
#6875=DIRECTION('',(0.680705687756993,-0.732557005737628,0.));
#6876=DIRECTION('',(0.732557005737628,0.680705687756993,0.));
#6877=DIRECTION('',(0.,0.,-1.));
#6878=DIRECTION('',(-0.680443025256056,-0.732800988932456,0.));
#6879=DIRECTION('',(-0.732800988932456,0.680443025256056,0.));
#6880=DIRECTION('',(-0.680443025256056,-0.732800988932456,0.));
#6881=DIRECTION('',(-0.732800988932456,0.680443025256056,0.));
#6882=DIRECTION('',(0.,0.,1.));
#6883=DIRECTION('',(1.,0.,0.));
#6884=DIRECTION('',(-0.731598194035602,-0.681736079787366,0.));
#6885=DIRECTION('',(-0.000530496508131394,0.999999859286718,0.));
#6886=DIRECTION('',(-0.732800988932457,0.680443025256056,0.));
#6887=DIRECTION('',(-0.680443025256056,-0.732800988932457,0.));
#6888=DIRECTION('',(-0.732800988932457,0.680443025256056,0.));
#6889=DIRECTION('',(-0.680443025256056,-0.732800988932457,0.));
#6890=DIRECTION('',(0.732800988932457,-0.680443025256056,0.));
#6891=DIRECTION('',(-0.732800988932457,0.680443025256056,0.));
#6892=DIRECTION('',(0.,0.,-1.));
#6893=DIRECTION('',(0.681736079787366,-0.731598194035601,0.));
#6894=DIRECTION('',(-0.731598194035602,-0.681736079787367,0.));
#6895=DIRECTION('',(-0.731598194035602,-0.681736079787366,0.));
#6896=DIRECTION('',(0.681736079787366,-0.731598194035601,0.));
#6897=DIRECTION('',(-0.731598194035602,-0.681736079787367,0.));
#6898=DIRECTION('',(0.,0.,1.));
#6899=DIRECTION('',(1.,0.,0.));
#6900=DIRECTION('',(0.000530496508131394,-0.999999859286718,0.));
#6901=DIRECTION('',(0.,0.,1.));
#6902=DIRECTION('',(1.,0.,0.));
#6903=DIRECTION('',(-0.731477629722241,-0.681865439229715,0.));
#6904=DIRECTION('',(-0.000707328651704428,0.999999749843058,0.));
#6905=DIRECTION('',(-0.732921301696563,0.680313431823462,0.));
#6906=DIRECTION('',(-0.680313431823462,-0.732921301696563,0.));
#6907=DIRECTION('',(-0.732921301696563,0.680313431823462,0.));
#6908=DIRECTION('',(-0.680313431823462,-0.732921301696563,0.));
#6909=DIRECTION('',(0.732921301696563,-0.680313431823462,0.));
#6910=DIRECTION('',(0.,0.,-1.));
#6911=DIRECTION('',(0.681865439229715,-0.731477629722241,0.));
#6912=DIRECTION('',(-0.731477629722241,-0.681865439229715,0.));
#6913=DIRECTION('',(0.681865439229715,-0.731477629722241,0.));
#6914=DIRECTION('',(-0.731477629722241,-0.681865439229715,0.));
#6915=DIRECTION('',(0.,0.,1.));
#6916=DIRECTION('',(1.,0.,0.));
#6917=DIRECTION('',(0.732078631276975,0.681220138888768,0.));
#6918=DIRECTION('',(-0.000530496508131124,0.999999859286718,0.));
#6919=DIRECTION('',(0.733278817294867,-0.679928066861959,0.));
#6920=DIRECTION('',(0.679928066861959,0.733278817294867,0.));
#6921=DIRECTION('',(0.733278817294867,-0.679928066861959,0.));
#6922=DIRECTION('',(0.679928066861959,0.733278817294867,0.));
#6923=DIRECTION('',(0.733278817294867,-0.679928066861959,0.));
#6924=DIRECTION('',(0.,0.,-1.));
#6925=DIRECTION('',(-0.681220138888767,0.732078631276974,0.));
#6926=DIRECTION('',(0.732078631276974,0.681220138888768,0.));
#6927=DIRECTION('',(-0.681220138888767,0.732078631276974,0.));
#6928=DIRECTION('',(-0.732078631276974,-0.681220138888768,0.));
#6929=DIRECTION('',(0.,0.,1.));
#6930=DIRECTION('',(1.,0.,0.));
#6931=DIRECTION('',(0.732078631276982,0.68122013888876,0.));
#6932=DIRECTION('',(-0.000530496508131213,0.999999859286718,0.));
#6933=DIRECTION('',(0.732321099371105,-0.68095947560475,0.));
#6934=DIRECTION('',(-0.68122013888876,0.732078631276981,0.));
#6935=DIRECTION('',(0.732078631276982,0.68122013888876,0.));
#6936=DIRECTION('',(-0.68122013888876,0.732078631276981,0.));
#6937=DIRECTION('',(0.732078631276982,0.68122013888876,0.));
#6938=DIRECTION('',(0.,0.,-1.));
#6939=DIRECTION('',(0.68095947560475,0.732321099371105,0.));
#6940=DIRECTION('',(0.732321099371105,-0.68095947560475,0.));
#6941=DIRECTION('',(0.68095947560475,0.732321099371105,0.));
#6942=DIRECTION('',(-0.732321099371105,0.68095947560475,0.));
#6943=DIRECTION('',(0.,0.,1.));
#6944=DIRECTION('',(1.,0.,0.));
#6945=DIRECTION('',(0.731958158191067,0.681349583295933,0.));
#6946=DIRECTION('',(-0.000707328651703638,0.999999749843058,0.));
#6947=DIRECTION('',(0.733399038990289,-0.679798388941987,0.));
#6948=DIRECTION('',(0.679798388941987,0.733399038990289,0.));
#6949=DIRECTION('',(0.733399038990289,-0.679798388941987,0.));
#6950=DIRECTION('',(0.679798388941987,0.733399038990289,0.));
#6951=DIRECTION('',(0.733399038990289,-0.679798388941987,0.));
#6952=DIRECTION('',(0.,0.,-1.));
#6953=DIRECTION('',(-0.681349583295932,0.731958158191067,0.));
#6954=DIRECTION('',(0.731958158191067,0.681349583295933,0.));
#6955=DIRECTION('',(-0.681349583295932,0.731958158191067,0.));
#6956=DIRECTION('',(-0.731958158191067,-0.681349583295933,0.));
#6957=DIRECTION('',(0.,0.,1.));
#6958=DIRECTION('',(1.,0.,0.));
#6959=DIRECTION('',(-0.732436623615747,-0.680835216764207,0.));
#6960=DIRECTION('',(-0.000707328651704353,0.999999749843058,0.));
#6961=DIRECTION('',(-0.732921301696563,0.680313431823462,0.));
#6962=DIRECTION('',(0.680835216764207,-0.732436623615747,0.));
#6963=DIRECTION('',(-0.732436623615747,-0.680835216764207,0.));
#6964=DIRECTION('',(0.680835216764207,-0.732436623615747,0.));
#6965=DIRECTION('',(0.732436623615747,0.680835216764207,0.));
#6966=DIRECTION('',(0.,0.,-1.));
#6967=DIRECTION('',(-0.680313431823462,-0.732921301696562,0.));
#6968=DIRECTION('',(-0.732921301696562,0.680313431823462,0.));
#6969=DIRECTION('',(-0.680313431823462,-0.732921301696562,0.));
#6970=DIRECTION('',(-0.732921301696563,0.680313431823462,0.));
#6971=DIRECTION('',(0.,0.,1.));
#6972=DIRECTION('',(1.,0.,0.));
#6973=DIRECTION('',(-0.732921301696554,0.680313431823472,0.));
#6974=DIRECTION('',(0.999999749843058,0.000707328651697699,0.));
#6975=DIRECTION('',(0.731477629722247,0.681865439229709,0.));
#6976=DIRECTION('',(-0.680313431823472,-0.732921301696554,0.));
#6977=DIRECTION('',(-0.732921301696554,0.680313431823472,0.));
#6978=DIRECTION('',(-0.680313431823472,-0.732921301696554,0.));
#6979=DIRECTION('',(0.732921301696554,-0.680313431823472,0.));
#6980=DIRECTION('',(0.,0.,-1.));
#6981=DIRECTION('',(-0.681865439229709,0.731477629722247,0.));
#6982=DIRECTION('',(0.731477629722247,0.681865439229709,0.));
#6983=DIRECTION('',(-0.681865439229709,0.731477629722247,0.));
#6984=DIRECTION('',(0.731477629722247,0.681865439229709,0.));
#6985=DIRECTION('',(0.,0.,1.));
#6986=DIRECTION('',(1.,0.,0.));
#6987=DIRECTION('',(0.732321099371117,-0.680959475604738,0.));
#6988=DIRECTION('',(-0.999999859286718,-0.000530496508137831,0.));
#6989=DIRECTION('',(0.732078631276972,0.68122013888877,0.));
#6990=DIRECTION('',(0.680959475604737,0.732321099371117,0.));
#6991=DIRECTION('',(0.732321099371117,-0.680959475604738,0.));
#6992=DIRECTION('',(0.680959475604737,0.732321099371117,0.));
#6993=DIRECTION('',(0.732321099371117,-0.680959475604738,0.));
#6994=DIRECTION('',(0.,0.,-1.));
#6995=DIRECTION('',(-0.68122013888877,0.732078631276972,0.));
#6996=DIRECTION('',(0.732078631276972,0.68122013888877,0.));
#6997=DIRECTION('',(-0.68122013888877,0.732078631276972,0.));
#6998=DIRECTION('',(0.732078631276972,0.68122013888877,0.));
#6999=DIRECTION('',(0.,0.,1.));
#7000=DIRECTION('',(1.,0.,0.));
#7001=DIRECTION('',(0.732441503467754,-0.680829967023997,0.));
#7002=DIRECTION('',(-0.999999749843058,-0.000707328651710691,0.));
#7003=DIRECTION('',(0.731958158191057,0.681349583295944,0.));
#7004=DIRECTION('',(-0.681349583295944,0.731958158191057,0.));
#7005=DIRECTION('',(0.731958158191057,0.681349583295944,0.));
#7006=DIRECTION('',(-0.681349583295944,0.731958158191057,0.));
#7007=DIRECTION('',(0.731958158191057,0.681349583295944,0.));
#7008=DIRECTION('',(0.,0.,-1.));
#7009=DIRECTION('',(0.680829967023997,0.732441503467754,0.));
#7010=DIRECTION('',(0.732441503467754,-0.680829967023997,0.));
#7011=DIRECTION('',(0.680829967023997,0.732441503467754,0.));
#7012=DIRECTION('',(0.732441503467754,-0.680829967023997,0.));
#7013=DIRECTION('',(0.,0.,1.));
#7014=DIRECTION('',(1.,0.,0.));
#7015=DIRECTION('',(-0.732800988932451,0.680443025256062,0.));
#7016=DIRECTION('',(0.999999859286718,0.000530496508124765,0.));
#7017=DIRECTION('',(0.7315981940356,0.681736079787368,0.));
#7018=DIRECTION('',(-0.680443025256062,-0.732800988932451,0.));
#7019=DIRECTION('',(-0.732800988932451,0.680443025256062,0.));
#7020=DIRECTION('',(-0.680443025256062,-0.732800988932451,0.));
#7021=DIRECTION('',(0.732800988932451,-0.680443025256062,0.));
#7022=DIRECTION('',(0.,0.,-1.));
#7023=DIRECTION('',(-0.681736079787368,0.7315981940356,0.));
#7024=DIRECTION('',(0.7315981940356,0.681736079787368,0.));
#7025=DIRECTION('',(-0.681736079787368,0.7315981940356,0.));
#7026=DIRECTION('',(0.7315981940356,0.681736079787368,0.));
#7027=DIRECTION('',(0.7315981940356,0.681736079787368,0.));
#7028=DIRECTION('',(0.,0.,1.));
#7029=DIRECTION('',(1.,0.,0.));
#7030=DIRECTION('',(0.999999859286718,0.000530496508124765,0.));
#7031=DIRECTION('',(0.,0.,1.));
#7032=DIRECTION('',(1.,0.,0.));
#7033=DIRECTION('',(0.732921301696529,-0.680313431823499,0.));
#7034=DIRECTION('',(0.999997751926544,0.00212041077583408,0.));
#7035=DIRECTION('',(-0.730517186751359,-0.682894310900947,0.));
#7036=DIRECTION('',(0.731477629722184,0.681865439229776,0.));
#7037=DIRECTION('',(0.682894310900947,-0.730517186751359,0.));
#7038=DIRECTION('',(-0.730517186751359,-0.682894310900947,0.));
#7039=DIRECTION('',(0.682894310900947,-0.730517186751359,0.));
#7040=DIRECTION('',(-0.730517186751359,-0.682894310900947,0.));
#7041=DIRECTION('',(0.,0.,-1.));
#7042=DIRECTION('',(-0.681865439229776,0.731477629722184,0.));
#7043=DIRECTION('',(0.731477629722184,0.681865439229776,0.));
#7044=DIRECTION('',(0.,0.,-1.));
#7045=DIRECTION('',(0.680313431823499,0.732921301696529,0.));
#7046=DIRECTION('',(0.732921301696529,-0.680313431823499,0.));
#7047=DIRECTION('',(0.680313431823499,0.732921301696529,0.));
#7048=DIRECTION('',(-0.732921301696529,0.680313431823499,0.));
#7049=DIRECTION('',(0.,0.,1.));
#7050=DIRECTION('',(1.,0.,0.));
#7051=DIRECTION('',(0.731482516958374,-0.681860196363039,0.));
#7052=DIRECTION('',(-0.99999975095499,0.000705754884823159,0.));
#7053=DIRECTION('',(-0.731958158191065,-0.681349583295934,0.));
#7054=DIRECTION('',(-0.732441503467714,0.680829967024039,0.));
#7055=DIRECTION('',(-0.680829967024039,-0.732441503467714,0.));
#7056=DIRECTION('',(-0.732441503467714,0.680829967024039,0.));
#7057=DIRECTION('',(0.,0.,-1.));
#7058=DIRECTION('',(0.,0.,-1.));
#7059=DIRECTION('',(0.681860196363039,0.731482516958374,0.));
#7060=DIRECTION('',(0.731482516958374,-0.681860196363039,0.));
#7061=DIRECTION('',(0.681860196363039,0.731482516958374,0.));
#7062=DIRECTION('',(-0.731482516958374,0.681860196363039,0.));
#7063=DIRECTION('',(0.681349583295934,-0.731958158191065,0.));
#7064=DIRECTION('',(-0.731958158191065,-0.681349583295934,0.));
#7065=DIRECTION('',(0.681349583295934,-0.731958158191065,0.));
#7066=DIRECTION('',(-0.731958158191065,-0.681349583295934,0.));
#7067=DIRECTION('',(0.,0.,1.));
#7068=DIRECTION('',(1.,0.,0.));
#7069=DIRECTION('',(0.731361930699022,-0.681989535348013,0.));
#7070=DIRECTION('',(-0.999999610520012,0.000882587006499455,0.));
#7071=DIRECTION('',(-0.73207863127698,-0.681220138888761,0.));
#7072=DIRECTION('',(-0.732321099371046,0.680959475604813,0.));
#7073=DIRECTION('',(-0.680959475604813,-0.732321099371046,0.));
#7074=DIRECTION('',(-0.732321099371046,0.680959475604813,0.));
#7075=DIRECTION('',(0.,0.,-1.));
#7076=DIRECTION('',(0.,0.,-1.));
#7077=DIRECTION('',(0.681989535348013,0.731361930699022,0.));
#7078=DIRECTION('',(0.731361930699022,-0.681989535348013,0.));
#7079=DIRECTION('',(0.681989535348013,0.731361930699022,0.));
#7080=DIRECTION('',(-0.731361930699022,0.681989535348013,0.));
#7081=DIRECTION('',(0.681220138888761,-0.73207863127698,0.));
#7082=DIRECTION('',(-0.73207863127698,-0.681220138888761,0.));
#7083=DIRECTION('',(0.681220138888761,-0.73207863127698,0.));
#7084=DIRECTION('',(-0.73207863127698,-0.681220138888762,0.));
#7085=DIRECTION('',(0.,0.,1.));
#7086=DIRECTION('',(1.,0.,0.));
#7087=DIRECTION('',(-0.732800988932457,0.680443025256056,0.));
#7088=DIRECTION('',(0.999998111248623,0.00194357896346378,0.));
#7089=DIRECTION('',(-0.730637933017349,-0.682765121279738,0.));
#7090=DIRECTION('',(0.731598194035564,0.681736079787407,0.));
#7091=DIRECTION('',(0.682765121279738,-0.730637933017349,0.));
#7092=DIRECTION('',(-0.730637933017349,-0.682765121279738,0.));
#7093=DIRECTION('',(0.682765121279738,-0.730637933017349,0.));
#7094=DIRECTION('',(-0.730637933017349,-0.682765121279738,0.));
#7095=DIRECTION('',(0.,0.,-1.));
#7096=DIRECTION('',(-0.681736079787407,0.731598194035564,0.));
#7097=DIRECTION('',(0.731598194035564,0.681736079787407,0.));
#7098=DIRECTION('',(0.,0.,-1.));
#7099=DIRECTION('',(-0.680443025256056,-0.732800988932457,0.));
#7100=DIRECTION('',(-0.732800988932457,0.680443025256056,0.));
#7101=DIRECTION('',(-0.732800988932457,0.680443025256056,0.));
#7102=DIRECTION('',(-0.680443025256056,-0.732800988932457,0.));
#7103=DIRECTION('',(-0.732800988932457,0.680443025256056,0.));
#7104=DIRECTION('',(0.,0.,1.));
#7105=DIRECTION('',(1.,0.,0.));
#7106=DIRECTION('',(-0.999998111248623,-0.00194357896346378,0.));
#7107=DIRECTION('',(0.,1.,0.));
#7108=DIRECTION('',(1.,0.,0.));
#7109=DIRECTION('',(-1.,0.,0.));
#7110=DIRECTION('',(0.,0.,-1.));
#7111=DIRECTION('',(-1.,0.,0.));
#7112=DIRECTION('',(0.,1.,0.));
#7113=DIRECTION('',(0.,0.,-1.));
#7114=DIRECTION('',(0.,-1.,0.));
#7115=DIRECTION('',(0.,0.,1.));
#7116=DIRECTION('',(0.,-1.,0.));
#7117=DIRECTION('',(-1.,0.,0.));
#7118=DIRECTION('',(0.,0.,1.));
#7119=DIRECTION('',(1.,0.,0.));
#7120=DIRECTION('',(0.,1.,0.));
#7121=DIRECTION('',(0.,0.,-1.));
#7122=DIRECTION('',(0.,-1.,0.));
#7123=DIRECTION('',(0.,1.,0.));
#7124=DIRECTION('',(-1.,0.,0.));
#7125=DIRECTION('',(0.,-1.,0.));
#7126=DIRECTION('',(0.,0.,-1.));
#7127=DIRECTION('',(0.,-1.,0.));
#7128=DIRECTION('',(0.,1.,0.));
#7129=DIRECTION('',(1.,0.,0.));
#7130=DIRECTION('',(0.,-1.,0.));
#7131=DIRECTION('',(-1.,0.,0.));
#7132=DIRECTION('',(0.,1.,0.));
#7133=DIRECTION('',(1.,0.,0.));
#7134=DIRECTION('',(0.,0.,-1.));
#7135=DIRECTION('',(0.,0.,-1.));
#7136=DIRECTION('',(0.,0.,-1.));
#7137=DIRECTION('',(0.,1.,0.));
#7138=DIRECTION('',(0.,0.,-1.));
#7139=DIRECTION('',(0.,0.,-1.));
#7140=DIRECTION('',(-1.,0.,0.));
#7141=DIRECTION('',(0.,1.,0.));
#7142=DIRECTION('',(1.,0.,0.));
#7143=DIRECTION('',(0.,-1.,0.));
#7144=DIRECTION('',(0.,0.,-1.));
#7145=DIRECTION('',(0.,0.,-1.));
#7146=DIRECTION('',(0.,1.,0.));
#7147=DIRECTION('',(0.,0.,-1.));
#7148=DIRECTION('',(0.,0.,-1.));
#7149=DIRECTION('',(-1.,0.,0.));
#7150=DIRECTION('',(0.,1.,0.));
#7151=DIRECTION('',(0.,0.,-1.));
#7152=DIRECTION('',(0.,-1.,0.));
#7153=DIRECTION('',(-1.,0.,0.));
#7154=DIRECTION('',(0.,0.,-1.));
#7155=DIRECTION('',(1.,0.,0.));
#7156=DIRECTION('',(0.,-1.,0.));
#7157=DIRECTION('',(0.,-1.,0.));
#7158=DIRECTION('',(-1.,0.,0.));
#7159=DIRECTION('',(0.,0.,-1.));
#7160=DIRECTION('',(-1.,0.,0.));
#7161=DIRECTION('',(0.,1.,0.));
#7162=DIRECTION('',(0.,-1.,0.));
#7163=DIRECTION('',(-1.,0.,0.));
#7164=DIRECTION('',(0.,0.995433978849263,-0.0954525733143129));
#7165=DIRECTION('',(0.,-0.0954525733143129,-0.995433978849264));
#7166=DIRECTION('',(0.,0.995433978849263,-0.0954525733143129));
#7167=DIRECTION('',(0.,0.0954525733143129,0.995433978849264));
#7168=DIRECTION('',(0.733938147050155,0.679216310393519,0.));
#7169=DIRECTION('',(0.679216310393519,-0.733938147050155,0.));
#7170=DIRECTION('',(0.,0.,-1.));
#7171=DIRECTION('',(-0.737991739222343,-0.674809745661383,0.));
#7172=DIRECTION('',(-0.674809745661383,0.737991739222343,0.));
#7173=DIRECTION('',(0.,0.,-1.));
#7174=DIRECTION('',(0.,0.,-1.));
#7175=DIRECTION('',(1.,0.,0.));
#7176=DIRECTION('',(0.,-1.,0.));
#7177=DIRECTION('',(0.,0.,-1.));
#7178=DIRECTION('',(-1.,0.,0.));
#7179=DIRECTION('',(0.,1.,0.));
#7180=DIRECTION('',(0.,0.,-1.));
#7181=DIRECTION('',(0.,-1.,0.));
#7182=DIRECTION('',(-1.,0.,0.));
#7183=DIRECTION('',(0.,-1.,0.));
#7184=DIRECTION('',(-1.,0.,0.));
#7185=DIRECTION('',(-0.000884160773159901,0.999999609129787,0.));
#7186=DIRECTION('',(0.999999609129787,0.000884160773159901,0.));
#7187=DIRECTION('',(0.999999609129787,0.000884160773152702,0.));
#7188=DIRECTION('',(0.000884160773152702,-0.999999609129787,0.));
#7189=DIRECTION('',(0.000884160773159497,-0.999999609129787,0.));
#7190=DIRECTION('',(-0.999999609129787,-0.000884160773159497,0.));
#7191=DIRECTION('',(-0.000707328651703784,0.999999749843058,0.));
#7192=DIRECTION('',(0.999999749843058,0.000707328651703784,0.));
#7193=DIRECTION('',(0.999999749843058,0.000707328651710691,0.));
#7194=DIRECTION('',(0.000707328651710691,-0.999999749843058,0.));
#7195=DIRECTION('',(0.000707328651703638,-0.999999749843058,0.));
#7196=DIRECTION('',(-0.999999749843058,-0.000707328651703638,0.));
#7197=DIRECTION('',(-0.000707328651704353,0.999999749843058,0.));
#7198=DIRECTION('',(0.999999749843058,0.000707328651704353,0.));
#7199=DIRECTION('',(0.000707328651704428,-0.999999749843058,0.));
#7200=DIRECTION('',(-0.999999749843058,-0.000707328651704428,0.));
#7201=DIRECTION('',(0.999999749843058,0.000707328651697699,0.));
#7202=DIRECTION('',(0.000707328651697699,-0.999999749843058,0.));
#7203=DIRECTION('',(0.999999859286718,0.000530496508137831,0.));
#7204=DIRECTION('',(0.000530496508137831,-0.999999859286718,0.));
#7205=DIRECTION('',(-0.000530496508131213,0.999999859286718,0.));
#7206=DIRECTION('',(0.999999859286718,0.000530496508131213,0.));
#7207=DIRECTION('',(0.000530496508131124,-0.999999859286718,0.));
#7208=DIRECTION('',(-0.999999859286718,-0.000530496508131124,0.));
#7209=DIRECTION('',(-0.000530496508131481,0.999999859286718,0.));
#7210=DIRECTION('',(0.999999859286718,0.000530496508131481,0.));
#7211=DIRECTION('',(0.999999859286718,0.000530496508124765,0.));
#7212=DIRECTION('',(0.000530496508124765,-0.999999859286718,0.));
#7213=DIRECTION('',(0.000530496508131394,-0.999999859286718,0.));
#7214=DIRECTION('',(-0.999999859286718,-0.000530496508131394,0.));
#7215=DIRECTION('',(-0.999998111248623,-0.00194357896346378,0.));
#7216=DIRECTION('',(-0.00194357896346378,0.999998111248623,0.));
#7217=DIRECTION('',(-0.999999610520012,0.000882587006499455,0.));
#7218=DIRECTION('',(0.000882587006499455,0.999999610520012,0.));
#7219=DIRECTION('',(-0.999997751926544,-0.00212041077583408,0.));
#7220=DIRECTION('',(-0.00212041077583408,0.999997751926544,0.));
#7221=DIRECTION('',(-0.99999975095499,0.000705754884823159,0.));
#7222=DIRECTION('',(0.000705754884823159,0.99999975095499,0.));
#7223=DIRECTION('',(-0.999997361334917,-0.00229724252189989,0.));
#7224=DIRECTION('',(-0.00229724252189989,0.999997361334917,0.));
#7225=DIRECTION('',(0.,-1.,0.));
#7226=DIRECTION('',(-1.,0.,0.));
#7227=DIRECTION('',(0.,-1.,0.));
#7228=DIRECTION('',(-1.,0.,0.));
#7229=DIRECTION('',(0.,-1.,0.));
#7230=DIRECTION('',(-1.,0.,0.));
#7231=DIRECTION('',(0.,-1.,0.));
#7232=DIRECTION('',(-1.,0.,0.));
#7233=DIRECTION('',(0.,-1.,0.));
#7234=DIRECTION('',(-1.,0.,0.));
#7235=DIRECTION('',(-1.,0.,0.));
#7236=DIRECTION('',(0.,0.,-1.));
#7237=DIRECTION('',(1.,0.,-4.82705662880504E-15));
#7238=DIRECTION('',(0.,0.,1.));
#7239=DIRECTION('',(1.,0.,0.));
#7240=DIRECTION('',(0.,0.,1.));
#7241=DIRECTION('',(0.,0.,1.));
#7242=DIRECTION('',(0.,-1.,0.));
#7243=DIRECTION('',(0.733041591542414,-0.680183817117817,0.));
#7244=DIRECTION('',(-0.999997361334917,-0.00229724252189989,0.));
#7245=DIRECTION('',(-0.730396417642376,-0.683023479168311,0.));
#7246=DIRECTION('',(0.732921301696529,-0.680313431823499,0.));
#7247=DIRECTION('',(-0.999997751926544,-0.00212041077583408,0.));
#7248=DIRECTION('',(-0.730517186751359,-0.682894310900947,0.));
#7249=DIRECTION('',(0.731361930699022,-0.681989535348013,0.));
#7250=DIRECTION('',(-0.999999610520012,0.000882587006499455,0.));
#7251=DIRECTION('',(-0.73207863127698,-0.681220138888761,0.));
#7252=DIRECTION('',(0.731482516958374,-0.681860196363039,0.));
#7253=DIRECTION('',(-0.99999975095499,0.000705754884823159,0.));
#7254=DIRECTION('',(-0.731958158191065,-0.681349583295934,0.));
#7255=DIRECTION('',(-0.732800988932457,0.680443025256056,0.));
#7256=DIRECTION('',(0.,-1.,0.));
#7257=DIRECTION('',(-0.732800988932457,0.680443025256056,0.));
#7258=DIRECTION('',(-0.731598194035602,-0.681736079787367,0.));
#7259=DIRECTION('',(0.,-1.,0.));
#7260=DIRECTION('',(0.7315981940356,0.681736079787368,0.));
#7261=DIRECTION('',(-0.732800988932451,0.680443025256062,0.));
#7262=DIRECTION('',(0.999999859286718,0.000530496508124765,0.));
#7263=DIRECTION('',(0.,-1.,0.));
#7264=DIRECTION('',(-1.,0.,0.));
#7265=DIRECTION('',(0.,-1.,0.));
#7266=DIRECTION('',(-1.,0.,0.));
#7267=DIRECTION('',(0.,-1.,0.));
#7268=DIRECTION('',(-1.,0.,0.));
#7269=DIRECTION('',(0.,-1.,0.));
#7270=DIRECTION('',(1.,0.,0.));
#7271=DIRECTION('',(0.,-1.,0.));
#7272=DIRECTION('',(-0.999998111248623,-0.00194357896346378,0.));
#7273=DIRECTION('',(-0.730637933017349,-0.682765121279738,0.));
#7274=DIRECTION('',(1.,0.,0.));
#7275=DIRECTION('',(0.,-1.,0.));
#7276=DIRECTION('',(0.748012116015906,-0.663685071621629,0.));
#7277=DIRECTION('',(0.600692465494992,0.799480182304445,0.));
#7278=DIRECTION('',(1.,0.,0.));
#7279=DIRECTION('',(-0.593602659931917,-0.804758275584509,0.));
#7280=DIRECTION('',(-0.679216310393519,0.733938147050155,0.));
#7281=DIRECTION('',(1.,0.,0.));
#7282=DIRECTION('',(0.674809745661383,-0.737991739222343,0.));
#7283=DIRECTION('',(0.,1.,0.));
#7284=DIRECTION('',(1.,0.,0.));
#7285=DIRECTION('',(0.,-1.,0.));
#7286=DIRECTION('',(-0.731357042535863,-0.681994777350382,0.));
#7287=DIRECTION('',(0.000884160773159497,-0.999999609129787,0.));
#7288=DIRECTION('',(-0.7330415915425,0.680183817117726,0.));
#7289=DIRECTION('',(-0.733041591542499,0.680183817117726,0.));
#7290=DIRECTION('',(-0.732316218590851,-0.680964724481964,0.));
#7291=DIRECTION('',(-0.000884160773159901,0.999999609129787,0.));
#7292=DIRECTION('',(0.731357042535865,0.681994777350379,0.));
#7293=DIRECTION('',(-0.73304159154249,0.680183817117736,0.));
#7294=DIRECTION('',(0.999999609129787,0.000884160773152702,0.));
#7295=DIRECTION('',(0.731958158191066,0.681349583295934,0.));
#7296=DIRECTION('',(-0.000707328651703784,0.999999749843058,0.));
#7297=DIRECTION('',(0.732441503467754,-0.680829967023997,0.));
#7298=DIRECTION('',(-0.732800988932456,0.680443025256056,0.));
#7299=DIRECTION('',(-0.732557005737628,-0.680705687756993,0.));
#7300=DIRECTION('',(-0.000530496508131481,0.999999859286718,0.));
#7301=DIRECTION('',(-0.731477629722241,-0.681865439229715,0.));
#7302=DIRECTION('',(0.000707328651704428,-0.999999749843058,0.));
#7303=DIRECTION('',(-0.732921301696563,0.680313431823462,0.));
#7304=DIRECTION('',(0.733278817294867,-0.679928066861959,0.));
#7305=DIRECTION('',(0.732078631276974,0.681220138888768,0.));
#7306=DIRECTION('',(0.000530496508131124,-0.999999859286718,0.));
#7307=DIRECTION('',(0.733399038990289,-0.679798388941987,0.));
#7308=DIRECTION('',(0.731958158191067,0.681349583295933,0.));
#7309=DIRECTION('',(0.000707328651703638,-0.999999749843058,0.));
#7310=DIRECTION('',(-0.732921301696562,0.680313431823462,0.));
#7311=DIRECTION('',(-0.732436623615747,-0.680835216764207,0.));
#7312=DIRECTION('',(-0.000707328651704353,0.999999749843058,0.));
#7313=DIRECTION('',(0.731477629722247,0.681865439229709,0.));
#7314=DIRECTION('',(-0.732921301696554,0.680313431823472,0.));
#7315=DIRECTION('',(0.999999749843058,0.000707328651697699,0.));
#7316=DIRECTION('',(0.732078631276972,0.68122013888877,0.));
#7317=DIRECTION('',(0.732321099371117,-0.680959475604738,0.));
#7318=DIRECTION('',(0.999999859286718,0.000530496508137831,0.));
#7319=DIRECTION('',(0.732441503467754,-0.680829967023997,0.));
#7320=DIRECTION('',(0.999999749843058,0.000707328651710691,0.));
#7321=DIRECTION('',(0.731958158191057,0.681349583295944,0.));
#7322=DIRECTION('',(0.,0.,1.));
#7323=DIRECTION('',(0.,-1.,0.));
#7324=DIRECTION('',(0.,-1.,0.));
#7325=DIRECTION('',(1.,0.,0.));
#7326=DIRECTION('',(0.,1.,0.));
#7327=DIRECTION('',(1.,0.,0.));
#7328=DIRECTION('',(0.,-1.,0.));
#7329=DIRECTION('',(0.,0.,1.));
#7330=DIRECTION('',(0.,-1.,0.));
#7331=DIRECTION('',(0.,-1.,0.));
#7332=DIRECTION('',(1.,0.,0.));
#7333=DIRECTION('',(0.,1.,0.));
#7334=DIRECTION('',(0.732078631276982,0.68122013888876,0.));
#7335=DIRECTION('',(-0.000530496508131213,0.999999859286718,0.));
#7336=DIRECTION('',(0.732321099371105,-0.68095947560475,0.));
#7337=DIRECTION('',(-1.,0.,0.));
#7338=DIRECTION('',(0.,1.,0.));
#7339=DIRECTION('',(0.,0.,-1.));
#7340=DIRECTION('',(0.,-1.,0.));
#7341=DIRECTION('',(-4.82705662880504E-15,0.,-1.));
#7342=DIRECTION('',(-1.,0.,4.82705662880504E-15));
#7343=DIRECTION('',(1.,0.,-4.82705662880504E-15));
#7344=DIRECTION('',(0.,-1.,0.));
#7345=DIRECTION('',(1.,0.,0.));
#7346=DIRECTION('',(0.,-1.,0.));
#7347=DIRECTION('',(0.,0.,1.));
#7348=DIRECTION('',(0.,-1.,0.));
#7349=DIRECTION('',(0.,0.,-1.));
#7350=DIRECTION('',(0.,1.,0.));
#7351=DIRECTION('',(1.,0.,0.));
#7352=DIRECTION('',(0.,-1.,0.));
#7353=DIRECTION('',(1.,0.,0.));
#7354=DIRECTION('',(0.,-1.,0.));
#7355=DIRECTION('',(0.,1.,0.));
#7356=DIRECTION('',(0.,0.,1.));
#7357=DIRECTION('',(0.,1.,0.));
#7358=DIRECTION('',(0.,0.,1.));
#7359=DIRECTION('',(0.,-1.,0.));
#7360=DIRECTION('',(0.,0.,1.));
#7361=DIRECTION('',(0.,-1.,0.));
#7362=DIRECTION('',(0.,-0.0954525733143129,-0.995433978849264));
#7363=DIRECTION('',(1.,0.,0.));
#7364=DIRECTION('',(0.,1.,0.));
#7365=DIRECTION('',(0.,-1.,0.));
#7366=DIRECTION('',(0.,0.,1.));
#7367=DIRECTION('',(0.,0.,-1.));
#7368=DIRECTION('',(0.,-1.,0.));
#7369=DIRECTION('',(0.,0.,-1.));
#7370=DIRECTION('',(0.,0.,-1.));
#7371=DIRECTION('',(0.,-1.,0.));
#7372=DIRECTION('',(1.,0.,0.));
#7373=DIRECTION('',(0.,-1.,0.));
#7374=DIRECTION('',(0.,0.,1.));
#7375=DIRECTION('',(0.,-1.,0.));
#7376=DIRECTION('',(0.,0.,1.));
#7377=DIRECTION('',(0.,0.,-1.));
#7378=DIRECTION('',(0.,1.,0.));
#7379=DIRECTION('',(1.,0.,0.));
#7380=DIRECTION('',(1.,0.,0.));
#7381=DIRECTION('',(0.,1.,0.));
#7382=DIRECTION('',(-1.,0.,0.));
#7383=DIRECTION('',(0.,1.,0.));
#7384=DIRECTION('',(1.,0.,0.));
#7385=DIRECTION('',(0.,-1.,0.));
#7386=DIRECTION('',(0.,0.,1.));
#7387=DIRECTION('',(0.,-1.,0.));
#7388=DIRECTION('',(0.,-0.0954525733143129,-0.995433978849264));
#7389=DIRECTION('',(0.,-1.,0.));
#7390=DIRECTION('',(0.,-1.,0.));
#7391=DIRECTION('',(-1.,0.,0.));
#7392=DIRECTION('',(0.,1.,0.));
#7393=DIRECTION('',(1.,0.,0.));
#7394=DIRECTION('',(0.,-1.,0.));
#7395=DIRECTION('',(-1.,0.,0.));
#7396=DIRECTION('',(0.,1.,0.));
#7397=DIRECTION('',(1.,0.,0.));
#7398=DIRECTION('',(0.,1.,0.));
#7399=DIRECTION('',(1.,0.,0.));
#7400=DIRECTION('',(0.,1.,0.));
#7401=DIRECTION('',(1.,0.,0.));
#7402=DIRECTION('',(0.,1.,0.));
#7403=DIRECTION('',(1.,0.,0.));
#7404=DIRECTION('',(0.,1.,0.));
#7405=DIRECTION('',(1.,0.,0.));
#7406=DIRECTION('',(0.,1.,0.));
#7407=DIRECTION('',(1.,0.,0.));
#7408=DIRECTION('',(0.,1.,0.));
#7409=DIRECTION('',(1.,0.,0.));
#7410=DIRECTION('',(0.,0.995433978849263,-0.0954525733143129));
#7411=DIRECTION('',(0.,0.0954525733143129,0.995433978849264));
#7412=DIRECTION('',(0.,1.,0.));
#7413=DIRECTION('',(1.,0.,0.));
#7414=DIRECTION('',(0.,0.995433978849263,-0.0954525733143129));
#7415=DIRECTION('',(0.,0.0954525733143129,0.995433978849264));
#7416=DIRECTION('',(0.,0.,1.));
#7417=DIRECTION('',(1.,0.,0.));
#7418=DIRECTION('',(-0.593602659931917,-0.804758275584509,0.));
#7419=DIRECTION('',(1.,0.,0.));
#7420=DIRECTION('',(0.600692465494992,0.799480182304445,0.));
#7421=DIRECTION('',(0.748012116015906,-0.663685071621629,0.));
#7422=DIRECTION('',(0.,-1.,0.));
#7423=DIRECTION('',(1.,0.,0.));
#7424=DIRECTION('',(0.,1.,0.));
#7425=DIRECTION('',(-1.,0.,0.));
#7426=DIRECTION('',(0.,-1.,0.));
#7427=DIRECTION('',(-0.674809745661383,0.737991739222343,0.));
#7428=DIRECTION('',(-1.,0.,0.));
#7429=DIRECTION('',(0.679216310393519,-0.733938147050155,0.));
#7430=DIRECTION('',(0.,1.,0.));
#7431=DIRECTION('',(1.,0.,0.));
#7432=DIRECTION('',(0.,0.,-1.));
#7433=DIRECTION('',(0.,0.,-1.));
#7434=DIRECTION('',(1.,0.,0.));
#7435=DIRECTION('',(0.,-1.,0.));
#7436=DIRECTION('',(0.,0.,-1.));
#7437=DIRECTION('',(0.663685071621629,0.748012116015906,0.));
#7438=DIRECTION('',(0.748012116015906,-0.663685071621629,0.));
#7439=DIRECTION('',(0.,0.,-1.));
#7440=DIRECTION('',(-0.799480182304445,0.600692465494991,0.));
#7441=DIRECTION('',(0.600692465494992,0.799480182304445,0.));
#7442=DIRECTION('',(0.,0.,-1.));
#7443=DIRECTION('',(0.,1.,0.));
#7444=DIRECTION('',(1.,0.,0.));
#7445=DIRECTION('',(0.,0.,-1.));
#7446=DIRECTION('',(0.804758275584509,-0.593602659931917,0.));
#7447=DIRECTION('',(-0.593602659931917,-0.804758275584509,0.));
#7448=DIRECTION('',(0.,0.,-1.));
#7449=DIRECTION('',(0.,0.,1.));
#7450=DIRECTION('',(1.,0.,0.));
#7451=DIRECTION('',(-0.731357042535863,-0.681994777350382,0.));
#7452=DIRECTION('',(-0.7330415915425,0.680183817117726,0.));
#7453=DIRECTION('',(0.000884160773159497,-0.999999609129787,0.));
#7454=DIRECTION('',(-0.680183817117726,-0.733041591542499,0.));
#7455=DIRECTION('',(-0.7330415915425,0.680183817117726,0.));
#7456=DIRECTION('',(0.,0.,-1.));
#7457=DIRECTION('',(-0.680183817117726,-0.733041591542499,0.));
#7458=DIRECTION('',(0.7330415915425,-0.680183817117726,0.));
#7459=DIRECTION('',(0.681994777350382,-0.731357042535863,0.));
#7460=DIRECTION('',(-0.731357042535863,-0.681994777350382,0.));
#7461=DIRECTION('',(0.681994777350382,-0.731357042535863,0.));
#7462=DIRECTION('',(-0.731357042535863,-0.681994777350382,0.));
#7463=DIRECTION('',(0.,0.,1.));
#7464=DIRECTION('',(1.,0.,0.));
#7465=DIRECTION('',(-0.732316218590851,-0.680964724481964,0.));
#7466=DIRECTION('',(-0.733041591542499,0.680183817117726,0.));
#7467=DIRECTION('',(-0.000884160773159901,0.999999609129787,0.));
#7468=DIRECTION('',(0.680964724481964,-0.732316218590851,0.));
#7469=DIRECTION('',(-0.732316218590851,-0.680964724481964,0.));
#7470=DIRECTION('',(0.,0.,-1.));
#7471=DIRECTION('',(0.680964724481964,-0.732316218590851,0.));
#7472=DIRECTION('',(0.732316218590851,0.680964724481964,0.));
#7473=DIRECTION('',(-0.680183817117726,-0.733041591542499,0.));
#7474=DIRECTION('',(-0.733041591542499,0.680183817117726,0.));
#7475=DIRECTION('',(-0.680183817117726,-0.733041591542499,0.));
#7476=DIRECTION('',(-0.733041591542499,0.680183817117726,0.));
#7477=DIRECTION('',(0.,0.,1.));
#7478=DIRECTION('',(1.,0.,0.));
#7479=DIRECTION('',(-0.73304159154249,0.680183817117736,0.));
#7480=DIRECTION('',(0.731357042535865,0.681994777350379,0.));
#7481=DIRECTION('',(0.999999609129787,0.000884160773152702,0.));
#7482=DIRECTION('',(-0.680183817117736,-0.73304159154249,0.));
#7483=DIRECTION('',(-0.73304159154249,0.680183817117736,0.));
#7484=DIRECTION('',(0.,0.,-1.));
#7485=DIRECTION('',(-0.680183817117736,-0.73304159154249,0.));
#7486=DIRECTION('',(0.73304159154249,-0.680183817117736,0.));
#7487=DIRECTION('',(-0.681994777350379,0.731357042535865,0.));
#7488=DIRECTION('',(0.731357042535865,0.681994777350379,0.));
#7489=DIRECTION('',(-0.681994777350379,0.731357042535865,0.));
#7490=DIRECTION('',(0.731357042535865,0.681994777350379,0.));
#7491=DIRECTION('',(0.,0.,1.));
#7492=DIRECTION('',(1.,0.,0.));
#7493=DIRECTION('',(-0.730396417642376,-0.683023479168311,0.));
#7494=DIRECTION('',(-0.999997361334917,-0.00229724252189989,0.));
#7495=DIRECTION('',(0.733041591542414,-0.680183817117817,0.));
#7496=DIRECTION('',(0.683023479168311,-0.730396417642376,0.));
#7497=DIRECTION('',(-0.730396417642376,-0.683023479168311,0.));
#7498=DIRECTION('',(0.683023479168311,-0.730396417642376,0.));
#7499=DIRECTION('',(-0.730396417642376,-0.683023479168311,0.));
#7500=DIRECTION('',(0.,0.,-1.));
#7501=DIRECTION('',(0.680183817117817,0.733041591542414,0.));
#7502=DIRECTION('',(0.733041591542414,-0.680183817117817,0.));
#7503=DIRECTION('',(0.680183817117817,0.733041591542414,0.));
#7504=DIRECTION('',(-0.733041591542414,0.680183817117817,0.));
#7505=DIRECTION('',(0.,0.,1.));
#7506=DIRECTION('',(1.,0.,0.));
#7507=DIRECTION('',(0.731958158191066,0.681349583295934,0.));
#7508=DIRECTION('',(0.732441503467754,-0.680829967023997,0.));
#7509=DIRECTION('',(-0.000707328651703784,0.999999749843058,0.));
#7510=DIRECTION('',(0.680829967023997,0.732441503467754,0.));
#7511=DIRECTION('',(0.732441503467754,-0.680829967023997,0.));
#7512=DIRECTION('',(0.,0.,-1.));
#7513=DIRECTION('',(0.680829967023997,0.732441503467754,0.));
#7514=DIRECTION('',(-0.732441503467754,0.680829967023997,0.));
#7515=DIRECTION('',(-0.681349583295934,0.731958158191066,0.));
#7516=DIRECTION('',(0.731958158191066,0.681349583295934,0.));
#7517=DIRECTION('',(-0.681349583295934,0.731958158191066,0.));
#7518=DIRECTION('',(0.731958158191066,0.681349583295934,0.));
#7519=DIRECTION('',(0.,0.,1.));
#7520=DIRECTION('',(1.,0.,0.));
#7521=DIRECTION('',(-0.732557005737628,-0.680705687756993,0.));
#7522=DIRECTION('',(-0.732800988932456,0.680443025256056,0.));
#7523=DIRECTION('',(-0.000530496508131481,0.999999859286718,0.));
#7524=DIRECTION('',(0.680705687756993,-0.732557005737628,0.));
#7525=DIRECTION('',(-0.732557005737628,-0.680705687756993,0.));
#7526=DIRECTION('',(0.,0.,-1.));
#7527=DIRECTION('',(0.680705687756993,-0.732557005737628,0.));
#7528=DIRECTION('',(0.732557005737628,0.680705687756993,0.));
#7529=DIRECTION('',(-0.680443025256056,-0.732800988932456,0.));
#7530=DIRECTION('',(-0.732800988932456,0.680443025256056,0.));
#7531=DIRECTION('',(-0.680443025256056,-0.732800988932456,0.));
#7532=DIRECTION('',(-0.732800988932456,0.680443025256056,0.));
#7533=DIRECTION('',(0.,0.,1.));
#7534=DIRECTION('',(1.,0.,0.));
#7535=DIRECTION('',(-0.731598194035602,-0.681736079787367,0.));
#7536=DIRECTION('',(-0.732800988932457,0.680443025256056,0.));
#7537=DIRECTION('',(0.000530496508131394,-0.999999859286718,0.));
#7538=DIRECTION('',(-0.680443025256056,-0.732800988932457,0.));
#7539=DIRECTION('',(-0.732800988932457,0.680443025256056,0.));
#7540=DIRECTION('',(0.,0.,-1.));
#7541=DIRECTION('',(-0.732800988932457,0.680443025256056,0.));
#7542=DIRECTION('',(-0.680443025256056,-0.732800988932457,0.));
#7543=DIRECTION('',(0.732800988932457,-0.680443025256056,0.));
#7544=DIRECTION('',(0.681736079787366,-0.731598194035601,0.));
#7545=DIRECTION('',(-0.731598194035602,-0.681736079787367,0.));
#7546=DIRECTION('',(-0.731598194035602,-0.681736079787367,0.));
#7547=DIRECTION('',(0.681736079787366,-0.731598194035601,0.));
#7548=DIRECTION('',(-0.731598194035602,-0.681736079787367,0.));
#7549=DIRECTION('',(0.,0.,1.));
#7550=DIRECTION('',(1.,0.,0.));
#7551=DIRECTION('',(0.000530496508131394,-0.999999859286718,0.));
#7552=DIRECTION('',(0.,0.,1.));
#7553=DIRECTION('',(1.,0.,0.));
#7554=DIRECTION('',(-0.731477629722241,-0.681865439229715,0.));
#7555=DIRECTION('',(-0.732921301696563,0.680313431823462,0.));
#7556=DIRECTION('',(0.000707328651704428,-0.999999749843058,0.));
#7557=DIRECTION('',(-0.680313431823462,-0.732921301696563,0.));
#7558=DIRECTION('',(-0.732921301696563,0.680313431823462,0.));
#7559=DIRECTION('',(0.,0.,-1.));
#7560=DIRECTION('',(-0.680313431823462,-0.732921301696563,0.));
#7561=DIRECTION('',(0.732921301696563,-0.680313431823462,0.));
#7562=DIRECTION('',(0.681865439229715,-0.731477629722241,0.));
#7563=DIRECTION('',(-0.731477629722241,-0.681865439229715,0.));
#7564=DIRECTION('',(0.681865439229715,-0.731477629722241,0.));
#7565=DIRECTION('',(-0.731477629722241,-0.681865439229715,0.));
#7566=DIRECTION('',(0.,0.,1.));
#7567=DIRECTION('',(1.,0.,0.));
#7568=DIRECTION('',(0.732078631276974,0.681220138888768,0.));
#7569=DIRECTION('',(0.733278817294867,-0.679928066861959,0.));
#7570=DIRECTION('',(0.000530496508131124,-0.999999859286718,0.));
#7571=DIRECTION('',(0.679928066861959,0.733278817294867,0.));
#7572=DIRECTION('',(0.733278817294867,-0.679928066861959,0.));
#7573=DIRECTION('',(0.,0.,-1.));
#7574=DIRECTION('',(0.679928066861959,0.733278817294867,0.));
#7575=DIRECTION('',(0.733278817294867,-0.679928066861959,0.));
#7576=DIRECTION('',(-0.681220138888767,0.732078631276974,0.));
#7577=DIRECTION('',(0.732078631276974,0.681220138888768,0.));
#7578=DIRECTION('',(-0.681220138888767,0.732078631276974,0.));
#7579=DIRECTION('',(-0.732078631276974,-0.681220138888768,0.));
#7580=DIRECTION('',(0.,0.,1.));
#7581=DIRECTION('',(1.,0.,0.));
#7582=DIRECTION('',(0.732078631276982,0.68122013888876,0.));
#7583=DIRECTION('',(0.732321099371105,-0.68095947560475,0.));
#7584=DIRECTION('',(-0.000530496508131213,0.999999859286718,0.));
#7585=DIRECTION('',(-0.68122013888876,0.732078631276981,0.));
#7586=DIRECTION('',(0.732078631276982,0.68122013888876,0.));
#7587=DIRECTION('',(0.,0.,-1.));
#7588=DIRECTION('',(-0.68122013888876,0.732078631276981,0.));
#7589=DIRECTION('',(0.732078631276982,0.68122013888876,0.));
#7590=DIRECTION('',(0.68095947560475,0.732321099371105,0.));
#7591=DIRECTION('',(0.732321099371105,-0.68095947560475,0.));
#7592=DIRECTION('',(0.68095947560475,0.732321099371105,0.));
#7593=DIRECTION('',(-0.732321099371105,0.68095947560475,0.));
#7594=DIRECTION('',(0.,0.,1.));
#7595=DIRECTION('',(1.,0.,0.));
#7596=DIRECTION('',(0.731958158191067,0.681349583295933,0.));
#7597=DIRECTION('',(0.733399038990289,-0.679798388941987,0.));
#7598=DIRECTION('',(0.000707328651703638,-0.999999749843058,0.));
#7599=DIRECTION('',(0.679798388941987,0.733399038990289,0.));
#7600=DIRECTION('',(0.733399038990289,-0.679798388941987,0.));
#7601=DIRECTION('',(0.,0.,-1.));
#7602=DIRECTION('',(0.679798388941987,0.733399038990289,0.));
#7603=DIRECTION('',(0.733399038990289,-0.679798388941987,0.));
#7604=DIRECTION('',(-0.681349583295932,0.731958158191067,0.));
#7605=DIRECTION('',(0.731958158191067,0.681349583295933,0.));
#7606=DIRECTION('',(-0.681349583295932,0.731958158191067,0.));
#7607=DIRECTION('',(-0.731958158191067,-0.681349583295933,0.));
#7608=DIRECTION('',(0.,0.,1.));
#7609=DIRECTION('',(1.,0.,0.));
#7610=DIRECTION('',(-0.732436623615747,-0.680835216764207,0.));
#7611=DIRECTION('',(-0.732921301696562,0.680313431823462,0.));
#7612=DIRECTION('',(-0.000707328651704353,0.999999749843058,0.));
#7613=DIRECTION('',(0.680835216764207,-0.732436623615747,0.));
#7614=DIRECTION('',(-0.732436623615747,-0.680835216764207,0.));
#7615=DIRECTION('',(0.,0.,-1.));
#7616=DIRECTION('',(0.680835216764207,-0.732436623615747,0.));
#7617=DIRECTION('',(0.732436623615747,0.680835216764207,0.));
#7618=DIRECTION('',(-0.680313431823462,-0.732921301696562,0.));
#7619=DIRECTION('',(-0.732921301696562,0.680313431823462,0.));
#7620=DIRECTION('',(-0.680313431823462,-0.732921301696562,0.));
#7621=DIRECTION('',(-0.732921301696563,0.680313431823462,0.));
#7622=DIRECTION('',(0.,0.,1.));
#7623=DIRECTION('',(1.,0.,0.));
#7624=DIRECTION('',(-0.732921301696554,0.680313431823472,0.));
#7625=DIRECTION('',(0.731477629722247,0.681865439229709,0.));
#7626=DIRECTION('',(0.999999749843058,0.000707328651697699,0.));
#7627=DIRECTION('',(-0.680313431823472,-0.732921301696554,0.));
#7628=DIRECTION('',(-0.732921301696554,0.680313431823472,0.));
#7629=DIRECTION('',(0.,0.,-1.));
#7630=DIRECTION('',(-0.680313431823472,-0.732921301696554,0.));
#7631=DIRECTION('',(0.732921301696554,-0.680313431823472,0.));
#7632=DIRECTION('',(-0.681865439229709,0.731477629722247,0.));
#7633=DIRECTION('',(0.731477629722247,0.681865439229709,0.));
#7634=DIRECTION('',(-0.681865439229709,0.731477629722247,0.));
#7635=DIRECTION('',(0.731477629722247,0.681865439229709,0.));
#7636=DIRECTION('',(0.,0.,1.));
#7637=DIRECTION('',(1.,0.,0.));
#7638=DIRECTION('',(0.732321099371117,-0.680959475604738,0.));
#7639=DIRECTION('',(0.732078631276972,0.68122013888877,0.));
#7640=DIRECTION('',(0.999999859286718,0.000530496508137831,0.));
#7641=DIRECTION('',(0.680959475604737,0.732321099371117,0.));
#7642=DIRECTION('',(0.732321099371117,-0.680959475604738,0.));
#7643=DIRECTION('',(0.,0.,-1.));
#7644=DIRECTION('',(0.680959475604737,0.732321099371117,0.));
#7645=DIRECTION('',(0.732321099371117,-0.680959475604738,0.));
#7646=DIRECTION('',(-0.68122013888877,0.732078631276972,0.));
#7647=DIRECTION('',(0.732078631276972,0.68122013888877,0.));
#7648=DIRECTION('',(-0.68122013888877,0.732078631276972,0.));
#7649=DIRECTION('',(0.732078631276972,0.68122013888877,0.));
#7650=DIRECTION('',(0.,0.,1.));
#7651=DIRECTION('',(1.,0.,0.));
#7652=DIRECTION('',(0.732441503467754,-0.680829967023997,0.));
#7653=DIRECTION('',(0.731958158191057,0.681349583295944,0.));
#7654=DIRECTION('',(0.999999749843058,0.000707328651710691,0.));
#7655=DIRECTION('',(-0.681349583295944,0.731958158191057,0.));
#7656=DIRECTION('',(0.731958158191057,0.681349583295944,0.));
#7657=DIRECTION('',(0.,0.,-1.));
#7658=DIRECTION('',(-0.681349583295944,0.731958158191057,0.));
#7659=DIRECTION('',(0.731958158191057,0.681349583295944,0.));
#7660=DIRECTION('',(0.680829967023997,0.732441503467754,0.));
#7661=DIRECTION('',(0.732441503467754,-0.680829967023997,0.));
#7662=DIRECTION('',(0.680829967023997,0.732441503467754,0.));
#7663=DIRECTION('',(0.732441503467754,-0.680829967023997,0.));
#7664=DIRECTION('',(0.,0.,1.));
#7665=DIRECTION('',(1.,0.,0.));
#7666=DIRECTION('',(-0.732800988932451,0.680443025256062,0.));
#7667=DIRECTION('',(0.7315981940356,0.681736079787368,0.));
#7668=DIRECTION('',(0.999999859286718,0.000530496508124765,0.));
#7669=DIRECTION('',(-0.680443025256062,-0.732800988932451,0.));
#7670=DIRECTION('',(-0.732800988932451,0.680443025256062,0.));
#7671=DIRECTION('',(0.,0.,-1.));
#7672=DIRECTION('',(-0.680443025256062,-0.732800988932451,0.));
#7673=DIRECTION('',(0.732800988932451,-0.680443025256062,0.));
#7674=DIRECTION('',(-0.681736079787368,0.7315981940356,0.));
#7675=DIRECTION('',(0.7315981940356,0.681736079787368,0.));
#7676=DIRECTION('',(0.7315981940356,0.681736079787368,0.));
#7677=DIRECTION('',(-0.681736079787368,0.7315981940356,0.));
#7678=DIRECTION('',(0.7315981940356,0.681736079787368,0.));
#7679=DIRECTION('',(0.,0.,1.));
#7680=DIRECTION('',(1.,0.,0.));
#7681=DIRECTION('',(0.999999859286718,0.000530496508124765,0.));
#7682=DIRECTION('',(0.,0.,1.));
#7683=DIRECTION('',(1.,0.,0.));
#7684=DIRECTION('',(-0.730517186751359,-0.682894310900947,0.));
#7685=DIRECTION('',(-0.999997751926544,-0.00212041077583408,0.));
#7686=DIRECTION('',(0.732921301696529,-0.680313431823499,0.));
#7687=DIRECTION('',(0.682894310900947,-0.730517186751359,0.));
#7688=DIRECTION('',(-0.730517186751359,-0.682894310900947,0.));
#7689=DIRECTION('',(0.682894310900947,-0.730517186751359,0.));
#7690=DIRECTION('',(-0.730517186751359,-0.682894310900947,0.));
#7691=DIRECTION('',(0.,0.,-1.));
#7692=DIRECTION('',(0.680313431823499,0.732921301696529,0.));
#7693=DIRECTION('',(0.732921301696529,-0.680313431823499,0.));
#7694=DIRECTION('',(0.680313431823499,0.732921301696529,0.));
#7695=DIRECTION('',(-0.732921301696529,0.680313431823499,0.));
#7696=DIRECTION('',(0.,0.,1.));
#7697=DIRECTION('',(1.,0.,0.));
#7698=DIRECTION('',(-0.731958158191065,-0.681349583295934,0.));
#7699=DIRECTION('',(-0.99999975095499,0.000705754884823159,0.));
#7700=DIRECTION('',(0.731482516958374,-0.681860196363039,0.));
#7701=DIRECTION('',(0.681860196363039,0.731482516958374,0.));
#7702=DIRECTION('',(0.731482516958374,-0.681860196363039,0.));
#7703=DIRECTION('',(0.,0.,-1.));
#7704=DIRECTION('',(0.681860196363039,0.731482516958374,0.));
#7705=DIRECTION('',(-0.731482516958374,0.681860196363039,0.));
#7706=DIRECTION('',(0.681349583295934,-0.731958158191065,0.));
#7707=DIRECTION('',(-0.731958158191065,-0.681349583295934,0.));
#7708=DIRECTION('',(0.681349583295934,-0.731958158191065,0.));
#7709=DIRECTION('',(-0.731958158191065,-0.681349583295934,0.));
#7710=DIRECTION('',(0.,0.,1.));
#7711=DIRECTION('',(1.,0.,0.));
#7712=DIRECTION('',(-0.73207863127698,-0.681220138888761,0.));
#7713=DIRECTION('',(-0.999999610520012,0.000882587006499455,0.));
#7714=DIRECTION('',(0.731361930699022,-0.681989535348013,0.));
#7715=DIRECTION('',(0.681989535348013,0.731361930699022,0.));
#7716=DIRECTION('',(0.731361930699022,-0.681989535348013,0.));
#7717=DIRECTION('',(0.,0.,-1.));
#7718=DIRECTION('',(0.681989535348013,0.731361930699022,0.));
#7719=DIRECTION('',(-0.731361930699022,0.681989535348013,0.));
#7720=DIRECTION('',(0.681220138888761,-0.73207863127698,0.));
#7721=DIRECTION('',(-0.73207863127698,-0.681220138888761,0.));
#7722=DIRECTION('',(0.681220138888761,-0.73207863127698,0.));
#7723=DIRECTION('',(-0.73207863127698,-0.681220138888762,0.));
#7724=DIRECTION('',(0.,0.,1.));
#7725=DIRECTION('',(1.,0.,0.));
#7726=DIRECTION('',(-0.730637933017349,-0.682765121279738,0.));
#7727=DIRECTION('',(-0.999998111248623,-0.00194357896346378,0.));
#7728=DIRECTION('',(-0.732800988932457,0.680443025256056,0.));
#7729=DIRECTION('',(0.682765121279738,-0.730637933017349,0.));
#7730=DIRECTION('',(-0.730637933017349,-0.682765121279738,0.));
#7731=DIRECTION('',(0.,0.,1.));
#7732=DIRECTION('',(0.682765121279738,-0.730637933017349,0.));
#7733=DIRECTION('',(-0.730637933017349,-0.682765121279738,0.));
#7734=DIRECTION('',(-0.680443025256056,-0.732800988932457,0.));
#7735=DIRECTION('',(-0.732800988932457,0.680443025256056,0.));
#7736=DIRECTION('',(-0.680443025256056,-0.732800988932457,0.));
#7737=DIRECTION('',(-0.732800988932457,0.680443025256056,0.));
#7738=DIRECTION('',(-0.732800988932457,0.680443025256056,0.));
#7739=DIRECTION('',(0.,0.,1.));
#7740=DIRECTION('',(1.,0.,0.));
#7741=DIRECTION('',(-0.999998111248623,-0.00194357896346378,0.));
#7742=DIRECTION('',(0.,1.,0.));
#7743=DIRECTION('',(1.,0.,0.));
#7744=DIRECTION('',(-1.,0.,0.));
#7745=DIRECTION('',(0.,0.,-1.));
#7746=DIRECTION('',(-1.,0.,0.));
#7747=DIRECTION('',(0.,1.,0.));
#7748=DIRECTION('',(0.,0.,-1.));
#7749=DIRECTION('',(0.,-1.,0.));
#7750=DIRECTION('',(0.,0.,1.));
#7751=DIRECTION('',(0.,-1.,0.));
#7752=DIRECTION('',(-1.,0.,0.));
#7753=DIRECTION('',(0.,0.,1.));
#7754=DIRECTION('',(1.,0.,0.));
#7755=DIRECTION('',(0.,1.,0.));
#7756=DIRECTION('',(-1.,0.,0.));
#7757=DIRECTION('',(0.,-1.,0.));
#7758=DIRECTION('',(1.,0.,0.));
#7759=DIRECTION('',(0.,1.,0.));
#7760=DIRECTION('',(0.,0.,1.));
#7761=DIRECTION('',(0.,-1.,0.));
#7762=DIRECTION('',(0.,-1.,0.));
#7763=DIRECTION('',(-1.,0.,0.));
#7764=DIRECTION('',(0.,1.,0.));
#7765=DIRECTION('',(0.,0.,1.));
#7766=DIRECTION('',(0.,-1.,0.));
#7767=DIRECTION('',(0.,1.,0.));
#7768=DIRECTION('',(1.,0.,0.));
#7769=DIRECTION('',(0.,0.,-1.));
#7770=DIRECTION('',(0.,0.,-1.));
#7771=DIRECTION('',(0.,0.,-1.));
#7772=DIRECTION('',(0.,1.,0.));
#7773=DIRECTION('',(0.,0.,-1.));
#7774=DIRECTION('',(0.,0.,-1.));
#7775=DIRECTION('',(-1.,0.,0.));
#7776=DIRECTION('',(0.,1.,0.));
#7777=DIRECTION('',(1.,0.,0.));
#7778=DIRECTION('',(0.,-1.,0.));
#7779=DIRECTION('',(0.,0.,-1.));
#7780=DIRECTION('',(0.,0.,-1.));
#7781=DIRECTION('',(0.,1.,0.));
#7782=DIRECTION('',(0.,0.,-1.));
#7783=DIRECTION('',(0.,0.,-1.));
#7784=DIRECTION('',(-1.,0.,0.));
#7785=DIRECTION('',(0.,1.,0.));
#7786=DIRECTION('',(0.,0.,-1.));
#7787=DIRECTION('',(0.,-1.,0.));
#7788=DIRECTION('',(-1.,0.,0.));
#7789=DIRECTION('',(0.,0.,-1.));
#7790=DIRECTION('',(1.,0.,0.));
#7791=DIRECTION('',(0.,-1.,0.));
#7792=DIRECTION('',(0.,-1.,0.));
#7793=DIRECTION('',(-1.,0.,0.));
#7794=DIRECTION('',(0.,0.,-1.));
#7795=DIRECTION('',(-1.,0.,0.));
#7796=DIRECTION('',(0.,1.,0.));
#7797=DIRECTION('',(0.,-1.,0.));
#7798=DIRECTION('',(-1.,0.,0.));
#7799=DIRECTION('',(0.,0.995433978849263,-0.0954525733143129));
#7800=DIRECTION('',(0.,-0.0954525733143129,-0.995433978849264));
#7801=DIRECTION('',(0.,0.995433978849263,-0.0954525733143129));
#7802=DIRECTION('',(0.,0.0954525733143129,0.995433978849264));
#7803=DIRECTION('',(0.,-1.,0.));
#7804=DIRECTION('',(-1.,0.,0.));
#7805=DIRECTION('',(0.733938147050155,0.679216310393519,0.));
#7806=DIRECTION('',(0.679216310393519,-0.733938147050155,0.));
#7807=DIRECTION('',(0.,0.,-1.));
#7808=DIRECTION('',(-0.737991739222343,-0.674809745661383,0.));
#7809=DIRECTION('',(-0.674809745661383,0.737991739222343,0.));
#7810=DIRECTION('',(0.,0.,-1.));
#7811=DIRECTION('',(0.,0.,-1.));
#7812=DIRECTION('',(1.,0.,0.));
#7813=DIRECTION('',(0.,-1.,0.));
#7814=DIRECTION('',(0.,0.,-1.));
#7815=DIRECTION('',(-1.,0.,0.));
#7816=DIRECTION('',(0.,1.,0.));
#7817=DIRECTION('',(0.,0.,-1.));
#7818=DIRECTION('',(0.,-1.,0.));
#7819=DIRECTION('',(-1.,0.,0.));
#7820=DIRECTION('',(0.,-1.,0.));
#7821=DIRECTION('',(-1.,0.,0.));
#7822=DIRECTION('',(-0.000884160773159901,0.999999609129787,0.));
#7823=DIRECTION('',(0.999999609129787,0.000884160773159901,0.));
#7824=DIRECTION('',(0.999999609129787,0.000884160773152702,0.));
#7825=DIRECTION('',(0.000884160773152702,-0.999999609129787,0.));
#7826=DIRECTION('',(0.000884160773159497,-0.999999609129787,0.));
#7827=DIRECTION('',(-0.999999609129787,-0.000884160773159497,0.));
#7828=DIRECTION('',(-0.000707328651703784,0.999999749843058,0.));
#7829=DIRECTION('',(0.999999749843058,0.000707328651703784,0.));
#7830=DIRECTION('',(0.999999749843058,0.000707328651710691,0.));
#7831=DIRECTION('',(0.000707328651710691,-0.999999749843058,0.));
#7832=DIRECTION('',(0.000707328651703638,-0.999999749843058,0.));
#7833=DIRECTION('',(-0.999999749843058,-0.000707328651703638,0.));
#7834=DIRECTION('',(-0.000707328651704353,0.999999749843058,0.));
#7835=DIRECTION('',(0.999999749843058,0.000707328651704353,0.));
#7836=DIRECTION('',(0.000707328651704428,-0.999999749843058,0.));
#7837=DIRECTION('',(-0.999999749843058,-0.000707328651704428,0.));
#7838=DIRECTION('',(0.999999749843058,0.000707328651697699,0.));
#7839=DIRECTION('',(0.000707328651697699,-0.999999749843058,0.));
#7840=DIRECTION('',(0.999999859286718,0.000530496508137831,0.));
#7841=DIRECTION('',(0.000530496508137831,-0.999999859286718,0.));
#7842=DIRECTION('',(-0.000530496508131213,0.999999859286718,0.));
#7843=DIRECTION('',(0.999999859286718,0.000530496508131213,0.));
#7844=DIRECTION('',(0.000530496508131124,-0.999999859286718,0.));
#7845=DIRECTION('',(-0.999999859286718,-0.000530496508131124,0.));
#7846=DIRECTION('',(-0.000530496508131481,0.999999859286718,0.));
#7847=DIRECTION('',(0.999999859286718,0.000530496508131481,0.));
#7848=DIRECTION('',(0.999999859286718,0.000530496508124765,0.));
#7849=DIRECTION('',(0.000530496508124765,-0.999999859286718,0.));
#7850=DIRECTION('',(0.000530496508131394,-0.999999859286718,0.));
#7851=DIRECTION('',(-0.999999859286718,-0.000530496508131394,0.));
#7852=DIRECTION('',(-0.999998111248623,-0.00194357896346378,0.));
#7853=DIRECTION('',(-0.00194357896346378,0.999998111248623,0.));
#7854=DIRECTION('',(-0.999999610520012,0.000882587006499455,0.));
#7855=DIRECTION('',(0.000882587006499455,0.999999610520012,0.));
#7856=DIRECTION('',(-0.999997751926544,-0.00212041077583408,0.));
#7857=DIRECTION('',(-0.00212041077583408,0.999997751926544,0.));
#7858=DIRECTION('',(-0.99999975095499,0.000705754884823159,0.));
#7859=DIRECTION('',(0.000705754884823159,0.99999975095499,0.));
#7860=DIRECTION('',(-0.999997361334917,-0.00229724252189989,0.));
#7861=DIRECTION('',(-0.00229724252189989,0.999997361334917,0.));
#7862=DIRECTION('',(-0.60251289785614,0.,-0.798109145366094));
#7863=DIRECTION('',(-0.798109145366094,0.,0.60251289785614));
#7864=DIRECTION('',(-0.798109145366094,0.,0.60251289785614));
#7865=DIRECTION('',(0.60251289785614,0.,-0.798109145366094));
#7866=DIRECTION('',(-0.798109145366094,0.,-0.60251289785614));
#7867=DIRECTION('',(-0.798109145366094,0.,-0.60251289785614));
#7868=DIRECTION('',(0.,1.,0.));
#7869=DIRECTION('',(1.,0.,0.));
#7870=DIRECTION('',(0.,0.,1.));
#7871=DIRECTION('',(1.,0.,0.));
#7872=DIRECTION('',(-0.60251289785614,0.,0.798109145366094));
#7873=DIRECTION('',(0.798109145366094,0.,0.60251289785614));
#7874=DIRECTION('',(-0.798109145366094,0.,-0.60251289785614));
#7875=DIRECTION('',(0.,-1.,0.));
#7876=DIRECTION('',(-0.798109145366094,0.,-0.60251289785614));
#7877=DIRECTION('',(0.,-1.,0.));
#7878=DIRECTION('',(1.,0.,0.));
#7879=DIRECTION('',(0.,-1.,0.));
#7880=DIRECTION('',(0.,0.,1.));
#7881=DIRECTION('',(0.,-1.,0.));
#7882=DIRECTION('',(0.,0.,1.));
#7883=DIRECTION('',(0.,0.,-1.));
#7884=DIRECTION('',(0.,1.,0.));
#7885=DIRECTION('',(1.,0.,0.));
#7886=DIRECTION('',(0.,-1.,0.));
#7887=DIRECTION('',(1.,0.,0.));
#7888=DIRECTION('',(1.,0.,0.));
#7889=DIRECTION('',(0.,-1.,0.));
#7890=DIRECTION('',(0.,0.,1.));
#7891=DIRECTION('',(0.,-1.,0.));
#7892=DIRECTION('',(0.,0.,1.));
#7893=DIRECTION('',(-4.82705662880504E-15,0.,-1.));
#7894=DIRECTION('',(-1.,0.,4.82705662880504E-15));
#7895=DIRECTION('',(1.,0.,-4.82705662880504E-15));
#7896=DIRECTION('',(0.,-1.,0.));
#7897=DIRECTION('',(1.,0.,-4.82705662880504E-15));
#7898=DIRECTION('',(1.,0.,0.));
#7899=DIRECTION('',(0.,-1.,0.));
#7900=DIRECTION('',(0.,0.,1.));
#7901=DIRECTION('',(0.,-1.,0.));
#7902=DIRECTION('',(0.,0.,1.));
#7903=DIRECTION('',(0.60251289785614,0.,0.798109145366094));
#7904=DIRECTION('',(0.798109145366094,0.,-0.60251289785614));
#7905=DIRECTION('',(-0.798109145366094,0.,0.60251289785614));
#7906=DIRECTION('',(0.,-1.,0.));
#7907=DIRECTION('',(-0.798109145366094,0.,0.60251289785614));
#7908=DIRECTION('',(0.,-1.,0.));
#7909=DIRECTION('',(-1.,0.,0.));
#7910=DIRECTION('',(0.,1.,0.));
#7911=DIRECTION('',(1.,0.,0.));
#7912=DIRECTION('',(0.,-1.,0.));
#7913=DIRECTION('',(0.,1.,0.));
#7914=DIRECTION('',(1.,0.,0.));
#7915=DIRECTION('',(0.997083697141124,0.,-0.0763157971548988));
#7916=DIRECTION('',(-0.0763157971548989,0.,-0.997083697141124));
#7917=DIRECTION('',(0.0763157971548989,0.,0.997083697141124));
#7918=DIRECTION('',(0.,-1.,0.));
#7919=DIRECTION('',(0.0763157971548989,0.,0.997083697141124));
#7920=DIRECTION('',(-0.997083697141124,0.,-0.0763157971548988));
#7921=DIRECTION('',(-0.0763157971548988,0.,0.997083697141124));
#7922=DIRECTION('',(0.0763157971548988,0.,-0.997083697141124));
#7923=DIRECTION('',(0.,-1.,0.));
#7924=DIRECTION('',(0.0763157971548988,0.,-0.997083697141124));
#7925=DIRECTION('',(0.,-1.,0.));
#7926=DIRECTION('',(-1.,0.,0.));
#7927=DIRECTION('',(0.,-1.,0.));
#7928=DIRECTION('',(1.,0.,0.));
#7929=DIRECTION('',(0.,-1.,0.));
#7930=DIRECTION('',(1.,0.,0.));
#7931=DIRECTION('',(0.,1.,0.));
#7932=DIRECTION('',(1.,0.,0.));
#7933=DIRECTION('',(0.,1.,0.));
#7934=DIRECTION('',(1.,0.,0.));
#7935=DIRECTION('',(0.,0.,1.));
#7936=DIRECTION('',(1.,0.,0.));
#7937=DIRECTION('',(0.,0.,1.));
#7938=DIRECTION('',(0.,-1.,0.));
#7939=DIRECTION('',(-1.,0.,0.));
#7940=DIRECTION('',(0.,-1.,0.));
#7941=DIRECTION('',(-1.,0.,0.));
#7942=DIRECTION('',(0.,-1.,0.));
#7943=DIRECTION('',(-1.,0.,0.));
#7944=DIRECTION('',(0.,1.,0.));
#7945=DIRECTION('',(0.,0.,-1.));
#7946=DIRECTION('',(0.,-1.,0.));
#7947=DIRECTION('',(0.,0.,-1.));
#7948=DIRECTION('',(0.,0.,-1.));
#7949=DIRECTION('',(0.,1.,0.));
#7950=DIRECTION('',(1.,0.,0.));
#7951=DIRECTION('',(0.,-1.,0.));
#7952=DIRECTION('',(1.,0.,0.));
#7953=DIRECTION('',(-1.,0.,0.));
#7954=DIRECTION('',(0.,1.,0.));
#7955=DIRECTION('',(0.,0.,-1.));
#7956=DIRECTION('',(0.,0.,-1.));
#7957=DIRECTION('',(0.,1.,0.));
#7958=DIRECTION('',(1.,0.,0.));
#7959=DIRECTION('',(0.,1.,0.));
#7960=DIRECTION('',(1.,0.,0.));
#7961=DIRECTION('',(0.,0.,1.));
#7962=DIRECTION('',(1.,0.,0.));
#7963=DIRECTION('',(0.,-1.,0.));
#7964=DIRECTION('',(-1.,0.,0.));
#7965=DIRECTION('',(0.,1.,0.));
#7966=DIRECTION('',(1.,0.,0.));
#7967=DIRECTION('',(0.,1.,0.));
#7968=DIRECTION('',(1.,0.,0.));
#7969=DIRECTION('',(0.,-1.,0.));
#7970=DIRECTION('',(-1.,0.,0.));
#7971=DIRECTION('',(0.,1.,0.));
#7972=DIRECTION('',(1.,0.,0.));
#7973=DIRECTION('',(0.,1.,0.));
#7974=DIRECTION('',(1.,0.,0.));
#7975=DIRECTION('',(0.,1.,0.));
#7976=DIRECTION('',(1.,0.,0.));
#7977=DIRECTION('',(0.,1.,0.));
#7978=DIRECTION('',(1.,0.,0.));
#7979=DIRECTION('',(0.,0.,1.));
#7980=DIRECTION('',(1.,0.,0.));
#7981=DIRECTION('',(0.,-1.,0.));
#7982=DIRECTION('',(-1.,0.,0.));
#7983=DIRECTION('',(0.,-1.,0.));
#7984=DIRECTION('',(1.,0.,0.));
#7985=DIRECTION('',(0.,-1.,0.));
#7986=DIRECTION('',(1.,0.,0.));
#7987=DIRECTION('',(0.,-1.,0.));
#7988=DIRECTION('',(-1.,0.,0.));
#7989=DIRECTION('',(0.,-1.,0.));
#7990=DIRECTION('',(1.,0.,0.));
#7991=DIRECTION('',(0.,-1.,0.));
#7992=DIRECTION('',(1.,0.,0.));
#7993=DIRECTION('',(0.,1.,0.));
#7994=DIRECTION('',(1.,0.,0.));
#7995=DIRECTION('',(0.,1.,0.));
#7996=DIRECTION('',(1.,0.,0.));
#7997=CARTESIAN_POINT('',(0.,0.,0.));
#7998=CARTESIAN_POINT('',(0.182,0.,0.));
#7999=CARTESIAN_POINT('',(0.00814422324895858,0.,-0.0125977130010724));
#8000=CARTESIAN_POINT('',(0.00013,0.,-0.00654757198736286));
#8001=CARTESIAN_POINT('',(0.,0.,-0.00644943168014288));
#8002=CARTESIAN_POINT('',(0.000129999999999991,0.,0.));
#8003=CARTESIAN_POINT('',(0.000129999999999991,0.,-0.063));
#8004=CARTESIAN_POINT('',(0.07425,0.,-0.063));
#8005=CARTESIAN_POINT('',(0.,0.,-0.063));
#8006=CARTESIAN_POINT('',(0.,0.,0.));
#8007=CARTESIAN_POINT('',(0.182,0.,0.));
#8008=CARTESIAN_POINT('',(0.000129999999999991,0.,0.));
#8009=CARTESIAN_POINT('',(0.00013,0.,0.00684719310745811));
#8010=CARTESIAN_POINT('',(0.000129999999999991,0.,0.063));
#8011=CARTESIAN_POINT('',(0.00814422324895859,0.,0.0128973341211677));
#8012=CARTESIAN_POINT('',(5.20417042793042E-18,0.,0.00674905280023814));
#8013=CARTESIAN_POINT('',(0.,0.,0.));
#8014=CARTESIAN_POINT('',(0.,0.,0.063));
#8015=CARTESIAN_POINT('',(0.086,0.,0.063));
#8016=CARTESIAN_POINT('',(0.182,0.,0.));
#8017=CARTESIAN_POINT('',(0.182,0.,-0.07287));
#8018=CARTESIAN_POINT('',(0.1605,0.,-0.07287));
#8019=CARTESIAN_POINT('',(0.1485,0.,-0.07287));
#8020=CARTESIAN_POINT('',(0.1605,0.,-0.068));
#8021=CARTESIAN_POINT('',(0.1605,0.,-0.073));
#8022=CARTESIAN_POINT('',(0.182,0.,-0.073));
#8023=CARTESIAN_POINT('',(0.1485,0.,-0.073));
#8024=CARTESIAN_POINT('',(0.1485,0.,-0.068));
#8025=CARTESIAN_POINT('',(0.17125,0.009,-0.073));
#8026=CARTESIAN_POINT('',(0.07425,-0.013352831825614,-0.073));
#8027=CARTESIAN_POINT('',(0.173797190373253,-0.013352831825614,-0.073));
#8028=CARTESIAN_POINT('',(0.176282323187652,-0.013352831825614,-0.073));
#8029=CARTESIAN_POINT('',(0.176282323187652,0.009,-0.073));
#8030=CARTESIAN_POINT('',(0.176282323187652,0.00803054261693129,-0.073));
#8031=CARTESIAN_POINT('',(0.17125,0.00803054261693129,-0.073));
#8032=CARTESIAN_POINT('',(0.173797190373253,0.00803054261693129,-0.073));
#8033=CARTESIAN_POINT('',(0.173797190373253,0.009,-0.073));
#8034=CARTESIAN_POINT('',(0.173797190373253,-0.00257456276429164,-0.073));
#8035=CARTESIAN_POINT('',(0.166873102134752,0.00499782331121193,-0.073));
#8036=CARTESIAN_POINT('',(0.164100024287686,0.00803054261693129,-0.073));
#8037=CARTESIAN_POINT('',(0.17125,0.00803054261693129,-0.073));
#8038=CARTESIAN_POINT('',(0.161160921825459,0.00803054261693129,-0.073));
#8039=CARTESIAN_POINT('',(0.165332087468562,0.00352332225680045,-0.073));
#8040=CARTESIAN_POINT('',(0.169758264537421,-0.00125945481542859,-0.073));
#8041=CARTESIAN_POINT('',(0.141005588974983,-0.0402399971309276,-0.073));
#8042=CARTESIAN_POINT('',(0.160837994962571,-0.013352831825614,-0.073));
#8043=CARTESIAN_POINT('',(0.07425,-0.013352831825614,-0.073));
#8044=CARTESIAN_POINT('',(0.163763057126412,-0.013352831825614,-0.073));
#8045=CARTESIAN_POINT('',(0.142198694438091,-0.0420535091333131,-0.073));
#8046=CARTESIAN_POINT('',(0.171555422730885,-0.00298173141749835,-0.073));
#8047=CARTESIAN_POINT('',(0.111162621401064,0.0506026956496703,-0.073));
#8048=CARTESIAN_POINT('',(0.173797190373253,-0.00497077368891041,-0.073));
#8049=CARTESIAN_POINT('',(0.173797190373253,0.009,-0.073));
#8050=CARTESIAN_POINT('',(0.177,0.,-0.073));
#8051=CARTESIAN_POINT('',(0.177,0.009,-0.073));
#8052=CARTESIAN_POINT('',(0.177,-0.0141211539492942,-0.073));
#8053=CARTESIAN_POINT('',(0.182,-0.0141211539492942,-0.073));
#8054=CARTESIAN_POINT('',(0.,-0.0141211539492942,-0.073));
#8055=CARTESIAN_POINT('',(0.,0.009,-0.073));
#8056=CARTESIAN_POINT('',(0.,-0.0114115626022507,-0.073));
#8057=CARTESIAN_POINT('',(0.,-0.0114115626022507,-0.073));
#8058=CARTESIAN_POINT('',(0.0179219172603416,-0.0114020550863873,-0.073));
#8059=CARTESIAN_POINT('',(0.0379968821160757,-0.0300426819750664,-0.073));
#8060=CARTESIAN_POINT('',(0.00847757434959548,-0.00263250188053584,-0.073));
#8061=CARTESIAN_POINT('',(0.0494831293400018,0.0355783173048717,-0.073));
#8062=CARTESIAN_POINT('',(0.,-0.0105322866945453,-0.073));
#8063=CARTESIAN_POINT('',(0.,0.009,-0.073));
#8064=CARTESIAN_POINT('',(0.,-0.0100779754761475,-0.073));
#8065=CARTESIAN_POINT('',(0.0492565384919927,0.0358214809866886,-0.073));
#8066=CARTESIAN_POINT('',(0.00823337297794588,-0.00240574847617363,-0.073));
#8067=CARTESIAN_POINT('',(0.0379968821153029,-0.0300426819758992,-0.073));
#8068=CARTESIAN_POINT('',(0.,0.00523935749637209,-0.073));
#8069=CARTESIAN_POINT('',(0.,0.009,-0.073));
#8070=CARTESIAN_POINT('',(0.,0.00566111298863365,-0.073));
#8071=CARTESIAN_POINT('',(0.038207181770383,-0.0298162004197735,-0.073));
#8072=CARTESIAN_POINT('',(0.00847647735583745,-0.00220972777527276,-0.073));
#8073=CARTESIAN_POINT('',(0.0492717580009937,0.0358051483241944,-0.073));
#8074=CARTESIAN_POINT('',(0.00849172217403784,-0.00219552196847644,-0.073));
#8075=CARTESIAN_POINT('',(0.0491805132796534,0.035827260778682,-0.073));
#8076=CARTESIAN_POINT('',(0.0179022614295824,0.00659842053815638,-0.073));
#8077=CARTESIAN_POINT('',(0.0179022614295824,0.00659842053815638,-0.073));
#8078=CARTESIAN_POINT('',(0.,0.00656362601372522,-0.073));
#8079=CARTESIAN_POINT('',(0.,0.009,-0.073));
#8080=CARTESIAN_POINT('',(0.,0.009,-0.073));
#8081=CARTESIAN_POINT('',(0.07425,0.009,-0.073));
#8082=CARTESIAN_POINT('',(0.1485,0.009,-0.073));
#8083=CARTESIAN_POINT('',(0.1485,0.009,-0.073));
#8084=CARTESIAN_POINT('',(0.1605,0.009,-0.073));
#8085=CARTESIAN_POINT('',(0.1605,0.009,-0.073));
#8086=CARTESIAN_POINT('',(0.17125,0.009,-0.073));
#8087=CARTESIAN_POINT('',(0.101377586010748,-0.0200910601295778,-0.073));
#8088=CARTESIAN_POINT('',(0.120422640726224,-0.00233143371609467,-0.073));
#8089=CARTESIAN_POINT('',(0.110870882965135,-0.0112385044472265,-0.073));
#8090=CARTESIAN_POINT('',(0.0899618862288528,0.0259328728462522,-0.073));
#8091=CARTESIAN_POINT('',(0.110855158454892,0.00654616161628883,-0.073));
#8092=CARTESIAN_POINT('',(0.110863020710014,-0.00234617141546886,-0.073));
#8093=CARTESIAN_POINT('',(0.0901721057723951,0.0261594287637755,-0.073));
#8094=CARTESIAN_POINT('',(0.130478693749309,-0.0112407531378256,-0.073));
#8095=CARTESIAN_POINT('',(0.120877141820631,-0.00233154482488423,-0.073));
#8096=CARTESIAN_POINT('',(0.130470814624088,-0.00232933976060519,-0.073));
#8097=CARTESIAN_POINT('',(0.130462935498866,0.00658207361661529,-0.073));
#8098=CARTESIAN_POINT('',(0.101522441669822,-0.0203290542627989,-0.073));
#8099=CARTESIAN_POINT('',(0.101604262842911,-0.0203341436590831,-0.073));
#8100=CARTESIAN_POINT('',(0.111248329981168,-0.0113409938865694,-0.073));
#8101=CARTESIAN_POINT('',(0.120666922277196,-0.00255810074095688,-0.073));
#8102=CARTESIAN_POINT('',(0.120681348028393,-0.0113326535787796,-0.073));
#8103=CARTESIAN_POINT('',(0.130114366075617,-0.0113243132709898,-0.073));
#8104=CARTESIAN_POINT('',(0.0899618862296266,0.0259328728470857,-0.073));
#8105=CARTESIAN_POINT('',(0.088537347904726,-0.00634856865574107,-0.073));
#8106=CARTESIAN_POINT('',(0.0928292752087344,-0.00235339099784103,-0.073));
#8107=CARTESIAN_POINT('',(0.10238261676895,0.00653941963388048,-0.073));
#8108=CARTESIAN_POINT('',(0.0772004669100434,0.0121741323446297,-0.073));
#8109=CARTESIAN_POINT('',(0.102395196377735,-0.0112452489321744,-0.073));
#8110=CARTESIAN_POINT('',(0.102388906573343,-0.00235291464914697,-0.073));
#8111=CARTESIAN_POINT('',(0.0382071817704491,-0.0298162004197024,-0.073));
#8112=CARTESIAN_POINT('',(0.0182862744634889,-0.0113186238081582,-0.073));
#8113=CARTESIAN_POINT('',(0.00868787400463343,-0.0024060203257894,-0.073));
#8114=CARTESIAN_POINT('',(0.0182815469879619,-0.00240720820168496,-0.073));
#8115=CARTESIAN_POINT('',(0.0182768195124349,0.00650420740478825,-0.073));
#8116=CARTESIAN_POINT('',(0.0495587952827995,0.035572005083854,-0.073));
#8117=CARTESIAN_POINT('',(0.0753096434253194,0.00786325744566404,-0.073));
#8118=CARTESIAN_POINT('',(0.0643280101373951,-0.00237355076427883,-0.073));
#8119=CARTESIAN_POINT('',(0.0547746774689407,-0.0112789322980337,-0.073));
#8120=CARTESIAN_POINT('',(0.0639868047621811,-0.00205683654239561,-0.073));
#8121=CARTESIAN_POINT('',(0.054762097860156,0.00650573626802117,-0.073));
#8122=CARTESIAN_POINT('',(0.0547683876645484,-0.00238659801500627,-0.073));
#8123=CARTESIAN_POINT('',(0.0510169717124022,-0.0160560145039087,-0.073));
#8124=CARTESIAN_POINT('',(0.0266817468874301,0.00650866619003918,-0.073));
#8125=CARTESIAN_POINT('',(0.0362801406861291,-0.00239138272260365,-0.073));
#8126=CARTESIAN_POINT('',(0.0266864743629571,-0.00240274941643402,-0.073));
#8127=CARTESIAN_POINT('',(0.0266912018384841,-0.0113141650229072,-0.073));
#8128=CARTESIAN_POINT('',(0.0623106327277612,0.0218307358400056,-0.073));
#8129=CARTESIAN_POINT('',(0.0769651247776489,0.0119292065633835,-0.073));
#8130=CARTESIAN_POINT('',(0.0827748074030925,0.00654412602867462,-0.073));
#8131=CARTESIAN_POINT('',(0.0923747748667449,-0.002354225439949,-0.073));
#8132=CARTESIAN_POINT('',(0.0827811107035652,-0.0023672886025005,-0.073));
#8133=CARTESIAN_POINT('',(0.0827874140040378,-0.0112787032336756,-0.073));
#8134=CARTESIAN_POINT('',(0.0883267680661756,-0.00612234758720845,-0.073));
#8135=CARTESIAN_POINT('',(0.0641970643648127,-0.00183031780199396,-0.073));
#8136=CARTESIAN_POINT('',(0.074382487548909,-0.01128464828046,-0.073));
#8137=CARTESIAN_POINT('',(0.0647825112050484,-0.00237374224348457,-0.073));
#8138=CARTESIAN_POINT('',(0.0743761842484363,-0.00237323364928487,-0.073));
#8139=CARTESIAN_POINT('',(0.0743698809479637,0.00653818098189025,-0.073));
#8140=CARTESIAN_POINT('',(0.075533201166029,0.00761954331044607,-0.073));
#8141=CARTESIAN_POINT('',(0.0755362772689493,0.00762013383620153,-0.073));
#8142=CARTESIAN_POINT('',(0.0551521063556418,-0.0113814884805516,-0.073));
#8143=CARTESIAN_POINT('',(0.064572251602525,-0.00260026098243574,-0.073));
#8144=CARTESIAN_POINT('',(0.0645851257302174,-0.0113748162340068,-0.073));
#8145=CARTESIAN_POINT('',(0.0740181451047931,-0.0113681439874621,-0.073));
#8146=CARTESIAN_POINT('',(0.0639868047629542,-0.00205683654156237,-0.073));
#8147=CARTESIAN_POINT('',(0.0625211725590809,0.0216044775385507,-0.073));
#8148=CARTESIAN_POINT('',(0.0270556473565426,-0.0113972096737833,-0.073));
#8149=CARTESIAN_POINT('',(0.0364906805181133,-0.00261764102344049,-0.073));
#8150=CARTESIAN_POINT('',(0.0364886677635028,-0.011392205488692,-0.073));
#8151=CARTESIAN_POINT('',(0.045921688170463,-0.0113872013036008,-0.073));
#8152=CARTESIAN_POINT('',(0.0509472875242082,-0.0160603283013955,-0.073));
#8153=CARTESIAN_POINT('',(0.0769741772296935,0.0119306883693017,-0.073));
#8154=CARTESIAN_POINT('',(0.0925853547051851,-0.00258044650703121,-0.073));
#8155=CARTESIAN_POINT('',(0.102017912950516,-0.0113483389444692,-0.073));
#8156=CARTESIAN_POINT('',(0.0885373479039518,-0.00634856865490892,-0.073));
#8157=CARTESIAN_POINT('',(0.0831518742013648,-0.011361683437559,-0.073));
#8158=CARTESIAN_POINT('',(0.0925848935759404,-0.0113550111910141,-0.073));
#8159=CARTESIAN_POINT('',(0.0883267680662418,-0.00612234758727942,-0.073));
#8160=CARTESIAN_POINT('',(0.102021469343872,0.00662548356188848,-0.073));
#8161=CARTESIAN_POINT('',(0.0925859283777767,-0.00215767136777169,-0.073));
#8162=CARTESIAN_POINT('',(0.0925853589617505,0.00663214314454293,-0.073));
#8163=CARTESIAN_POINT('',(0.083149248579629,0.00663880272719738,-0.073));
#8164=CARTESIAN_POINT('',(0.0772098656931597,0.0121752696793852,-0.073));
#8165=CARTESIAN_POINT('',(0.0925706659869536,-0.00214348444227446,-0.073));
#8166=CARTESIAN_POINT('',(0.0771852676296764,0.0121577808555603,-0.073));
#8167=CARTESIAN_POINT('',(0.0623106327278277,0.0218307358399344,-0.073));
#8168=CARTESIAN_POINT('',(0.0459284229139214,0.00658662029285487,-0.073));
#8169=CARTESIAN_POINT('',(0.0364913289509439,-0.00219486599223441,-0.073));
#8170=CARTESIAN_POINT('',(0.0364923138569602,0.0065949484833441,-0.073));
#8171=CARTESIAN_POINT('',(0.027056204799999,0.00660327667383335,-0.073));
#8172=CARTESIAN_POINT('',(0.0511042663336863,-0.0158213610095972,-0.073));
#8173=CARTESIAN_POINT('',(0.0364760690690644,-0.00218067636807721,-0.073));
#8174=CARTESIAN_POINT('',(0.0511584180781445,-0.0158332731462622,-0.073));
#8175=CARTESIAN_POINT('',(0.140132390167218,-0.00547874548610968,-0.073));
#8176=CARTESIAN_POINT('',(0.13381122398802,-0.004331468863621,-0.073));
#8177=CARTESIAN_POINT('',(0.143866285978005,-0.000250800613816716,-0.073));
#8178=CARTESIAN_POINT('',(0.13381122398802,-0.0140605769746471,-0.073));
#8179=CARTESIAN_POINT('',(0.13381122398802,-0.0131271973894401,-0.073));
#8180=CARTESIAN_POINT('',(0.182,-0.0131271973894401,-0.073));
#8181=CARTESIAN_POINT('',(0.136610073788354,-0.0131271973894401,-0.073));
#8182=CARTESIAN_POINT('',(0.136610073788354,-0.0140605769746471,-0.073));
#8183=CARTESIAN_POINT('',(0.136610073788354,-0.00541333504981026,-0.073));
#8184=CARTESIAN_POINT('',(0.14023817988318,-0.00616326038860376,-0.073));
#8185=CARTESIAN_POINT('',(0.143866285978005,-0.00541333504980836,-0.073));
#8186=CARTESIAN_POINT('',(0.143866285978005,-0.0140605769746471,-0.073));
#8187=CARTESIAN_POINT('',(0.143866285978005,-0.0131271973894401,-0.073));
#8188=CARTESIAN_POINT('',(0.182,-0.0131271973894401,-0.073));
#8189=CARTESIAN_POINT('',(0.146665144900469,-0.0131271973894401,-0.073));
#8190=CARTESIAN_POINT('',(0.146665144900469,-0.0140605769746471,-0.073));
#8191=CARTESIAN_POINT('',(0.146665144900469,0.00833053623182041,-0.073));
#8192=CARTESIAN_POINT('',(0.07425,0.00833053623182041,-0.073));
#8193=CARTESIAN_POINT('',(0.143866285978005,0.00833053623182041,-0.073));
#8194=CARTESIAN_POINT('',(0.143866285978005,-0.0140605769746471,-0.073));
#8195=CARTESIAN_POINT('',(0.0753123761096403,0.00786353716161083,-0.073));
#8196=CARTESIAN_POINT('',(0.0739953062110538,0.00663232787986431,-0.073));
#8197=CARTESIAN_POINT('',(0.0645863221546369,-0.00216327857541784,-0.073));
#8198=CARTESIAN_POINT('',(0.0645592146919906,0.0066123194447451,-0.073));
#8199=CARTESIAN_POINT('',(0.0551231231729274,0.00659231100962589,-0.073));
#8200=CARTESIAN_POINT('',(0.0641970643647462,-0.00183031780206456,-0.073));
#8201=CARTESIAN_POINT('',(0.0645710798487185,-0.00217748707776652,-0.073));
#8202=CARTESIAN_POINT('',(0.0753248658222257,0.00784692747472415,-0.073));
#8203=CARTESIAN_POINT('',(0.0625211725598557,0.0216044775377184,-0.073));
#8204=CARTESIAN_POINT('',(0.0367346411685689,-0.00239062865079365,-0.073));
#8205=CARTESIAN_POINT('',(0.0462895551144816,0.00650049250370712,-0.073));
#8206=CARTESIAN_POINT('',(0.0511736202497477,-0.0158169243451702,-0.073));
#8207=CARTESIAN_POINT('',(0.0462989898214143,-0.0112841780087674,-0.073));
#8208=CARTESIAN_POINT('',(0.0462942724679479,-0.00239184275253015,-0.073));
#8209=CARTESIAN_POINT('',(0.101459079498589,-0.0200962387080966,-0.073));
#8210=CARTESIAN_POINT('',(0.130088344119612,0.00667615427625132,-0.073));
#8211=CARTESIAN_POINT('',(0.120680915556538,-0.00212111585264492,-0.073));
#8212=CARTESIAN_POINT('',(0.120652256286216,0.00665447723684162,-0.073));
#8213=CARTESIAN_POINT('',(0.11121616845282,0.0066328001974319,-0.073));
#8214=CARTESIAN_POINT('',(0.0901721057723347,0.0261594287637062,-0.073));
#8215=CARTESIAN_POINT('',(0.120665675763378,-0.00213532705010163,-0.073));
#8216=CARTESIAN_POINT('',(0.101392811295084,-0.0201073874084532,-0.073));
#8217=CARTESIAN_POINT('',(0.1605,0.009,-0.068));
#8218=CARTESIAN_POINT('',(0.1605,0.,-0.068));
#8219=CARTESIAN_POINT('',(0.1605,0.,-0.063));
#8220=CARTESIAN_POINT('',(0.1605,0.009,-0.063));
#8221=CARTESIAN_POINT('',(0.1605,0.009,-0.063));
#8222=CARTESIAN_POINT('',(0.1605,0.009,-0.068));
#8223=CARTESIAN_POINT('',(0.16625,0.009,-0.063));
#8224=CARTESIAN_POINT('',(0.16625,0.,-0.063));
#8225=CARTESIAN_POINT('',(0.172,0.,-0.063));
#8226=CARTESIAN_POINT('',(0.172,0.009,-0.063));
#8227=CARTESIAN_POINT('',(0.172,0.009,-0.063));
#8228=CARTESIAN_POINT('',(0.16625,0.009,-0.063));
#8229=CARTESIAN_POINT('',(0.172,0.009,1.38777878078145E-17));
#8230=CARTESIAN_POINT('',(0.172,0.,1.38777878078145E-17));
#8231=CARTESIAN_POINT('',(0.172,0.,0.063));
#8232=CARTESIAN_POINT('',(0.172,0.009,0.063));
#8233=CARTESIAN_POINT('',(0.172,0.009,0.063));
#8234=CARTESIAN_POINT('',(0.172,0.009,1.38777878078145E-17));
#8235=CARTESIAN_POINT('',(0.086,0.009,0.063));
#8236=CARTESIAN_POINT('',(0.,0.009,0.063));
#8237=CARTESIAN_POINT('',(0.,0.009,0.063));
#8238=CARTESIAN_POINT('',(0.086,0.009,0.063));
#8239=CARTESIAN_POINT('',(0.086,0.,0.063));
#8240=CARTESIAN_POINT('',(0.,0.009,0.068));
#8241=CARTESIAN_POINT('',(0.,-0.004,0.000149810560047627));
#8242=CARTESIAN_POINT('',(0.,-0.004,-0.00644943168014288));
#8243=CARTESIAN_POINT('',(5.20417042793042E-18,-0.004,0.00674905280023814));
#8244=CARTESIAN_POINT('',(0.,-0.004,-0.00644943168014288));
#8245=CARTESIAN_POINT('',(0.,0.009,-0.063));
#8246=CARTESIAN_POINT('',(0.,0.009,-0.063));
#8247=CARTESIAN_POINT('',(0.,0.009,-0.068));
#8248=CARTESIAN_POINT('',(0.,0.00259499155136455,-0.0685));
#8249=CARTESIAN_POINT('',(1.0842021724855E-19,0.00779115378832976,-0.0715));
#8250=CARTESIAN_POINT('',(0.,0.009,-0.0715));
#8251=CARTESIAN_POINT('',(2.16840434497101E-19,0.00566111298863365,-0.0715));
#8252=CARTESIAN_POINT('',(0.,0.00566111298863365,-0.068));
#8253=CARTESIAN_POINT('',(0.,0.00523935749637209,-0.068));
#8254=CARTESIAN_POINT('',(2.16840434497101E-19,0.00523935749637209,-0.0715));
#8255=CARTESIAN_POINT('',(0.,0.009,-0.0715));
#8256=CARTESIAN_POINT('',(4.33680868994202E-19,-0.0100779754761475,-0.0715));
#8257=CARTESIAN_POINT('',(0.,-0.0100779754761475,-0.068));
#8258=CARTESIAN_POINT('',(0.,-0.0105322866945453,-0.068));
#8259=CARTESIAN_POINT('',(-8.67361737988404E-19,-0.0105322866945453,-0.0715));
#8260=CARTESIAN_POINT('',(0.,0.009,-0.0715));
#8261=CARTESIAN_POINT('',(0.,-0.0126390882310896,-0.0715));
#8262=CARTESIAN_POINT('',(0.,-0.00744293507721522,-0.0685));
#8263=CARTESIAN_POINT('',(0.,-0.00712115394929424,0.));
#8264=CARTESIAN_POINT('',(0.,-0.000600606004088758,0.068));
#8265=CARTESIAN_POINT('',(0.,-0.00706057697464712,0.068));
#8266=CARTESIAN_POINT('',(0.,0.,0.068));
#8267=CARTESIAN_POINT('',(0.,0.,0.068));
#8268=CARTESIAN_POINT('',(0.,0.,0.073));
#8269=CARTESIAN_POINT('',(0.,0.009,0.073));
#8270=CARTESIAN_POINT('',(0.,0.009,0.073));
#8271=CARTESIAN_POINT('',(0.,0.009,0.068));
#8272=CARTESIAN_POINT('',(5.20417042793042E-18,-0.004,0.00674905280023814));
#8273=CARTESIAN_POINT('',(0.091,0.009,0.073));
#8274=CARTESIAN_POINT('',(0.091,0.,0.073));
#8275=CARTESIAN_POINT('',(0.005,0.,0.073));
#8276=CARTESIAN_POINT('',(0.005,-6.05769746471196E-5,0.073));
#8277=CARTESIAN_POINT('',(0.005,-0.000121153949294239,0.073));
#8278=CARTESIAN_POINT('',(0.182,-0.000121153949294239,0.073));
#8279=CARTESIAN_POINT('',(0.177,-0.000121153949294239,0.073));
#8280=CARTESIAN_POINT('',(0.177,0.009,0.073));
#8281=CARTESIAN_POINT('',(0.177,0.009,0.073));
#8282=CARTESIAN_POINT('',(0.091,0.009,0.073));
#8283=CARTESIAN_POINT('',(0.182,0.009,-1.38777878078145E-17));
#8284=CARTESIAN_POINT('',(0.182,0.009,-1.38777878078145E-17));
#8285=CARTESIAN_POINT('',(0.182,0.009,-0.068));
#8286=CARTESIAN_POINT('',(0.182,0.009,0.068));
#8287=CARTESIAN_POINT('',(0.182,0.,0.068));
#8288=CARTESIAN_POINT('',(0.182,-0.000600606004088758,0.068));
#8289=CARTESIAN_POINT('',(0.182,-0.00712115394929424,0.));
#8290=CARTESIAN_POINT('',(0.182,-0.0136417018944997,-0.068));
#8291=CARTESIAN_POINT('',(0.182,0.009,-0.068));
#8292=CARTESIAN_POINT('',(0.177,0.009,-0.068));
#8293=CARTESIAN_POINT('',(0.177,0.009,-0.068));
#8294=CARTESIAN_POINT('',(0.18,0.009,-0.068));
#8295=CARTESIAN_POINT('',(0.177,0.,-0.068));
#8296=CARTESIAN_POINT('',(0.174,0.,-0.068));
#8297=CARTESIAN_POINT('',(0.177,0.009,0.068));
#8298=CARTESIAN_POINT('',(0.177,0.009,0.068));
#8299=CARTESIAN_POINT('',(0.18,0.009,0.068));
#8300=CARTESIAN_POINT('',(0.177,0.,0.068));
#8301=CARTESIAN_POINT('',(0.18,0.,0.068));
#8302=CARTESIAN_POINT('',(0.091,0.009,-1.38777878078145E-17));
#8303=CARTESIAN_POINT('',(0.177,0.009,0.068));
#8304=CARTESIAN_POINT('',(0.177,0.009,-0.068));
#8305=CARTESIAN_POINT('',(0.091,0.,-1.38777878078145E-17));
#8306=CARTESIAN_POINT('',(0.005,0.,0.068));
#8307=CARTESIAN_POINT('',(0.177,0.009,0.068));
#8308=CARTESIAN_POINT('',(0.177,-0.00060060600408876,0.068));
#8309=CARTESIAN_POINT('',(0.177,0.009,-0.068));
#8310=CARTESIAN_POINT('',(0.177,-0.0136417018944997,-0.068));
#8311=CARTESIAN_POINT('',(0.086826502361968,-0.00239810557274357,-0.0745));
#8312=CARTESIAN_POINT('',(0.165298129749996,-0.00730614332052129,-0.0745));
#8313=CARTESIAN_POINT('',(0.169758264537421,-0.00125945481542859,-0.0745));
#8314=CARTESIAN_POINT('',(0.160837994962571,-0.013352831825614,-0.0745));
#8315=CARTESIAN_POINT('',(0.16545959318144,0.00338554390075135,-0.0745));
#8316=CARTESIAN_POINT('',(0.161160921825459,0.00803054261693129,-0.0745));
#8317=CARTESIAN_POINT('',(0.162630473056572,0.00803054261693129,-0.0745));
#8318=CARTESIAN_POINT('',(0.164100024287686,0.00803054261693129,-0.0745));
#8319=CARTESIAN_POINT('',(0.16894860733047,0.00272798992631982,-0.0745));
#8320=CARTESIAN_POINT('',(0.173797190373253,-0.00257456276429164,-0.0745));
#8321=CARTESIAN_POINT('',(0.173797190373253,0.00272798992631982,-0.0745));
#8322=CARTESIAN_POINT('',(0.173797190373253,0.00803054261693129,-0.0745));
#8323=CARTESIAN_POINT('',(0.175039756780453,0.00803054261693129,-0.0745));
#8324=CARTESIAN_POINT('',(0.176282323187652,0.00803054261693129,-0.0745));
#8325=CARTESIAN_POINT('',(0.176282323187652,-0.00266114460434134,-0.0745));
#8326=CARTESIAN_POINT('',(0.176282323187652,-0.013352831825614,-0.0745));
#8327=CARTESIAN_POINT('',(0.175039756780453,-0.013352831825614,-0.0745));
#8328=CARTESIAN_POINT('',(0.173797190373253,-0.013352831825614,-0.0745));
#8329=CARTESIAN_POINT('',(0.173797190373253,-0.00916180275726219,-0.0745));
#8330=CARTESIAN_POINT('',(0.173797190373253,-0.00497077368891041,-0.0745));
#8331=CARTESIAN_POINT('',(0.172676306552069,-0.00397625255320438,-0.0745));
#8332=CARTESIAN_POINT('',(0.171555422730885,-0.00298173141749835,-0.0745));
#8333=CARTESIAN_POINT('',(0.167659239928649,-0.00816728162155616,-0.0745));
#8334=CARTESIAN_POINT('',(0.163763057126412,-0.013352831825614,-0.0745));
#8335=CARTESIAN_POINT('',(0.162300526044491,-0.013352831825614,-0.0745));
#8336=CARTESIAN_POINT('',(0.175039756780453,-0.013352831825614,-0.0715));
#8337=CARTESIAN_POINT('',(0.173797190373253,-0.013352831825614,-0.0715));
#8338=CARTESIAN_POINT('',(0.176282323187652,-0.013352831825614,-0.0715));
#8339=CARTESIAN_POINT('',(0.173797190373253,-0.00916180275726219,-0.0715));
#8340=CARTESIAN_POINT('',(0.173797190373253,-0.00497077368891041,-0.0715));
#8341=CARTESIAN_POINT('',(0.172676306552069,-0.00397625255320438,-0.0715));
#8342=CARTESIAN_POINT('',(0.171555422730885,-0.00298173141749835,-0.0715));
#8343=CARTESIAN_POINT('',(0.167659239928649,-0.00816728162155616,-0.0715));
#8344=CARTESIAN_POINT('',(0.163763057126412,-0.013352831825614,-0.0715));
#8345=CARTESIAN_POINT('',(0.162300526044491,-0.013352831825614,-0.0715));
#8346=CARTESIAN_POINT('',(0.160837994962571,-0.013352831825614,-0.0715));
#8347=CARTESIAN_POINT('',(0.165298129749996,-0.00730614332052129,-0.0715));
#8348=CARTESIAN_POINT('',(0.169758264537421,-0.00125945481542859,-0.0715));
#8349=CARTESIAN_POINT('',(0.086826502361968,-0.00239810557274357,-0.0745));
#8350=CARTESIAN_POINT('',(0.114631911661222,-0.00773132289428456,-0.0745));
#8351=CARTESIAN_POINT('',(0.120422640726224,-0.00233143371609472,-0.0745));
#8352=CARTESIAN_POINT('',(0.114836242101903,-0.00754078354716208,-0.0745));
#8353=CARTESIAN_POINT('',(0.114822114361604,0.00843791083254222,-0.0745));
#8354=CARTESIAN_POINT('',(0.114827045534676,0.00286067726416246,-0.0745));
#8355=CARTESIAN_POINT('',(0.114622378716525,0.00305058607590429,-0.0745));
#8356=CARTESIAN_POINT('',(0.114622378716525,0.00305058607590429,-0.0715));
#8357=CARTESIAN_POINT('',(0.114827045534676,0.00286067726416246,-0.0685));
#8358=CARTESIAN_POINT('',(0.120422640726224,-0.00233143371609472,-0.0715));
#8359=CARTESIAN_POINT('',(0.114631911661222,-0.00773132289428456,-0.0715));
#8360=CARTESIAN_POINT('',(0.114836242101903,-0.00754078354716209,-0.0685));
#8361=CARTESIAN_POINT('',(0.086826502361968,-0.00239810557274357,-0.0745));
#8362=CARTESIAN_POINT('',(0.126684891200305,0.00306895342408289,-0.0745));
#8363=CARTESIAN_POINT('',(0.126497567156033,0.00289476492059431,-0.0745));
#8364=CARTESIAN_POINT('',(0.120877141820631,-0.00233154482488421,-0.0745));
#8365=CARTESIAN_POINT('',(0.126502215890202,-0.00236302584948315,-0.0745));
#8366=CARTESIAN_POINT('',(0.126506806669525,-0.00755526878569929,-0.0745));
#8367=CARTESIAN_POINT('',(0.126694438659003,-0.00772937110716214,-0.0745));
#8368=CARTESIAN_POINT('',(0.126684891200305,0.00306895342408289,-0.0715));
#8369=CARTESIAN_POINT('',(0.126497567156033,0.00289476492059431,-0.0685));
#8370=CARTESIAN_POINT('',(0.120877141820631,-0.00233154482488421,-0.0715));
#8371=CARTESIAN_POINT('',(0.126694438659003,-0.00772937110716214,-0.0715));
#8372=CARTESIAN_POINT('',(0.126506806669525,-0.00755526878569929,-0.0685));
#8373=CARTESIAN_POINT('',(0.086826502361968,-0.00239810557274357,-0.0745));
#8374=CARTESIAN_POINT('',(0.126484219115569,-0.00795592702323492,-0.0745));
#8375=CARTESIAN_POINT('',(0.125841402988889,-0.0073594627409974,-0.0745));
#8376=CARTESIAN_POINT('',(0.120666922277196,-0.00255810074095686,-0.0745));
#8377=CARTESIAN_POINT('',(0.0868309194971622,-0.00739395429372422,-0.0745));
#8378=CARTESIAN_POINT('',(0.115508243886832,-0.00736859891850924,-0.0745));
#8379=CARTESIAN_POINT('',(0.120658119918178,-0.00256630899291796,-0.0745));
#8380=CARTESIAN_POINT('',(0.126484219115569,-0.00795592702323492,-0.0715));
#8381=CARTESIAN_POINT('',(0.125841402988889,-0.0073594627409974,-0.0685));
#8382=CARTESIAN_POINT('',(0.120666922277196,-0.00255810074095686,-0.0715));
#8383=CARTESIAN_POINT('',(0.120658119918178,-0.00256630899291796,-0.0715));
#8384=CARTESIAN_POINT('',(0.115508243886832,-0.00736859891850924,-0.0685));
#8385=CARTESIAN_POINT('',(0.086826502361968,-0.00239810557274357,-0.0745));
#8386=CARTESIAN_POINT('',(0.120664271396158,-0.00213402394824769,-0.0745));
#8387=CARTESIAN_POINT('',(0.11548264990534,0.00267396392740363,-0.0745));
#8388=CARTESIAN_POINT('',(0.120665675763378,-0.00213532705010136,-0.0745));
#8389=CARTESIAN_POINT('',(0.13227974720203,0.00271255103537654,-0.0745));
#8390=CARTESIAN_POINT('',(0.125833999972214,0.00269774355168279,-0.0745));
#8391=CARTESIAN_POINT('',(0.126473439651718,0.00329570967537053,-0.0745));
#8392=CARTESIAN_POINT('',(0.120680915556538,-0.0021211158526449,-0.0745));
#8393=CARTESIAN_POINT('',(0.120673295659958,-0.0021282214513732,-0.0745));
#8394=CARTESIAN_POINT('',(0.126473439651718,0.00329570967537053,-0.0715));
#8395=CARTESIAN_POINT('',(0.125833999972214,0.00269774355168279,-0.0685));
#8396=CARTESIAN_POINT('',(0.120680915556538,-0.0021211158526449,-0.0715));
#8397=CARTESIAN_POINT('',(0.120673295659958,-0.0021282214513732,-0.0715));
#8398=CARTESIAN_POINT('',(0.120665675763378,-0.00213532705010136,-0.0715));
#8399=CARTESIAN_POINT('',(0.120664271396158,-0.00213402394824769,-0.0715));
#8400=CARTESIAN_POINT('',(0.11548264990534,0.00267396392740363,-0.0685));
#8401=CARTESIAN_POINT('',(0.086826502361968,-0.00239810557274357,-0.0745));
#8402=CARTESIAN_POINT('',(0.0986209644479649,0.00303785303102754,-0.0745));
#8403=CARTESIAN_POINT('',(0.0928292752087344,-0.00235339099784103,-0.0745));
#8404=CARTESIAN_POINT('',(0.0984166001267791,0.00284761873481503,-0.0745));
#8405=CARTESIAN_POINT('',(0.0984203047782665,-0.00238990494206088,-0.0745));
#8406=CARTESIAN_POINT('',(0.0984239573809063,-0.00755384354013366,-0.0745));
#8407=CARTESIAN_POINT('',(0.0986285908040805,-0.00774405745631958,-0.0745));
#8408=CARTESIAN_POINT('',(0.0986285908040805,-0.00774405745631958,-0.0715));
#8409=CARTESIAN_POINT('',(0.0984239573809063,-0.00755384354013366,-0.0685));
#8410=CARTESIAN_POINT('',(0.0928292752087344,-0.00235339099784103,-0.0715));
#8411=CARTESIAN_POINT('',(0.0986209644479649,0.00303785303102754,-0.0715));
#8412=CARTESIAN_POINT('',(0.0984166001267791,0.00284761873481503,-0.0685));
#8413=CARTESIAN_POINT('',(0.086826502361968,-0.00239810557274357,-0.0745));
#8414=CARTESIAN_POINT('',(0.0144975329847873,0.00299242359153713,-0.0745));
#8415=CARTESIAN_POINT('',(0.0143101473479666,0.00281830134877818,-0.0745));
#8416=CARTESIAN_POINT('',(0.00868787400463343,-0.0024060203257894,-0.0745));
#8417=CARTESIAN_POINT('',(0.0143129350412613,-0.00243657377241235,-0.0745));
#8418=CARTESIAN_POINT('',(0.0143156910565245,-0.00763173497166489,-0.0745));
#8419=CARTESIAN_POINT('',(0.0145032614604839,-0.00780590364098472,-0.0745));
#8420=CARTESIAN_POINT('',(0.0144975329847873,0.00299242359153713,-0.0715));
#8421=CARTESIAN_POINT('',(0.0143101473479666,0.00281830134877818,-0.0685));
#8422=CARTESIAN_POINT('',(0.00868787400463343,-0.0024060203257894,-0.0715));
#8423=CARTESIAN_POINT('',(0.0145032614604839,-0.00780590364098472,-0.0715));
#8424=CARTESIAN_POINT('',(0.0143156910565245,-0.00763173497166489,-0.0685));
#8425=CARTESIAN_POINT('',(0.086826502361968,-0.00239810557274357,-0.0745));
#8426=CARTESIAN_POINT('',(0.00244073452680647,-0.00780358934223949,-0.0745));
#8427=CARTESIAN_POINT('',(0.00823337297794588,-0.00240574847617363,-0.0745));
#8428=CARTESIAN_POINT('',(0.00264513234168283,-0.00761312227142529,-0.0745));
#8429=CARTESIAN_POINT('',(0.00263665569679663,0.00836557610546169,-0.0745));
#8430=CARTESIAN_POINT('',(0.00263961440088616,0.00278834114189774,-0.0745));
#8431=CARTESIAN_POINT('',(0.00243501475951112,0.0029783223251196,-0.0745));
#8432=CARTESIAN_POINT('',(0.00243501475951112,0.0029783223251196,-0.0715));
#8433=CARTESIAN_POINT('',(0.00263961440088616,0.00278834114189774,-0.0685));
#8434=CARTESIAN_POINT('',(-0.00255909960355662,0.00761561176250292,-0.0715));
#8435=CARTESIAN_POINT('',(0.00243501475951112,0.0029783223251196,-0.0715));
#8436=CARTESIAN_POINT('',(0.00823337297794588,-0.00240574847617363,-0.0715));
#8437=CARTESIAN_POINT('',(0.00244073452680647,-0.00780358934223949,-0.0715));
#8438=CARTESIAN_POINT('',(0.00244073452680647,-0.00780358934223949,-0.0715));
#8439=CARTESIAN_POINT('',(-0.00254845341210341,-0.0124527389089336,-0.0715));
#8440=CARTESIAN_POINT('',(0.00264513234168283,-0.00761312227142529,-0.0685));
#8441=CARTESIAN_POINT('',(0.086826502361968,-0.00239810557274357,-0.0715));
#8442=CARTESIAN_POINT('',(-0.00255377650783001,-0.00241856357321535,-0.0715));
#8443=CARTESIAN_POINT('',(0.086826502361968,-0.00239810557274357,-0.0745));
#8444=CARTESIAN_POINT('',(0.0585363262887726,-0.007772415870817,-0.0745));
#8445=CARTESIAN_POINT('',(0.0643280101373951,-0.00237355076427883,-0.0745));
#8446=CARTESIAN_POINT('',(0.0587406904197466,-0.00758191265887011,-0.0745));
#8447=CARTESIAN_POINT('',(0.0587293882269773,0.00839678396924935,-0.0745));
#8448=CARTESIAN_POINT('',(0.0587333331656194,0.00281954961607852,-0.0745));
#8449=CARTESIAN_POINT('',(0.058528699932657,0.00300949461653015,-0.0745));
#8450=CARTESIAN_POINT('',(0.058528699932657,0.00300949461653015,-0.0715));
#8451=CARTESIAN_POINT('',(0.0587333331656194,0.00281954961607852,-0.0685));
#8452=CARTESIAN_POINT('',(0.0643280101373951,-0.00237355076427883,-0.0715));
#8453=CARTESIAN_POINT('',(0.0585363262887726,-0.007772415870817,-0.0715));
#8454=CARTESIAN_POINT('',(0.0587406904197466,-0.00758191265887011,-0.0685));
#8455=CARTESIAN_POINT('',(0.086826502361968,-0.00239810557274357,-0.0745));
#8456=CARTESIAN_POINT('',(0.0304704857411673,-0.00779743308306741,-0.0745));
#8457=CARTESIAN_POINT('',(0.0306578712478364,-0.00762306550091815,-0.0745));
#8458=CARTESIAN_POINT('',(0.0362801406861291,-0.00239138272260365,-0.0745));
#8459=CARTESIAN_POINT('',(0.0306493730005328,0.0083963540005615,-0.0745));
#8460=CARTESIAN_POINT('',(0.0306523275392785,0.00282697081952481,-0.0745));
#8461=CARTESIAN_POINT('',(0.0304647572654707,0.0030008941494546,-0.0745));
#8462=CARTESIAN_POINT('',(0.0304647572654707,0.0030008941494546,-0.0715));
#8463=CARTESIAN_POINT('',(0.0306523275392785,0.00282697081952482,-0.0685));
#8464=CARTESIAN_POINT('',(0.0362801406861291,-0.00239138272260365,-0.0715));
#8465=CARTESIAN_POINT('',(0.0304704857411673,-0.00779743308306741,-0.0715));
#8466=CARTESIAN_POINT('',(0.0306578712478364,-0.00762306550091815,-0.0685));
#8467=CARTESIAN_POINT('',(0.086826502361968,-0.00239810557274357,-0.0745));
#8468=CARTESIAN_POINT('',(0.0425272836626644,0.00299959113676856,-0.0745));
#8469=CARTESIAN_POINT('',(0.0367346411685689,-0.00239062865079365,-0.0745));
#8470=CARTESIAN_POINT('',(0.0423228857051292,0.00280939298171815,-0.0745));
#8471=CARTESIAN_POINT('',(0.0423256607890388,-0.0024217131171288,-0.0745));
#8472=CARTESIAN_POINT('',(0.0423284036459259,-0.0075920704316049,-0.0745));
#8473=CARTESIAN_POINT('',(0.0425330034299598,-0.00778232053059047,-0.0745));
#8474=CARTESIAN_POINT('',(0.0425272836626644,0.00299959113676856,-0.0715));
#8475=CARTESIAN_POINT('',(0.0423228857051292,0.00280939298171815,-0.0685));
#8476=CARTESIAN_POINT('',(0.0367346411685689,-0.00239062865079365,-0.0715));
#8477=CARTESIAN_POINT('',(0.0425330034299598,-0.00778232053059047,-0.0715));
#8478=CARTESIAN_POINT('',(0.0423284036459259,-0.0075920704316049,-0.0685));
#8479=CARTESIAN_POINT('',(0.086826502361968,-0.00239810557274357,-0.0745));
#8480=CARTESIAN_POINT('',(0.0865660759762689,-0.0077613030498201,-0.0745));
#8481=CARTESIAN_POINT('',(0.086753430646209,-0.00758690233461018,-0.0745));
#8482=CARTESIAN_POINT('',(0.0923747748667449,-0.002354225439949,-0.0745));
#8483=CARTESIAN_POINT('',(0.0867420996502175,0.00843251541364542,-0.0745));
#8484=CARTESIAN_POINT('',(0.0867460390350681,0.0028631328421425,-0.0745));
#8485=CARTESIAN_POINT('',(0.0865584380089521,0.0030370230008931,-0.0745));
#8486=CARTESIAN_POINT('',(0.0865584380089521,0.0030370230008931,-0.0715));
#8487=CARTESIAN_POINT('',(0.0867460390350681,0.0028631328421425,-0.0685));
#8488=CARTESIAN_POINT('',(0.0923747748667449,-0.002354225439949,-0.0715));
#8489=CARTESIAN_POINT('',(0.0865660759762689,-0.0077613030498201,-0.0715));
#8490=CARTESIAN_POINT('',(0.086753430646209,-0.00758690233461018,-0.0685));
#8491=CARTESIAN_POINT('',(0.086826502361968,-0.00239810557274357,-0.0745));
#8492=CARTESIAN_POINT('',(0.0705912154757804,0.00302572892408196,-0.0745));
#8493=CARTESIAN_POINT('',(0.0704038606323047,0.00285157354823531,-0.0745));
#8494=CARTESIAN_POINT('',(0.0647825112050484,-0.00237374224348457,-0.0745));
#8495=CARTESIAN_POINT('',(0.070407582096305,-0.00240971914838274,-0.0745));
#8496=CARTESIAN_POINT('',(0.0704112522434456,-0.00759846162851732,-0.0745));
#8497=CARTESIAN_POINT('',(0.0705988534430972,-0.00777259712663123,-0.0745));
#8498=CARTESIAN_POINT('',(0.0705912154757804,0.00302572892408196,-0.0715));
#8499=CARTESIAN_POINT('',(0.0704038606323047,0.00285157354823532,-0.0685));
#8500=CARTESIAN_POINT('',(0.0647825112050484,-0.00237374224348457,-0.0715));
#8501=CARTESIAN_POINT('',(0.0705988534430972,-0.00777259712663123,-0.0715));
#8502=CARTESIAN_POINT('',(0.0704112522434456,-0.00759846162851733,-0.0685));
#8503=CARTESIAN_POINT('',(0.086826502361968,-0.00239810557274357,-0.0745));
#8504=CARTESIAN_POINT('',(0.0703885938405737,-0.00799911586558247,-0.0745));
#8505=CARTESIAN_POINT('',(0.0697458831980219,-0.00740253792209554,-0.0745));
#8506=CARTESIAN_POINT('',(0.064572251602525,-0.00260026098243574,-0.0745));
#8507=CARTESIAN_POINT('',(0.0868300335937988,-0.00739045381000777,-0.0745));
#8508=CARTESIAN_POINT('',(0.0594127226419515,-0.00740984686444782,-0.0745));
#8509=CARTESIAN_POINT('',(0.0645634477921616,-0.00260846767772805,-0.0745));
#8510=CARTESIAN_POINT('',(0.0703885938405737,-0.00799911586558247,-0.0715));
#8511=CARTESIAN_POINT('',(0.0697458831980219,-0.00740253792209554,-0.0685));
#8512=CARTESIAN_POINT('',(0.064572251602525,-0.00260026098243574,-0.0715));
#8513=CARTESIAN_POINT('',(0.0645634477921616,-0.00260846767772805,-0.0715));
#8514=CARTESIAN_POINT('',(0.0594127226419515,-0.00740984686444782,-0.0685));
#8515=CARTESIAN_POINT('',(0.086826502361968,-0.00239810557274357,-0.0745));
#8516=CARTESIAN_POINT('',(0.0423066707036455,-0.00802572448609556,-0.0745));
#8517=CARTESIAN_POINT('',(0.0364906805181133,-0.00261764102344031,-0.0745));
#8518=CARTESIAN_POINT('',(0.0416561589512391,-0.0074208366272399,-0.0745));
#8519=CARTESIAN_POINT('',(0.0248681876491411,-0.00742974258864757,-0.0745));
#8520=CARTESIAN_POINT('',(0.0313229972642695,-0.00742631833420421,-0.0745));
#8521=CARTESIAN_POINT('',(0.0306810255731516,-0.00802369138390402,-0.0745));
#8522=CARTESIAN_POINT('',(0.0423066707036455,-0.00802572448609556,-0.0715));
#8523=CARTESIAN_POINT('',(0.0416561589512391,-0.0074208366272399,-0.0685));
#8524=CARTESIAN_POINT('',(0.0364906805181133,-0.00261764102344031,-0.0715));
#8525=CARTESIAN_POINT('',(0.0306810255731516,-0.00802369138390402,-0.0715));
#8526=CARTESIAN_POINT('',(0.0313229972642695,-0.00742631833420421,-0.0685));
#8527=CARTESIAN_POINT('',(0.086826502361968,-0.00239810557274357,-0.0745));
#8528=CARTESIAN_POINT('',(0.0984023011229562,-0.00798750143092774,-0.0745));
#8529=CARTESIAN_POINT('',(0.0925853547051851,-0.00258044650703121,-0.0745));
#8530=CARTESIAN_POINT('',(0.0977516824170836,-0.00738272861293852,-0.0745));
#8531=CARTESIAN_POINT('',(0.0809637129523228,-0.0073946032277155,-0.0745));
#8532=CARTESIAN_POINT('',(0.0874185218610131,-0.00739003755529093,-0.0745));
#8533=CARTESIAN_POINT('',(0.0867766558147091,-0.00798752411690243,-0.0745));
#8534=CARTESIAN_POINT('',(0.0867766558147091,-0.00798752411690243,-0.0715));
#8535=CARTESIAN_POINT('',(0.0874185218610131,-0.00739003755529093,-0.0685));
#8536=CARTESIAN_POINT('',(0.0925853547051851,-0.00258044650703121,-0.0715));
#8537=CARTESIAN_POINT('',(0.0984023011229562,-0.00798750143092774,-0.0715));
#8538=CARTESIAN_POINT('',(0.0977516824170836,-0.00738272861293852,-0.0685));
#8539=CARTESIAN_POINT('',(0.086826502361968,-0.00239810557274357,-0.0745));
#8540=CARTESIAN_POINT('',(0.0142929618054459,-0.0080323851957312,-0.0745));
#8541=CARTESIAN_POINT('',(0.013650356667119,-0.00743569360964969,-0.0745));
#8542=CARTESIAN_POINT('',(0.00847757434959548,-0.00263250188053584,-0.0745));
#8543=CARTESIAN_POINT('',(0.086829154190745,-0.00739687250763199,-0.0745));
#8544=CARTESIAN_POINT('',(0.00331719498014961,-0.00744117531661386,-0.0745));
#8545=CARTESIAN_POINT('',(0.00846876908816207,-0.00264070701890285,-0.0745));
#8546=CARTESIAN_POINT('',(0.0142929618054459,-0.0080323851957312,-0.0715));
#8547=CARTESIAN_POINT('',(0.013650356667119,-0.00743569360964969,-0.0685));
#8548=CARTESIAN_POINT('',(0.00847757434959548,-0.00263250188053584,-0.0715));
#8549=CARTESIAN_POINT('',(0.00846876908816207,-0.00264070701890285,-0.0715));
#8550=CARTESIAN_POINT('',(0.00331719498014961,-0.00744117531661386,-0.0685));
#8551=CARTESIAN_POINT('',(-0.00226218066017238,-0.0126402883101995,-0.0715));
#8552=CARTESIAN_POINT('',(0.00846876908816207,-0.00264070701890285,-0.0715));
#8553=CARTESIAN_POINT('',(0.086826502361968,-0.00239810557274357,-0.0715));
#8554=CARTESIAN_POINT('',(-0.00113109033008618,-0.0126396882706445,-0.0715));
#8555=CARTESIAN_POINT('',(0.086826502361968,-0.00239810557274357,-0.0745));
#8556=CARTESIAN_POINT('',(0.0645696757119502,-0.00217618372759569,-0.0745));
#8557=CARTESIAN_POINT('',(0.0593889045091073,0.00263272035029096,-0.0745));
#8558=CARTESIAN_POINT('',(0.0645710798487185,-0.0021774870777663,-0.0745));
#8559=CARTESIAN_POINT('',(0.0761860083666205,0.0026683371903825,-0.0745));
#8560=CARTESIAN_POINT('',(0.0697402586191436,0.0026546695224337,-0.0745));
#8561=CARTESIAN_POINT('',(0.0703798040283013,0.00325252256326191,-0.0745));
#8562=CARTESIAN_POINT('',(0.0645863221546369,-0.00216327857541785,-0.0745));
#8563=CARTESIAN_POINT('',(0.0645787010016778,-0.00217038282659215,-0.0745));
#8564=CARTESIAN_POINT('',(0.0703798040283013,0.00325252256326191,-0.0715));
#8565=CARTESIAN_POINT('',(0.0697402586191436,0.0026546695224337,-0.0685));
#8566=CARTESIAN_POINT('',(0.0645863221546369,-0.00216327857541785,-0.0715));
#8567=CARTESIAN_POINT('',(0.0645787010016778,-0.00217038282659215,-0.0715));
#8568=CARTESIAN_POINT('',(0.0645710798487185,-0.0021774870777663,-0.0715));
#8569=CARTESIAN_POINT('',(0.0645696757119502,-0.00217618372759569,-0.0715));
#8570=CARTESIAN_POINT('',(0.0593889045091073,0.00263272035029095,-0.0685));
#8571=CARTESIAN_POINT('',(0.086826502361968,-0.00239810557274357,-0.0745));
#8572=CARTESIAN_POINT('',(0.0867695284096893,0.00326411548781046,-0.0745));
#8573=CARTESIAN_POINT('',(0.0874099189358591,0.00266716778256812,-0.0745));
#8574=CARTESIAN_POINT('',(0.0925706659869536,-0.00214348444227446,-0.0745));
#8575=CARTESIAN_POINT('',(0.0868300774930851,0.00266757700860069,-0.0745));
#8576=CARTESIAN_POINT('',(0.0977612937385938,0.00265986224741705,-0.0745));
#8577=CARTESIAN_POINT('',(0.0926037141656762,-0.00214111531325077,-0.0745));
#8578=CARTESIAN_POINT('',(0.0925859283777767,-0.00215767136777169,-0.0745));
#8579=CARTESIAN_POINT('',(0.0925782971823651,-0.00215057790502307,-0.0745));
#8580=CARTESIAN_POINT('',(0.0925782971823651,-0.00215057790502307,-0.0715));
#8581=CARTESIAN_POINT('',(0.0925859283777767,-0.00215767136777169,-0.0715));
#8582=CARTESIAN_POINT('',(0.0925706659869536,-0.00214348444227446,-0.0715));
#8583=CARTESIAN_POINT('',(0.0867695284096893,0.00326411548781046,-0.0715));
#8584=CARTESIAN_POINT('',(0.0874099189358591,0.00266716778256812,-0.0685));
#8585=CARTESIAN_POINT('',(0.0926037141656762,-0.00214111531325077,-0.0715));
#8586=CARTESIAN_POINT('',(0.0977612937385938,0.00265986224741705,-0.0685));
#8587=CARTESIAN_POINT('',(0.086826502361968,-0.00239810557274357,-0.0745));
#8588=CARTESIAN_POINT('',(0.0306758878201664,0.00322794930524632,-0.0745));
#8589=CARTESIAN_POINT('',(0.0313161727767618,0.00263088836768634,-0.0745));
#8590=CARTESIAN_POINT('',(0.0364760690690644,-0.00218067636807721,-0.0745));
#8591=CARTESIAN_POINT('',(0.0868308976446303,0.00258189177376538,-0.0745));
#8592=CARTESIAN_POINT('',(0.0416675461258011,0.00262175237651077,-0.0745));
#8593=CARTESIAN_POINT('',(0.0365091176662086,-0.0021783130830721,-0.0745));
#8594=CARTESIAN_POINT('',(0.0364913289509439,-0.00219486599223441,-0.0745));
#8595=CARTESIAN_POINT('',(0.0364836990100042,-0.00218777118015581,-0.0745));
#8596=CARTESIAN_POINT('',(0.0364836990100042,-0.00218777118015581,-0.0715));
#8597=CARTESIAN_POINT('',(0.0364913289509439,-0.00219486599223441,-0.0715));
#8598=CARTESIAN_POINT('',(0.0364760690690644,-0.00218067636807721,-0.0715));
#8599=CARTESIAN_POINT('',(0.0306758878201664,0.00322794930524632,-0.0715));
#8600=CARTESIAN_POINT('',(0.0313161727767618,0.00263088836768634,-0.0685));
#8601=CARTESIAN_POINT('',(0.0365091176662086,-0.0021783130830721,-0.0715));
#8602=CARTESIAN_POINT('',(0.0416675461258011,0.00262175237651077,-0.0685));
#8603=CARTESIAN_POINT('',(0.086826502361968,-0.00239810557274357,-0.0745));
#8604=CARTESIAN_POINT('',(0.00264531441440546,0.0032048038814179,-0.0745));
#8605=CARTESIAN_POINT('',(0.00847647735583745,-0.00220972777527276,-0.0745));
#8606=CARTESIAN_POINT('',(0.00329515269669799,0.00260139595292357,-0.0745));
#8607=CARTESIAN_POINT('',(0.0200922625897958,0.00263404252402004,-0.0745));
#8608=CARTESIAN_POINT('',(0.0136465105262133,0.00262151467224356,-0.0745));
#8609=CARTESIAN_POINT('',(0.0142861616450264,0.00321925461151762,-0.0745));
#8610=CARTESIAN_POINT('',(0.00849172217403784,-0.00219552196847644,-0.0745));
#8611=CARTESIAN_POINT('',(0.00848409976493765,-0.0022026248718746,-0.0745));
#8612=CARTESIAN_POINT('',(0.0142861616450264,0.00321925461151762,-0.0715));
#8613=CARTESIAN_POINT('',(0.0136465105262133,0.00262151467224356,-0.0685));
#8614=CARTESIAN_POINT('',(0.00849172217403784,-0.00219552196847644,-0.0715));
#8615=CARTESIAN_POINT('',(0.00848409976493765,-0.0022026248718746,-0.0715));
#8616=CARTESIAN_POINT('',(0.00847647735583745,-0.00220972777527276,-0.0715));
#8617=CARTESIAN_POINT('',(0.00264531441440546,0.0032048038814179,-0.0715));
#8618=CARTESIAN_POINT('',(0.00264531441440546,0.0032048038814179,-0.0715));
#8619=CARTESIAN_POINT('',(-0.00228914928152578,0.00778670463753862,-0.0715));
#8620=CARTESIAN_POINT('',(0.003295152696698,0.00260139595292357,-0.0685));
#8621=CARTESIAN_POINT('',(0.086826502361968,-0.00239810557274357,-0.0715));
#8622=CARTESIAN_POINT('',(-0.00114457464076291,0.00778892921293419,-0.0715));
#8623=CARTESIAN_POINT('',(0.091,0.009,-1.38777878078145E-17));
#8624=CARTESIAN_POINT('',(0.07425,0.009,-0.063));
#8625=CARTESIAN_POINT('',(0.1485,0.009,-0.063));
#8626=CARTESIAN_POINT('',(0.1485,0.009,-0.068));
#8627=CARTESIAN_POINT('',(0.1485,0.009,-0.068));
#8628=CARTESIAN_POINT('',(0.1485,0.,-0.068));
#8629=CARTESIAN_POINT('',(0.1485,0.,-0.063));
#8630=CARTESIAN_POINT('',(0.1485,0.009,-0.063));
#8631=CARTESIAN_POINT('',(0.07425,0.009,-0.063));
#8632=CARTESIAN_POINT('',(0.07425,0.,-0.063));
#8633=CARTESIAN_POINT('',(0.086826502361968,-0.00239810557274357,-0.075));
#8634=CARTESIAN_POINT('',(0.143866285978005,-0.00927026621962423,-0.075));
#8635=CARTESIAN_POINT('',(0.143866285978005,-0.0131271973894401,-0.075));
#8636=CARTESIAN_POINT('',(0.143866285978005,-0.00541333504980836,-0.075));
#8637=CARTESIAN_POINT('',(0.14023817988318,-0.00616326038860376,-0.075));
#8638=CARTESIAN_POINT('',(0.136610073788354,-0.00541333504981026,-0.075));
#8639=CARTESIAN_POINT('',(0.136610073788354,-0.00927026621962521,-0.075));
#8640=CARTESIAN_POINT('',(0.136610073788354,-0.0131271973894401,-0.075));
#8641=CARTESIAN_POINT('',(0.135210648888187,-0.0131271973894401,-0.075));
#8642=CARTESIAN_POINT('',(0.13381122398802,-0.0131271973894401,-0.075));
#8643=CARTESIAN_POINT('',(0.13381122398802,-0.00872933312653057,-0.075));
#8644=CARTESIAN_POINT('',(0.13381122398802,-0.004331468863621,-0.075));
#8645=CARTESIAN_POINT('',(0.140132390167218,-0.00547874548610968,-0.075));
#8646=CARTESIAN_POINT('',(0.143866285978005,-0.000250800613816716,-0.075));
#8647=CARTESIAN_POINT('',(0.143866285978005,0.00403986780900186,-0.075));
#8648=CARTESIAN_POINT('',(0.143866285978005,0.00833053623182042,-0.075));
#8649=CARTESIAN_POINT('',(0.145265715439237,0.00833053623182041,-0.075));
#8650=CARTESIAN_POINT('',(0.146665144900469,0.00833053623182041,-0.075));
#8651=CARTESIAN_POINT('',(0.146665144900469,-0.00239833057880987,-0.075));
#8652=CARTESIAN_POINT('',(0.146665144900469,-0.0131271973894401,-0.075));
#8653=CARTESIAN_POINT('',(0.145265715439237,-0.0131271973894401,-0.075));
#8654=CARTESIAN_POINT('',(0.145265715439237,0.00833053623182041,-0.072));
#8655=CARTESIAN_POINT('',(0.143866285978005,0.00833053623182042,-0.072));
#8656=CARTESIAN_POINT('',(0.146665144900469,0.00833053623182041,-0.072));
#8657=CARTESIAN_POINT('',(0.140132390167218,-0.00547874548610968,-0.072));
#8658=CARTESIAN_POINT('',(0.13381122398802,-0.004331468863621,-0.072));
#8659=CARTESIAN_POINT('',(0.143866285978005,-0.000250800613816716,-0.072));
#8660=CARTESIAN_POINT('',(0.143866285978005,0.00403986780900186,-0.072));
#8661=CARTESIAN_POINT('',(0.146665144900469,-0.00239833057880987,-0.072));
#8662=CARTESIAN_POINT('',(0.146665144900469,-0.0131271973894401,-0.072));
#8663=CARTESIAN_POINT('',(0.14023817988318,-0.00616326038860376,-0.072));
#8664=CARTESIAN_POINT('',(0.143866285978005,-0.00541333504980836,-0.072));
#8665=CARTESIAN_POINT('',(0.136610073788354,-0.00541333504981026,-0.072));
#8666=CARTESIAN_POINT('',(0.136610073788354,-0.00927026621962521,-0.072));
#8667=CARTESIAN_POINT('',(0.136610073788354,-0.0131271973894401,-0.072));
#8668=CARTESIAN_POINT('',(0.135210648888187,-0.0131271973894401,-0.072));
#8669=CARTESIAN_POINT('',(0.13381122398802,-0.0131271973894401,-0.072));
#8670=CARTESIAN_POINT('',(0.13381122398802,-0.00872933312653057,-0.072));
#8671=CARTESIAN_POINT('',(0.145265715439237,-0.0131271973894401,-0.072));
#8672=CARTESIAN_POINT('',(0.143866285978005,-0.0131271973894401,-0.072));
#8673=CARTESIAN_POINT('',(0.143866285978005,-0.00927026621962423,-0.072));
#8674=CARTESIAN_POINT('',(0.005,-6.05769746471196E-5,0.068));
#8675=CARTESIAN_POINT('',(0.005,-0.00060060600408876,0.068));
#8676=CARTESIAN_POINT('',(0.182,-0.00712115394929424,0.));
#8677=CARTESIAN_POINT('',(0.16545959318144,0.00338554390075135,-0.0715));
#8678=CARTESIAN_POINT('',(0.161160921825459,0.00803054261693129,-0.0715));
#8679=CARTESIAN_POINT('',(0.16894860733047,0.00272798992631982,-0.0715));
#8680=CARTESIAN_POINT('',(0.164100024287686,0.00803054261693129,-0.0715));
#8681=CARTESIAN_POINT('',(0.173797190373253,-0.00257456276429164,-0.0715));
#8682=CARTESIAN_POINT('',(0.173797190373253,0.00272798992631982,-0.0715));
#8683=CARTESIAN_POINT('',(0.173797190373253,0.00803054261693129,-0.0715));
#8684=CARTESIAN_POINT('',(0.176282323187652,-0.00266114460434134,-0.0715));
#8685=CARTESIAN_POINT('',(0.176282323187652,0.00803054261693129,-0.0715));
#8686=CARTESIAN_POINT('',(0.162630473056572,0.00803054261693129,-0.0715));
#8687=CARTESIAN_POINT('',(0.175039756780453,0.00803054261693129,-0.0715));
#8688=CARTESIAN_POINT('',(0.126503159801853,-0.0034306046326273,-0.0685));
#8689=CARTESIAN_POINT('',(0.12067938272691,-0.00736402679860721,-0.0685));
#8690=CARTESIAN_POINT('',(0.114831673253205,-0.00237334448951754,-0.0685));
#8691=CARTESIAN_POINT('',(0.0984202815442526,-0.00235705739936122,-0.0685));
#8692=CARTESIAN_POINT('',(0.0868300335937989,-0.00739045381000766,-0.0685));
#8693=CARTESIAN_POINT('',(0.0867497604990684,-0.00239815985447556,-0.0685));
#8694=CARTESIAN_POINT('',(0.0704083347491711,-0.0034737968950501,-0.0685));
#8695=CARTESIAN_POINT('',(0.0587370378171068,-0.00241797406079742,-0.0685));
#8696=CARTESIAN_POINT('',(0.0645838622096776,-0.00740618916835465,-0.0685));
#8697=CARTESIAN_POINT('',(0.0868291541907451,-0.00739687250763115,-0.0685));
#8698=CARTESIAN_POINT('',(0.042325646768335,-0.00239528372207706,-0.0685));
#8699=CARTESIAN_POINT('',(0.0306551152325732,-0.00242790430166567,-0.0685));
#8700=CARTESIAN_POINT('',(0.0143135029357388,-0.00350706978677915,-0.0685));
#8701=CARTESIAN_POINT('',(0.00848833511382432,-0.00743843204444391,-0.0685));
#8702=CARTESIAN_POINT('',(0.00264238948479575,-0.00244276495694922,-0.0685));
#8703=CARTESIAN_POINT('',(0.0868164699147223,0.00276372653467141,-0.0685));
#8704=CARTESIAN_POINT('',(0.036487250926054,0.00262632443952462,-0.0685));
#8705=CARTESIAN_POINT('',(0.0868157116051184,0.00269087657834353,-0.0685));
#8706=CARTESIAN_POINT('',(0.092580997811352,0.00266351826748304,-0.0685));
#8707=CARTESIAN_POINT('',(0.0868150018467357,0.00260810721350674,-0.0685));
#8708=CARTESIAN_POINT('',(0.182,0.,0.));
#8709=CARTESIAN_POINT('',(0.177,0.,0.068));
#8710=CARTESIAN_POINT('',(0.17387,0.,0.068));
#8711=CARTESIAN_POINT('',(0.182,0.,0.));
#8712=CARTESIAN_POINT('',(0.177,0.,-0.068));
#8713=CARTESIAN_POINT('',(0.17387,0.,-0.068));
#8714=CARTESIAN_POINT('',(0.182,0.,0.));
#8715=CARTESIAN_POINT('',(0.182,0.,-0.07287));
#8716=CARTESIAN_POINT('',(0.16063,0.,-0.07287));
#8717=CARTESIAN_POINT('',(0.16063,0.,0.));
#8718=CARTESIAN_POINT('',(0.16063,0.,-0.06313));
#8719=CARTESIAN_POINT('',(0.182,0.,-0.06313));
#8720=CARTESIAN_POINT('',(0.17213,0.,-0.06313));
#8721=CARTESIAN_POINT('',(0.17213,0.,0.));
#8722=CARTESIAN_POINT('',(0.17213,0.,0.06313));
#8723=CARTESIAN_POINT('',(0.182,0.,0.06313));
#8724=CARTESIAN_POINT('',(0.00013,0.,0.06313));
#8725=CARTESIAN_POINT('',(0.000129999999999991,0.,0.));
#8726=CARTESIAN_POINT('',(0.17125,0.009,-0.07287));
#8727=CARTESIAN_POINT('',(0.120752695292383,-0.00203872854134717,-0.07287));
#8728=CARTESIAN_POINT('',(0.111459975462401,0.00658391677413068,-0.07287));
#8729=CARTESIAN_POINT('',(0.120665352578328,-0.00195768388940793,-0.07287));
#8730=CARTESIAN_POINT('',(0.129844542197118,0.00662615069402155,-0.07287));
#8731=CARTESIAN_POINT('',(0.129844542197118,0.00662615069402155,-0.07287));
#8732=CARTESIAN_POINT('',(0.126384646599427,0.00339066120966404,-0.07287));
#8733=CARTESIAN_POINT('',(0.0646581164580872,-0.00208090395837513,-0.07287));
#8734=CARTESIAN_POINT('',(0.0553669215345342,0.00654338447416473,-0.07287));
#8735=CARTESIAN_POINT('',(0.0645707880766998,-0.00199984386270075,-0.07287));
#8736=CARTESIAN_POINT('',(0.0737514954501291,0.00658236741044098,-0.07287));
#8737=CARTESIAN_POINT('',(0.0737514954501291,0.00658236741044098,-0.07287));
#8738=CARTESIAN_POINT('',(0.0702910277678842,0.00334748979753958,-0.07287));
#8739=CARTESIAN_POINT('',(0.0307645464597616,0.00332302635623719,-0.07287));
#8740=CARTESIAN_POINT('',(0.0273000772164534,0.0065536180377225,-0.07287));
#8741=CARTESIAN_POINT('',(0.0364914008315395,-0.00201722255209957,-0.07287));
#8742=CARTESIAN_POINT('',(0.045684685301575,0.00653739201518728,-0.07287));
#8743=CARTESIAN_POINT('',(0.045684685301575,0.00653739201518728,-0.07287));
#8744=CARTESIAN_POINT('',(0.036420559048153,-0.00208314286100609,-0.07287));
#8745=CARTESIAN_POINT('',(0.0868581702352165,0.00335920821501504,-0.07287));
#8746=CARTESIAN_POINT('',(0.0833931297735152,0.00658918721635319,-0.07287));
#8747=CARTESIAN_POINT('',(0.0925859688452948,-0.00198002791770336,-0.07287));
#8748=CARTESIAN_POINT('',(0.10177774044048,0.00657621218433804,-0.07287));
#8749=CARTESIAN_POINT('',(0.10177774044048,0.00657621218433804,-0.07287));
#8750=CARTESIAN_POINT('',(0.0925151387198477,-0.00204596075268593,-0.07287));
#8751=CARTESIAN_POINT('',(0.00273377200768875,0.00330006800997912,-0.07287));
#8752=CARTESIAN_POINT('',(0.00847621699685953,-0.00203208451138981,-0.07287));
#8753=CARTESIAN_POINT('',(0.00013,0.00571780287762689,-0.07287));
#8754=CARTESIAN_POINT('',(0.00013,0.009,-0.07287));
#8755=CARTESIAN_POINT('',(0.00013,0.00494124437073134,-0.07287));
#8756=CARTESIAN_POINT('',(0.00234655716622783,0.00288305819655838,-0.07287));
#8757=CARTESIAN_POINT('',(0.00804250248498242,-0.00240591701352241,-0.07287));
#8758=CARTESIAN_POINT('',(0.00235210883643411,-0.00770848157701486,-0.07287));
#8759=CARTESIAN_POINT('',(0.00013,-0.00977914246623206,-0.07287));
#8760=CARTESIAN_POINT('',(0.00013,0.009,-0.07287));
#8761=CARTESIAN_POINT('',(0.00013,-0.0105888400184394,-0.07287));
#8762=CARTESIAN_POINT('',(0.00855739477853443,-0.00273581478412748,-0.07287));
#8763=CARTESIAN_POINT('',(0.00847773112246013,-0.002810048959439,-0.07287));
#8764=CARTESIAN_POINT('',(0.0142045042121626,-0.00812764932429242,-0.07287));
#8765=CARTESIAN_POINT('',(0.0176777568554877,-0.0113527412275466,-0.07287));
#8766=CARTESIAN_POINT('',(0.00013,-0.0113620502525938,-0.07287));
#8767=CARTESIAN_POINT('',(0.00013,-0.0113620502525938,-0.07287));
#8768=CARTESIAN_POINT('',(0.00013,0.009,-0.07287));
#8769=CARTESIAN_POINT('',(0.00013,-0.0139780918903765,-0.07287));
#8770=CARTESIAN_POINT('',(0.17125,-0.0139780918903765,-0.07287));
#8771=CARTESIAN_POINT('',(0.177,-0.0139780918903765,-0.07287));
#8772=CARTESIAN_POINT('',(0.177,0.009,-0.07287));
#8773=CARTESIAN_POINT('',(0.177,0.00887,-0.07287));
#8774=CARTESIAN_POINT('',(0.17125,0.00887,-0.07287));
#8775=CARTESIAN_POINT('',(0.16063,0.00887,-0.07287));
#8776=CARTESIAN_POINT('',(0.16063,0.009,-0.07287));
#8777=CARTESIAN_POINT('',(0.182,0.,-0.07287));
#8778=CARTESIAN_POINT('',(0.14837,0.,-0.07287));
#8779=CARTESIAN_POINT('',(0.14837,0.009,-0.07287));
#8780=CARTESIAN_POINT('',(0.14837,0.00887,-0.07287));
#8781=CARTESIAN_POINT('',(0.091,0.00887,-0.07287));
#8782=CARTESIAN_POINT('',(0.00013,0.00887,-0.07287));
#8783=CARTESIAN_POINT('',(0.00013,0.009,-0.07287));
#8784=CARTESIAN_POINT('',(0.00013,0.00651443520793747,-0.07287));
#8785=CARTESIAN_POINT('',(0.017658441837851,0.00654850318310175,-0.07287));
#8786=CARTESIAN_POINT('',(0.017658441837851,0.00654850318310175,-0.07287));
#8787=CARTESIAN_POINT('',(0.01419740217926,0.00331423754280987,-0.07287));
#8788=CARTESIAN_POINT('',(0.175039756780453,-0.013222831825614,-0.07287));
#8789=CARTESIAN_POINT('',(0.173927190373253,-0.013222831825614,-0.07287));
#8790=CARTESIAN_POINT('',(0.176152323187653,-0.013222831825614,-0.07287));
#8791=CARTESIAN_POINT('',(0.173927190373253,-0.00916180275726219,-0.07287));
#8792=CARTESIAN_POINT('',(0.173927190373253,-0.00491232418020184,-0.07287));
#8793=CARTESIAN_POINT('',(0.17276258561138,-0.00387901097812231,-0.07287));
#8794=CARTESIAN_POINT('',(0.171536207602775,-0.00279088852789893,-0.07287));
#8795=CARTESIAN_POINT('',(0.167555307504949,-0.00808919160104181,-0.07287));
#8796=CARTESIAN_POINT('',(0.16369812746257,-0.013222831825614,-0.07287));
#8797=CARTESIAN_POINT('',(0.162300526044491,-0.013222831825614,-0.07287));
#8798=CARTESIAN_POINT('',(0.16109542424547,-0.013222831825614,-0.07287));
#8799=CARTESIAN_POINT('',(0.165402748325822,-0.00738331166631244,-0.07287));
#8800=CARTESIAN_POINT('',(0.169926717234771,-0.00125008204368615,-0.07287));
#8801=CARTESIAN_POINT('',(0.165427499427679,0.00361162037715161,-0.07287));
#8802=CARTESIAN_POINT('',(0.161458355773031,0.00790054261693129,-0.07287));
#8803=CARTESIAN_POINT('',(0.17125,0.00790054261693129,-0.07287));
#8804=CARTESIAN_POINT('',(0.164042740810356,0.00790054261693129,-0.07287));
#8805=CARTESIAN_POINT('',(0.166777163208653,0.00491009804427595,-0.07287));
#8806=CARTESIAN_POINT('',(0.173927190373253,-0.00290938147067747,-0.07287));
#8807=CARTESIAN_POINT('',(0.173927190373253,0.009,-0.07287));
#8808=CARTESIAN_POINT('',(0.173927190373253,0.00790054261693129,-0.07287));
#8809=CARTESIAN_POINT('',(0.17125,0.00790054261693129,-0.07287));
#8810=CARTESIAN_POINT('',(0.176152323187653,0.00790054261693129,-0.07287));
#8811=CARTESIAN_POINT('',(0.176152323187653,0.009,-0.07287));
#8812=CARTESIAN_POINT('',(0.114543252340167,-0.0076362464787549,-0.07287));
#8813=CARTESIAN_POINT('',(0.120231770304803,-0.00233166975752134,-0.07287));
#8814=CARTESIAN_POINT('',(0.110920128599102,-0.0110148308436949,-0.07287));
#8815=CARTESIAN_POINT('',(0.11090479937813,0.0063227568947247,-0.07287));
#8816=CARTESIAN_POINT('',(0.11090479937813,0.0063227568947247,-0.07287));
#8817=CARTESIAN_POINT('',(0.114533954820299,0.00295529066900377,-0.07287));
#8818=CARTESIAN_POINT('',(0.126782862555229,-0.00763407570026161,-0.07287));
#8819=CARTESIAN_POINT('',(0.130429052826071,-0.0110173484162615,-0.07287));
#8820=CARTESIAN_POINT('',(0.121068156921639,-0.0023314430305661,-0.07287));
#8821=CARTESIAN_POINT('',(0.126773416614488,0.00297375231566607,-0.07287));
#8822=CARTESIAN_POINT('',(0.130413689544892,0.00635876194697276,-0.07287));
#8823=CARTESIAN_POINT('',(0.130429052826071,-0.0110173484162615,-0.07287));
#8824=CARTESIAN_POINT('',(0.120746779239234,-0.00266138540844763,-0.07287));
#8825=CARTESIAN_POINT('',(0.111492200577151,-0.0112913348682006,-0.07287));
#8826=CARTESIAN_POINT('',(0.120667141842123,-0.0027356477533114,-0.07287));
#8827=CARTESIAN_POINT('',(0.126395795219343,-0.00805122243013545,-0.07287));
#8828=CARTESIAN_POINT('',(0.129870188245479,-0.0112750857660635,-0.07287));
#8829=CARTESIAN_POINT('',(0.111492200577151,-0.0112913348682006,-0.07287));
#8830=CARTESIAN_POINT('',(0.0987095398937934,0.0029426984704627,-0.07287));
#8831=CARTESIAN_POINT('',(0.0930201457640907,-0.00235332327080654,-0.07287));
#8832=CARTESIAN_POINT('',(0.102333331454719,0.00631593619226075,-0.07287));
#8833=CARTESIAN_POINT('',(0.102345594832071,-0.0110216539857885,-0.07287));
#8834=CARTESIAN_POINT('',(0.102345594832071,-0.0110216539857885,-0.07287));
#8835=CARTESIAN_POINT('',(0.0987170986997936,-0.00764884006086877,-0.07287));
#8836=CARTESIAN_POINT('',(0.0145917190537672,-0.0077106395124235,-0.07287));
#8837=CARTESIAN_POINT('',(0.0182367125536403,-0.0110952015443408,-0.07287));
#8838=CARTESIAN_POINT('',(0.00887888912969696,-0.0024059860867088,-0.07287));
#8839=CARTESIAN_POINT('',(0.0145860247241957,0.00289719118079124,-0.07287));
#8840=CARTESIAN_POINT('',(0.0182274945841646,0.00628091316564968,-0.07287));
#8841=CARTESIAN_POINT('',(0.0182367125536403,-0.0110952015443408,-0.07287));
#8842=CARTESIAN_POINT('',(0.0584476837816727,-0.00767732377895311,-0.07287));
#8843=CARTESIAN_POINT('',(0.0641371396772187,-0.0023737530536697,-0.07287));
#8844=CARTESIAN_POINT('',(0.0548239626548272,-0.0110552674062118,-0.07287));
#8845=CARTESIAN_POINT('',(0.054811699277475,0.00628232277183742,-0.07287));
#8846=CARTESIAN_POINT('',(0.054811699277475,0.00628232277183742,-0.07287));
#8847=CARTESIAN_POINT('',(0.05844025918652,0.0029142148473096,-0.07287));
#8848=CARTESIAN_POINT('',(0.0303763666167787,0.00290556790320626,-0.07287));
#8849=CARTESIAN_POINT('',(0.0267313087015328,0.00628542440997951,-0.07287));
#8850=CARTESIAN_POINT('',(0.0360891256322516,-0.0023915511492275,-0.07287));
#8851=CARTESIAN_POINT('',(0.0303819271231117,-0.0077022628610014,-0.07287));
#8852=CARTESIAN_POINT('',(0.0267405266710084,-0.011090690300011,-0.07287));
#8853=CARTESIAN_POINT('',(0.0267313087015328,0.00628542440997951,-0.07287));
#8854=CARTESIAN_POINT('',(0.0864700642183896,0.00294168112582436,-0.07287));
#8855=CARTESIAN_POINT('',(0.0828244086927501,0.00632089301622878,-0.07287));
#8856=CARTESIAN_POINT('',(0.0921837598456372,-0.002354427644178,-0.07287));
#8857=CARTESIAN_POINT('',(0.0864775005304404,-0.00766614848925526,-0.07287));
#8858=CARTESIAN_POINT('',(0.0828366993182693,-0.0110552197920559,-0.07287));
#8859=CARTESIAN_POINT('',(0.0828244086927501,0.00632089301622878,-0.07287));
#8860=CARTESIAN_POINT('',(0.0706872941892343,-0.00767731735741068,-0.07287));
#8861=CARTESIAN_POINT('',(0.07433288613159,-0.0110612347842762,-0.07287));
#8862=CARTESIAN_POINT('',(0.0649735263210709,-0.00237367422678413,-0.07287));
#8863=CARTESIAN_POINT('',(0.0706797240539598,0.00293051216301191,-0.07287));
#8864=CARTESIAN_POINT('',(0.0743205955060709,0.00631487802400839,-0.07287));
#8865=CARTESIAN_POINT('',(0.07433288613159,-0.0110612347842762,-0.07287));
#8866=CARTESIAN_POINT('',(0.0646520902992614,-0.00270355976959194,-0.07287));
#8867=CARTESIAN_POINT('',(0.0553959857291237,-0.0113318725871276,-0.07287));
#8868=CARTESIAN_POINT('',(0.0645724397714236,-0.0027778080308404,-0.07287));
#8869=CARTESIAN_POINT('',(0.0703001530944367,-0.00809439563480303,-0.07287));
#8870=CARTESIAN_POINT('',(0.0737739759834795,-0.0113188733048082,-0.07287));
#8871=CARTESIAN_POINT('',(0.0553959857291237,-0.0113318725871276,-0.07287));
#8872=CARTESIAN_POINT('',(0.0307695841912071,-0.00811886160597002,-0.07287));
#8873=CARTESIAN_POINT('',(0.0272997553023177,-0.0113476367902511,-0.07287));
#8874=CARTESIAN_POINT('',(0.0364907121215211,-0.00279518816874551,-0.07287));
#8875=CARTESIAN_POINT('',(0.0422181459718169,-0.00812092622901381,-0.07287));
#8876=CARTESIAN_POINT('',(0.0456777475680287,-0.0113378873281557,-0.07287));
#8877=CARTESIAN_POINT('',(0.0272997553023177,-0.0113476367902511,-0.07287));
#8878=CARTESIAN_POINT('',(0.0983137932272431,-0.00808271882637855,-0.07287));
#8879=CARTESIAN_POINT('',(0.0925854177046406,-0.00275799364397196,-0.07287));
#8880=CARTESIAN_POINT('',(0.101773963631598,-0.0112990681063428,-0.07287));
#8881=CARTESIAN_POINT('',(0.0833959733772423,-0.0113120673886625,-0.07287));
#8882=CARTESIAN_POINT('',(0.0833959733772423,-0.0113120673886625,-0.07287));
#8883=CARTESIAN_POINT('',(0.0868652312605376,-0.00808267867746727,-0.07287));
#8884=CARTESIAN_POINT('',(0.140132390167218,-0.00547874548610968,-0.07287));
#8885=CARTESIAN_POINT('',(0.13394122398802,-0.00434323091491089,-0.07287));
#8886=CARTESIAN_POINT('',(0.143996285978005,-0.000509817919397218,-0.07287));
#8887=CARTESIAN_POINT('',(0.143996285978005,0.009,-0.07287));
#8888=CARTESIAN_POINT('',(0.143996285978005,0.00820053623182041,-0.07287));
#8889=CARTESIAN_POINT('',(0.145265715439237,0.00820053623182041,-0.07287));
#8890=CARTESIAN_POINT('',(0.146535144900469,0.00820053623182041,-0.07287));
#8891=CARTESIAN_POINT('',(0.146535144900469,0.009,-0.07287));
#8892=CARTESIAN_POINT('',(0.146535144900469,-0.0129971973894401,-0.07287));
#8893=CARTESIAN_POINT('',(0.17125,-0.0129971973894401,-0.07287));
#8894=CARTESIAN_POINT('',(0.143996285978005,-0.0129971973894401,-0.07287));
#8895=CARTESIAN_POINT('',(0.143996285978005,0.009,-0.07287));
#8896=CARTESIAN_POINT('',(0.143996285978005,-0.0054001559479653,-0.07287));
#8897=CARTESIAN_POINT('',(0.14023817988318,-0.00616326038860376,-0.07287));
#8898=CARTESIAN_POINT('',(0.136480073788354,-0.00540015594796625,-0.07287));
#8899=CARTESIAN_POINT('',(0.136480073788354,0.009,-0.07287));
#8900=CARTESIAN_POINT('',(0.136480073788354,-0.0129971973894401,-0.07287));
#8901=CARTESIAN_POINT('',(0.17125,-0.0129971973894401,-0.07287));
#8902=CARTESIAN_POINT('',(0.13394122398802,-0.0129971973894401,-0.07287));
#8903=CARTESIAN_POINT('',(0.13394122398802,0.009,-0.07287));
#8904=CARTESIAN_POINT('',(0.0426158422807199,0.00290442091470256,-0.07287));
#8905=CARTESIAN_POINT('',(0.0369255117329172,-0.00239059467581599,-0.07287));
#8906=CARTESIAN_POINT('',(0.0462402302819573,0.0062770177808109,-0.07287));
#8907=CARTESIAN_POINT('',(0.0462494278153069,-0.0110605742947281,-0.07287));
#8908=CARTESIAN_POINT('',(0.0462494278153069,-0.0110605742947281,-0.07287));
#8909=CARTESIAN_POINT('',(0.0426215281617884,-0.00768711878767223,-0.07287));
#8910=CARTESIAN_POINT('',(0.16063,0.009,-0.068));
#8911=CARTESIAN_POINT('',(0.16063,0.00887,-0.068));
#8912=CARTESIAN_POINT('',(0.16063,0.00887,-0.06313));
#8913=CARTESIAN_POINT('',(0.16063,0.009,-0.06313));
#8914=CARTESIAN_POINT('',(0.16625,0.009,-0.06313));
#8915=CARTESIAN_POINT('',(0.16625,0.00887,-0.06313));
#8916=CARTESIAN_POINT('',(0.17213,0.00887,-0.06313));
#8917=CARTESIAN_POINT('',(0.17213,0.009,-0.06313));
#8918=CARTESIAN_POINT('',(0.17213,0.009,1.38777878078145E-17));
#8919=CARTESIAN_POINT('',(0.17213,0.00887,1.38777878078145E-17));
#8920=CARTESIAN_POINT('',(0.17213,0.00887,0.06313));
#8921=CARTESIAN_POINT('',(0.17213,0.009,0.06313));
#8922=CARTESIAN_POINT('',(0.086,0.009,0.06313));
#8923=CARTESIAN_POINT('',(0.086,0.00887,0.06313));
#8924=CARTESIAN_POINT('',(0.00013,0.00887,0.06313));
#8925=CARTESIAN_POINT('',(0.000130000000000005,0.009,0.06313));
#8926=CARTESIAN_POINT('',(0.00013,0.009,0.068));
#8927=CARTESIAN_POINT('',(0.00013,0.009,-0.00654757198736286));
#8928=CARTESIAN_POINT('',(0.00013,-0.004,-0.00654757198736286));
#8929=CARTESIAN_POINT('',(0.00013,-0.004,0.068));
#8930=CARTESIAN_POINT('',(0.00013,-0.004,0.00684719310745811));
#8931=CARTESIAN_POINT('',(0.00013,0.009,0.00684719310745811));
#8932=CARTESIAN_POINT('',(0.00013,0.00887,0.068));
#8933=CARTESIAN_POINT('',(0.00013,0.00887,0.07287));
#8934=CARTESIAN_POINT('',(0.000130000000000005,0.009,0.07287));
#8935=CARTESIAN_POINT('',(0.00013,0.00013,0.07287));
#8936=CARTESIAN_POINT('',(0.00013,0.00013,0.068));
#8937=CARTESIAN_POINT('',(0.00013,0.00013,0.068));
#8938=CARTESIAN_POINT('',(0.00013,0.009,0.068));
#8939=CARTESIAN_POINT('',(0.00013,-0.000470009698595668,0.068));
#8940=CARTESIAN_POINT('',(0.000129999999999991,-0.00699174753204383,-1.24088345308607E-5));
#8941=CARTESIAN_POINT('',(0.00013,-0.00744286611265946,-0.0685));
#8942=CARTESIAN_POINT('',(0.00013,-0.0124087504185994,-0.07163));
#8943=CARTESIAN_POINT('',(0.00013,0.009,-0.07163));
#8944=CARTESIAN_POINT('',(0.00013,-0.0105888400184394,-0.07163));
#8945=CARTESIAN_POINT('',(0.00013,-0.0105888400184394,0.068));
#8946=CARTESIAN_POINT('',(0.00013,-0.00977914246623206,0.068));
#8947=CARTESIAN_POINT('',(0.00013,-0.00977914246623206,-0.07163));
#8948=CARTESIAN_POINT('',(0.00013,0.009,-0.07163));
#8949=CARTESIAN_POINT('',(0.00013,0.00494124437073134,-0.07163));
#8950=CARTESIAN_POINT('',(0.00013,0.00494124437073134,0.068));
#8951=CARTESIAN_POINT('',(0.00013,0.00571780287762689,0.068));
#8952=CARTESIAN_POINT('',(0.00013,0.00571780287762689,-0.07163));
#8953=CARTESIAN_POINT('',(0.00013,0.009,-0.07163));
#8954=CARTESIAN_POINT('',(0.00013,0.0075611372036183,-0.07163));
#8955=CARTESIAN_POINT('',(0.000130000000000005,0.00259524421710702,-0.0685));
#8956=CARTESIAN_POINT('',(0.00013,0.00887,0.068));
#8957=CARTESIAN_POINT('',(0.00013,0.00887,-0.06313));
#8958=CARTESIAN_POINT('',(0.00013,0.009,-0.06313));
#8959=CARTESIAN_POINT('',(0.00013,0.,-0.06313));
#8960=CARTESIAN_POINT('',(0.000129999999999991,0.,0.));
#8961=CARTESIAN_POINT('',(0.091,0.009,0.07287));
#8962=CARTESIAN_POINT('',(0.091,0.00013,0.07287));
#8963=CARTESIAN_POINT('',(0.005,0.00013,0.07287));
#8964=CARTESIAN_POINT('',(0.091,0.00887,0.07287));
#8965=CARTESIAN_POINT('',(0.177,0.00887,0.07287));
#8966=CARTESIAN_POINT('',(0.177,0.009,0.07287));
#8967=CARTESIAN_POINT('',(0.177,-3.0233972258039E-6,0.07287));
#8968=CARTESIAN_POINT('',(0.182,-3.0233972258065E-6,0.07287));
#8969=CARTESIAN_POINT('',(0.005,-3.0233972258039E-6,0.07287));
#8970=CARTESIAN_POINT('',(0.005,0.009,0.07287));
#8971=CARTESIAN_POINT('',(0.18187,0.009,-1.38777878078145E-17));
#8972=CARTESIAN_POINT('',(0.18187,0.00887,-1.38777878078145E-17));
#8973=CARTESIAN_POINT('',(0.18187,0.00887,-0.068));
#8974=CARTESIAN_POINT('',(0.18187,0.00887,0.068));
#8975=CARTESIAN_POINT('',(0.18187,0.009,-0.068));
#8976=CARTESIAN_POINT('',(0.18187,-0.0135111055890066,-0.068));
#8977=CARTESIAN_POINT('',(0.18187,-0.00699174753204383,-1.24088345308607E-5));
#8978=CARTESIAN_POINT('',(0.18187,-0.000470009698595668,0.068));
#8979=CARTESIAN_POINT('',(0.18187,0.009,0.068));
#8980=CARTESIAN_POINT('',(0.177,0.009,-0.068));
#8981=CARTESIAN_POINT('',(0.177,0.00887,-0.068));
#8982=CARTESIAN_POINT('',(0.18013,0.00887,-0.068));
#8983=CARTESIAN_POINT('',(0.177,0.009,0.068));
#8984=CARTESIAN_POINT('',(0.177,0.00887,0.068));
#8985=CARTESIAN_POINT('',(0.18013,0.00887,0.068));
#8986=CARTESIAN_POINT('',(0.091,0.00887,-1.38777878078145E-17));
#8987=CARTESIAN_POINT('',(0.177,0.00887,-0.068));
#8988=CARTESIAN_POINT('',(0.177,0.00887,0.068));
#8989=CARTESIAN_POINT('',(0.091,0.00013,-1.38777878078145E-17));
#8990=CARTESIAN_POINT('',(0.005,0.00013,0.068));
#8991=CARTESIAN_POINT('',(0.177,0.009,0.068));
#8992=CARTESIAN_POINT('',(0.177,-0.000470009698595668,0.068));
#8993=CARTESIAN_POINT('',(0.177,0.009,-0.068));
#8994=CARTESIAN_POINT('',(0.177,-0.0135111055890066,-0.068));
#8995=CARTESIAN_POINT('',(0.086826502361968,-0.00239810557274357,-0.07437));
#8996=CARTESIAN_POINT('',(0.165402748325822,-0.00738331166631244,-0.07437));
#8997=CARTESIAN_POINT('',(0.169926717234771,-0.00125008204368615,-0.07437));
#8998=CARTESIAN_POINT('',(0.16109542424547,-0.013222831825614,-0.07437));
#8999=CARTESIAN_POINT('',(0.162300526044491,-0.013222831825614,-0.07437));
#9000=CARTESIAN_POINT('',(0.16369812746257,-0.013222831825614,-0.07437));
#9001=CARTESIAN_POINT('',(0.167555307504949,-0.00808919160104181,-0.07437));
#9002=CARTESIAN_POINT('',(0.171536207602775,-0.00279088852789893,-0.07437));
#9003=CARTESIAN_POINT('',(0.17276258561138,-0.00387901097812231,-0.07437));
#9004=CARTESIAN_POINT('',(0.173927190373253,-0.00491232418020184,-0.07437));
#9005=CARTESIAN_POINT('',(0.173927190373253,-0.00916180275726219,-0.07437));
#9006=CARTESIAN_POINT('',(0.173927190373253,-0.013222831825614,-0.07437));
#9007=CARTESIAN_POINT('',(0.175039756780453,-0.013222831825614,-0.07437));
#9008=CARTESIAN_POINT('',(0.176152323187653,-0.013222831825614,-0.07437));
#9009=CARTESIAN_POINT('',(0.176152323187653,-0.00266114460434134,-0.07437));
#9010=CARTESIAN_POINT('',(0.176152323187653,0.00790054261693129,-0.07437));
#9011=CARTESIAN_POINT('',(0.175039756780453,0.00790054261693129,-0.07437));
#9012=CARTESIAN_POINT('',(0.173927190373253,0.00790054261693129,-0.07437));
#9013=CARTESIAN_POINT('',(0.173927190373253,0.00272798992631982,-0.07437));
#9014=CARTESIAN_POINT('',(0.173927190373253,-0.00290938147067747,-0.07437));
#9015=CARTESIAN_POINT('',(0.168852668404371,0.00264026465938384,-0.07437));
#9016=CARTESIAN_POINT('',(0.164042740810356,0.00790054261693129,-0.07437));
#9017=CARTESIAN_POINT('',(0.162630473056572,0.00790054261693129,-0.07437));
#9018=CARTESIAN_POINT('',(0.161458355773031,0.00790054261693129,-0.07437));
#9019=CARTESIAN_POINT('',(0.165555005140557,0.0034738420211025,-0.07437));
#9020=CARTESIAN_POINT('',(0.175039756780453,-0.013222831825614,-0.0715));
#9021=CARTESIAN_POINT('',(0.176152323187653,-0.013222831825614,-0.0715));
#9022=CARTESIAN_POINT('',(0.173927190373253,-0.013222831825614,-0.0715));
#9023=CARTESIAN_POINT('',(0.173927190373253,-0.00916180275726219,-0.0715));
#9024=CARTESIAN_POINT('',(0.173927190373253,-0.00491232418020184,-0.0715));
#9025=CARTESIAN_POINT('',(0.17276258561138,-0.00387901097812231,-0.0715));
#9026=CARTESIAN_POINT('',(0.171536207602775,-0.00279088852789893,-0.0715));
#9027=CARTESIAN_POINT('',(0.167555307504949,-0.00808919160104181,-0.0715));
#9028=CARTESIAN_POINT('',(0.16369812746257,-0.013222831825614,-0.0715));
#9029=CARTESIAN_POINT('',(0.162300526044491,-0.013222831825614,-0.0715));
#9030=CARTESIAN_POINT('',(0.16109542424547,-0.013222831825614,-0.0715));
#9031=CARTESIAN_POINT('',(0.165402748325822,-0.00738331166631244,-0.0715));
#9032=CARTESIAN_POINT('',(0.169926717234771,-0.00125008204368615,-0.0715));
#9033=CARTESIAN_POINT('',(0.086826502361968,-0.00239810557274357,-0.07437));
#9034=CARTESIAN_POINT('',(0.114543252340167,-0.0076362464787549,-0.07437));
#9035=CARTESIAN_POINT('',(0.120231770304803,-0.00233166975752134,-0.07437));
#9036=CARTESIAN_POINT('',(0.11483608507018,-0.00736317822222422,-0.07437));
#9037=CARTESIAN_POINT('',(0.114533954820299,0.00295529066900377,-0.07437));
#9038=CARTESIAN_POINT('',(0.114827202463454,0.00268318837142249,-0.07437));
#9039=CARTESIAN_POINT('',(0.114831673253205,-0.00237334448951754,-0.07437));
#9040=CARTESIAN_POINT('',(0.114533954820299,0.00295529066900377,-0.0715));
#9041=CARTESIAN_POINT('',(0.120231770304803,-0.00233166975752134,-0.0715));
#9042=CARTESIAN_POINT('',(0.114827202463454,0.00268318837142249,-0.0685));
#9043=CARTESIAN_POINT('',(0.114543252340167,-0.0076362464787549,-0.0715));
#9044=CARTESIAN_POINT('',(0.11483608507018,-0.00736317822222422,-0.0685));
#9045=CARTESIAN_POINT('',(0.086826502361968,-0.00239810557274357,-0.07437));
#9046=CARTESIAN_POINT('',(0.126773416614488,0.00297375231566607,-0.07437));
#9047=CARTESIAN_POINT('',(0.126497723982442,0.00271739180847427,-0.07437));
#9048=CARTESIAN_POINT('',(0.121068156921639,-0.0023314430305661,-0.07437));
#9049=CARTESIAN_POINT('',(0.126782862555229,-0.00763407570026161,-0.07437));
#9050=CARTESIAN_POINT('',(0.126506649740748,-0.00737777989295934,-0.07437));
#9051=CARTESIAN_POINT('',(0.126503159801853,-0.0034306046326273,-0.07437));
#9052=CARTESIAN_POINT('',(0.126773416614488,0.00297375231566607,-0.0715));
#9053=CARTESIAN_POINT('',(0.121068156921639,-0.0023314430305661,-0.0715));
#9054=CARTESIAN_POINT('',(0.126497723982442,0.00271739180847427,-0.0685));
#9055=CARTESIAN_POINT('',(0.126782862555229,-0.00763407570026161,-0.0715));
#9056=CARTESIAN_POINT('',(0.126506649740748,-0.00737777989295934,-0.0685));
#9057=CARTESIAN_POINT('',(0.086826502361968,-0.00239810557274357,-0.07437));
#9058=CARTESIAN_POINT('',(0.126395795219343,-0.00805122243013545,-0.07437));
#9059=CARTESIAN_POINT('',(0.125650460126782,-0.00735963156525197,-0.07437));
#9060=CARTESIAN_POINT('',(0.120667141842123,-0.0027356477533114,-0.07437));
#9061=CARTESIAN_POINT('',(0.120746779239234,-0.00266138540844763,-0.07437));
#9062=CARTESIAN_POINT('',(0.115699042088792,-0.00736843022215754,-0.07437));
#9063=CARTESIAN_POINT('',(0.12067938272691,-0.00736402679860721,-0.07437));
#9064=CARTESIAN_POINT('',(0.126395795219343,-0.00805122243013545,-0.0715));
#9065=CARTESIAN_POINT('',(0.120667141842123,-0.0027356477533114,-0.0715));
#9066=CARTESIAN_POINT('',(0.125650460126782,-0.00735963156525197,-0.0685));
#9067=CARTESIAN_POINT('',(0.120746779239234,-0.00266138540844763,-0.0715));
#9068=CARTESIAN_POINT('',(0.115699042088792,-0.00736843022215754,-0.0685));
#9069=CARTESIAN_POINT('',(0.086826502361968,-0.00239810557274357,-0.07437));
#9070=CARTESIAN_POINT('',(0.126384646599427,0.00339066120966404,-0.07437));
#9071=CARTESIAN_POINT('',(0.125643201052573,0.00269730523913491,-0.07437));
#9072=CARTESIAN_POINT('',(0.120665352578328,-0.00195768388940793,-0.07437));
#9073=CARTESIAN_POINT('',(0.0868150018467357,0.00260810721350674,-0.07437));
#9074=CARTESIAN_POINT('',(0.115673302698721,0.00267440190426319,-0.07437));
#9075=CARTESIAN_POINT('',(0.120752695292383,-0.00203872854134717,-0.07437));
#9076=CARTESIAN_POINT('',(0.126384646599427,0.00339066120966404,-0.0715));
#9077=CARTESIAN_POINT('',(0.125643201052573,0.00269730523913491,-0.0685));
#9078=CARTESIAN_POINT('',(0.120665352578328,-0.00195768388940793,-0.0715));
#9079=CARTESIAN_POINT('',(0.120752695292383,-0.00203872854134717,-0.0715));
#9080=CARTESIAN_POINT('',(0.115673302698721,0.00267440190426319,-0.0685));
#9081=CARTESIAN_POINT('',(0.086826502361968,-0.00239810557274357,-0.07437));
#9082=CARTESIAN_POINT('',(0.0987095398937934,0.0029426984704627,-0.07437));
#9083=CARTESIAN_POINT('',(0.0930201457640907,-0.00235332327080654,-0.07437));
#9084=CARTESIAN_POINT('',(0.0984167256698074,0.00267012981710003,-0.07437));
#9085=CARTESIAN_POINT('',(0.0987170986997936,-0.00764884006086877,-0.07437));
#9086=CARTESIAN_POINT('',(0.0984238317555222,-0.00737623819020436,-0.07437));
#9087=CARTESIAN_POINT('',(0.0984202815442526,-0.00235705739936122,-0.07437));
#9088=CARTESIAN_POINT('',(0.0987170986997936,-0.00764884006086877,-0.0715));
#9089=CARTESIAN_POINT('',(0.0930201457640907,-0.00235332327080654,-0.0715));
#9090=CARTESIAN_POINT('',(0.0984238317555222,-0.00737623819020436,-0.0685));
#9091=CARTESIAN_POINT('',(0.0987095398937934,0.0029426984704627,-0.0715));
#9092=CARTESIAN_POINT('',(0.0984167256698074,0.00267012981710003,-0.0685));
#9093=CARTESIAN_POINT('',(0.086826502361968,-0.00239810557274357,-0.07437));
#9094=CARTESIAN_POINT('',(0.0145860247241957,0.00289719118079124,-0.07437));
#9095=CARTESIAN_POINT('',(0.01431024144382,0.002640928192287,-0.07437));
#9096=CARTESIAN_POINT('',(0.00887888912969696,-0.0024059860867088,-0.07437));
#9097=CARTESIAN_POINT('',(0.0145917190537672,-0.0077106395124235,-0.07437));
#9098=CARTESIAN_POINT('',(0.0143155968992499,-0.00745424603452483,-0.07437));
#9099=CARTESIAN_POINT('',(0.0143135029357388,-0.00350706978677915,-0.07437));
#9100=CARTESIAN_POINT('',(0.0145860247241957,0.00289719118079124,-0.0715));
#9101=CARTESIAN_POINT('',(0.00887888912969696,-0.0024059860867088,-0.0715));
#9102=CARTESIAN_POINT('',(0.01431024144382,0.00264092819228702,-0.0685));
#9103=CARTESIAN_POINT('',(0.0145917190537672,-0.0077106395124235,-0.0715));
#9104=CARTESIAN_POINT('',(0.0143155968992499,-0.00745424603452484,-0.0685));
#9105=CARTESIAN_POINT('',(0.086826502361968,-0.00239810557274357,-0.07437));
#9106=CARTESIAN_POINT('',(0.00235210883643411,-0.00770848157701486,-0.07437));
#9107=CARTESIAN_POINT('',(0.00804250248498242,-0.00240591701352241,-0.07437));
#9108=CARTESIAN_POINT('',(0.0026450381226413,-0.00743551690205821,-0.07437));
#9109=CARTESIAN_POINT('',(0.00234655716622783,0.00288305819655838,-0.07437));
#9110=CARTESIAN_POINT('',(0.0026397085581608,0.00261085220475769,-0.07437));
#9111=CARTESIAN_POINT('',(0.00264238948479575,-0.00244276495694922,-0.07437));
#9112=CARTESIAN_POINT('',(0.00234655716622783,0.00288305819655838,-0.0715));
#9113=CARTESIAN_POINT('',(0.00804250248498242,-0.00240591701352241,-0.0715));
#9114=CARTESIAN_POINT('',(0.00234655716622783,0.00288305819655838,-0.07163));
#9115=CARTESIAN_POINT('',(-0.0023286231136036,0.00722420110066433,-0.07163));
#9116=CARTESIAN_POINT('',(0.0026397085581608,0.00261085220475769,-0.0685));
#9117=CARTESIAN_POINT('',(0.00235210883643411,-0.00770848157701486,-0.0715));
#9118=CARTESIAN_POINT('',(0.00235210883643411,-0.00770848157701486,-0.07163));
#9119=CARTESIAN_POINT('',(-0.00231839255819805,-0.0120606646979904,-0.07163));
#9120=CARTESIAN_POINT('',(0.0026450381226413,-0.00743551690205821,-0.0685));
#9121=CARTESIAN_POINT('',(0.086826502361968,-0.00239810557274357,-0.07163));
#9122=CARTESIAN_POINT('',(-0.0023286231136036,0.00722420110066433,-0.07163));
#9123=CARTESIAN_POINT('',(0.086826502361968,-0.00239810557274357,-0.07437));
#9124=CARTESIAN_POINT('',(0.0584476837816727,-0.00767732377895311,-0.07437));
#9125=CARTESIAN_POINT('',(0.0641371396772187,-0.0023737530536697,-0.07437));
#9126=CARTESIAN_POINT('',(0.0587405647943624,-0.00740430730894081,-0.07437));
#9127=CARTESIAN_POINT('',(0.05844025918652,0.0029142148473096,-0.07437));
#9128=CARTESIAN_POINT('',(0.0587334587086477,0.00264206069836351,-0.07437));
#9129=CARTESIAN_POINT('',(0.0587370378171068,-0.00241797406079742,-0.07437));
#9130=CARTESIAN_POINT('',(0.05844025918652,0.0029142148473096,-0.0715));
#9131=CARTESIAN_POINT('',(0.0641371396772187,-0.0023737530536697,-0.0715));
#9132=CARTESIAN_POINT('',(0.0587334587086477,0.00264206069836351,-0.0685));
#9133=CARTESIAN_POINT('',(0.0584476837816727,-0.00767732377895311,-0.0715));
#9134=CARTESIAN_POINT('',(0.0587405647943624,-0.00740430730894081,-0.0685));
#9135=CARTESIAN_POINT('',(0.086826502361968,-0.00239810557274357,-0.07437));
#9136=CARTESIAN_POINT('',(0.0303819271231117,-0.0077022628610014,-0.07437));
#9137=CARTESIAN_POINT('',(0.0306577770905618,-0.00744557656377809,-0.07437));
#9138=CARTESIAN_POINT('',(0.0360891256322516,-0.0023915511492275,-0.07437));
#9139=CARTESIAN_POINT('',(0.0303763666167787,0.00290556790320626,-0.07437));
#9140=CARTESIAN_POINT('',(0.0306524216351319,0.00264959766303364,-0.07437));
#9141=CARTESIAN_POINT('',(0.0306551152325732,-0.00242790430166567,-0.07437));
#9142=CARTESIAN_POINT('',(0.0303763666167787,0.00290556790320626,-0.0715));
#9143=CARTESIAN_POINT('',(0.0360891256322516,-0.0023915511492275,-0.0715));
#9144=CARTESIAN_POINT('',(0.0306524216351319,0.00264959766303364,-0.0685));
#9145=CARTESIAN_POINT('',(0.0303819271231117,-0.0077022628610014,-0.0715));
#9146=CARTESIAN_POINT('',(0.0306577770905618,-0.00744557656377809,-0.0685));
#9147=CARTESIAN_POINT('',(0.086826502361968,-0.00239810557274357,-0.07437));
#9148=CARTESIAN_POINT('',(0.0426158422807199,0.00290442091470256,-0.07437));
#9149=CARTESIAN_POINT('',(0.0369255117329172,-0.00239059467581599,-0.07437));
#9150=CARTESIAN_POINT('',(0.0423229798624039,0.00263190404457809,-0.07437));
#9151=CARTESIAN_POINT('',(0.0426215281617884,-0.00768711878767223,-0.07437));
#9152=CARTESIAN_POINT('',(0.0423283094268843,-0.00741446506223781,-0.07437));
#9153=CARTESIAN_POINT('',(0.042325646768335,-0.00239528372207706,-0.07437));
#9154=CARTESIAN_POINT('',(0.0426158422807199,0.00290442091470256,-0.0715));
#9155=CARTESIAN_POINT('',(0.0369255117329172,-0.00239059467581599,-0.0715));
#9156=CARTESIAN_POINT('',(0.0423229798624039,0.00263190404457809,-0.0685));
#9157=CARTESIAN_POINT('',(0.0426215281617884,-0.00768711878767223,-0.0715));
#9158=CARTESIAN_POINT('',(0.0423283094268843,-0.00741446506223782,-0.0685));
#9159=CARTESIAN_POINT('',(0.086826502361968,-0.00239810557274357,-0.07437));
#9160=CARTESIAN_POINT('',(0.0864775005304404,-0.00766614848925526,-0.07437));
#9161=CARTESIAN_POINT('',(0.0867533051031807,-0.00740941341689517,-0.07437));
#9162=CARTESIAN_POINT('',(0.0921837598456372,-0.002354427644178,-0.07437));
#9163=CARTESIAN_POINT('',(0.0864700642183896,0.00294168112582436,-0.07437));
#9164=CARTESIAN_POINT('',(0.0867461644962014,0.00268575970506371,-0.07437));
#9165=CARTESIAN_POINT('',(0.0867497604990684,-0.00239815985447556,-0.07437));
#9166=CARTESIAN_POINT('',(0.0864700642183896,0.00294168112582436,-0.0715));
#9167=CARTESIAN_POINT('',(0.0921837598456372,-0.002354427644178,-0.0715));
#9168=CARTESIAN_POINT('',(0.0867461644962014,0.00268575970506371,-0.0685));
#9169=CARTESIAN_POINT('',(0.0864775005304404,-0.00766614848925526,-0.0715));
#9170=CARTESIAN_POINT('',(0.0867533051031807,-0.00740941341689517,-0.0685));
#9171=CARTESIAN_POINT('',(0.086826502361968,-0.00239810557274357,-0.07437));
#9172=CARTESIAN_POINT('',(0.0706797240539598,0.00293051216301191,-0.07437));
#9173=CARTESIAN_POINT('',(0.070403986093438,0.00267420041115651,-0.07437));
#9174=CARTESIAN_POINT('',(0.0649735263210709,-0.00237367422678413,-0.07437));
#9175=CARTESIAN_POINT('',(0.0706872941892343,-0.00767731735741068,-0.07437));
#9176=CARTESIAN_POINT('',(0.0704111267004173,-0.00742097271080232,-0.07437));
#9177=CARTESIAN_POINT('',(0.0704083347491711,-0.0034737968950501,-0.07437));
#9178=CARTESIAN_POINT('',(0.0706797240539598,0.00293051216301191,-0.0715));
#9179=CARTESIAN_POINT('',(0.0649735263210709,-0.00237367422678413,-0.0715));
#9180=CARTESIAN_POINT('',(0.070403986093438,0.00267420041115651,-0.0685));
#9181=CARTESIAN_POINT('',(0.0706872941892343,-0.00767731735741068,-0.0715));
#9182=CARTESIAN_POINT('',(0.0704111267004173,-0.00742097271080232,-0.0685));
#9183=CARTESIAN_POINT('',(0.086826502361968,-0.00239810557274357,-0.07437));
#9184=CARTESIAN_POINT('',(0.0703001530944367,-0.00809439563480303,-0.07437));
#9185=CARTESIAN_POINT('',(0.0695549403090461,-0.00740267298150554,-0.07437));
#9186=CARTESIAN_POINT('',(0.0645724397714236,-0.0027778080308404,-0.07437));
#9187=CARTESIAN_POINT('',(0.0646520902992614,-0.00270355976959194,-0.07437));
#9188=CARTESIAN_POINT('',(0.0596035208707598,-0.00740971190736013,-0.07437));
#9189=CARTESIAN_POINT('',(0.0645838622096776,-0.00740618916835465,-0.07437));
#9190=CARTESIAN_POINT('',(0.0703001530944367,-0.00809439563480303,-0.0715));
#9191=CARTESIAN_POINT('',(0.0645724397714236,-0.0027778080308404,-0.0715));
#9192=CARTESIAN_POINT('',(0.0695549403090461,-0.00740267298150554,-0.0685));
#9193=CARTESIAN_POINT('',(0.0646520902992614,-0.00270355976959194,-0.0715));
#9194=CARTESIAN_POINT('',(0.0596035208707598,-0.00740971190736013,-0.0685));
#9195=CARTESIAN_POINT('',(0.086826502361968,-0.00239810557274357,-0.07437));
#9196=CARTESIAN_POINT('',(0.0422181459718169,-0.00812092622901381,-0.07437));
#9197=CARTESIAN_POINT('',(0.0364907121215211,-0.00279518816874551,-0.07437));
#9198=CARTESIAN_POINT('',(0.0414653607015491,-0.00742093784505937,-0.07437));
#9199=CARTESIAN_POINT('',(0.0307695841912071,-0.00811886160597002,-0.07437));
#9200=CARTESIAN_POINT('',(0.0315139401741427,-0.00742621703964302,-0.07437));
#9201=CARTESIAN_POINT('',(0.0868291541907451,-0.00739687250763115,-0.07437));
#9202=CARTESIAN_POINT('',(0.0422181459718169,-0.00812092622901381,-0.0715));
#9203=CARTESIAN_POINT('',(0.0364907121215211,-0.00279518816874551,-0.0715));
#9204=CARTESIAN_POINT('',(0.0414653607015491,-0.00742093784505937,-0.0685));
#9205=CARTESIAN_POINT('',(0.0307695841912071,-0.00811886160597002,-0.0715));
#9206=CARTESIAN_POINT('',(0.0315139401741427,-0.00742621703964302,-0.0685));
#9207=CARTESIAN_POINT('',(0.086826502361968,-0.00239810557274357,-0.07437));
#9208=CARTESIAN_POINT('',(0.0983137932272431,-0.00808271882637855,-0.07437));
#9209=CARTESIAN_POINT('',(0.0925854177046406,-0.00275799364397196,-0.07437));
#9210=CARTESIAN_POINT('',(0.0975608841882753,-0.00738286357002621,-0.07437));
#9211=CARTESIAN_POINT('',(0.0868652312605376,-0.00808267867746727,-0.07437));
#9212=CARTESIAN_POINT('',(0.0876094647499889,-0.00738990249588094,-0.07437));
#9213=CARTESIAN_POINT('',(0.0868300335937989,-0.00739045381000766,-0.07437));
#9214=CARTESIAN_POINT('',(0.0868652312605376,-0.00808267867746727,-0.0715));
#9215=CARTESIAN_POINT('',(0.0925854177046406,-0.00275799364397196,-0.0715));
#9216=CARTESIAN_POINT('',(0.0876094647499889,-0.00738990249588094,-0.0685));
#9217=CARTESIAN_POINT('',(0.0983137932272431,-0.00808271882637855,-0.0715));
#9218=CARTESIAN_POINT('',(0.0975608841882753,-0.00738286357002621,-0.0685));
#9219=CARTESIAN_POINT('',(0.086826502361968,-0.00239810557274357,-0.07437));
#9220=CARTESIAN_POINT('',(0.0142045042121626,-0.00812764932429242,-0.07437));
#9221=CARTESIAN_POINT('',(0.0134594137572457,-0.00743579490421088,-0.07437));
#9222=CARTESIAN_POINT('',(0.00847773112246013,-0.002810048959439,-0.07437));
#9223=CARTESIAN_POINT('',(0.00855739477853443,-0.00273581478412748,-0.07437));
#9224=CARTESIAN_POINT('',(0.00350799322983956,-0.0074410740987944,-0.07437));
#9225=CARTESIAN_POINT('',(0.00848833511382432,-0.00743843204444391,-0.07437));
#9226=CARTESIAN_POINT('',(0.0142045042121626,-0.00812764932429242,-0.0715));
#9227=CARTESIAN_POINT('',(0.00847773112246013,-0.002810048959439,-0.0715));
#9228=CARTESIAN_POINT('',(0.0134594137572457,-0.00743579490421088,-0.0685));
#9229=CARTESIAN_POINT('',(0.00855739477853443,-0.00273581478412748,-0.0715));
#9230=CARTESIAN_POINT('',(0.00855739477853443,-0.00273581478412748,-0.07163));
#9231=CARTESIAN_POINT('',(-0.00182413096064159,-0.0124097870783963,-0.07163));
#9232=CARTESIAN_POINT('',(0.00350799322983956,-0.0074410740987944,-0.0685));
#9233=CARTESIAN_POINT('',(0.086826502361968,-0.00239810557274357,-0.07163));
#9234=CARTESIAN_POINT('',(-0.00182413096064159,-0.0124097870783963,-0.07163));
#9235=CARTESIAN_POINT('',(0.086826502361968,-0.00239810557274357,-0.07437));
#9236=CARTESIAN_POINT('',(0.0702910277678842,0.00334748979753958,-0.07437));
#9237=CARTESIAN_POINT('',(0.0695494596249779,0.00265426494928094,-0.07437));
#9238=CARTESIAN_POINT('',(0.0645707880766998,-0.00199984386270075,-0.07437));
#9239=CARTESIAN_POINT('',(0.0868157116051184,0.00269087657834353,-0.07437));
#9240=CARTESIAN_POINT('',(0.0595795573769555,0.00263312461359519,-0.07437));
#9241=CARTESIAN_POINT('',(0.0646581164580872,-0.00208090395837513,-0.07437));
#9242=CARTESIAN_POINT('',(0.0702910277678842,0.00334748979753958,-0.0715));
#9243=CARTESIAN_POINT('',(0.0695494596249779,0.00265426494928094,-0.0685));
#9244=CARTESIAN_POINT('',(0.0645707880766998,-0.00199984386270075,-0.0715));
#9245=CARTESIAN_POINT('',(0.0646581164580872,-0.00208090395837513,-0.0715));
#9246=CARTESIAN_POINT('',(0.0595795573769555,0.00263312461359519,-0.0685));
#9247=CARTESIAN_POINT('',(0.086826502361968,-0.00239810557274357,-0.07437));
#9248=CARTESIAN_POINT('',(0.0925151387198477,-0.00204596075268593,-0.07437));
#9249=CARTESIAN_POINT('',(0.0975706404896242,0.00265999680191232,-0.07437));
#9250=CARTESIAN_POINT('',(0.0925859688452948,-0.00198002791770336,-0.07437));
#9251=CARTESIAN_POINT('',(0.092580997811352,0.00266351826748304,-0.07437));
#9252=CARTESIAN_POINT('',(0.0876007183114383,0.00266703312494325,-0.07437));
#9253=CARTESIAN_POINT('',(0.0868581702352165,0.00335920821501504,-0.07437));
#9254=CARTESIAN_POINT('',(0.0868581702352165,0.00335920821501504,-0.0715));
#9255=CARTESIAN_POINT('',(0.0925859688452948,-0.00198002791770336,-0.0715));
#9256=CARTESIAN_POINT('',(0.0876007183114383,0.00266703312494325,-0.0685));
#9257=CARTESIAN_POINT('',(0.0925151387198477,-0.00204596075268593,-0.0715));
#9258=CARTESIAN_POINT('',(0.0975706404896242,0.00265999680191232,-0.0685));
#9259=CARTESIAN_POINT('',(0.086826502361968,-0.00239810557274357,-0.07437));
#9260=CARTESIAN_POINT('',(0.036420559048153,-0.00208314286100609,-0.07437));
#9261=CARTESIAN_POINT('',(0.0414768929036059,0.00262192064463296,-0.07437));
#9262=CARTESIAN_POINT('',(0.0364914008315395,-0.00201722255209957,-0.07437));
#9263=CARTESIAN_POINT('',(0.036487250926054,0.00262632443952462,-0.07437));
#9264=CARTESIAN_POINT('',(0.0315069721255461,0.00263071997059467,-0.07437));
#9265=CARTESIAN_POINT('',(0.0307645464597616,0.00332302635623719,-0.07437));
#9266=CARTESIAN_POINT('',(0.0307645464597616,0.00332302635623719,-0.0715));
#9267=CARTESIAN_POINT('',(0.0364914008315395,-0.00201722255209957,-0.0715));
#9268=CARTESIAN_POINT('',(0.0315069721255461,0.00263071997059467,-0.0685));
#9269=CARTESIAN_POINT('',(0.036420559048153,-0.00208314286100609,-0.0715));
#9270=CARTESIAN_POINT('',(0.0414768929036059,0.00262192064463296,-0.0685));
#9271=CARTESIAN_POINT('',(0.086826502361968,-0.00239810557274357,-0.07437));
#9272=CARTESIAN_POINT('',(0.01419740217926,0.00331423754280987,-0.07437));
#9273=CARTESIAN_POINT('',(0.0134557114634892,0.00262114383849859,-0.07437));
#9274=CARTESIAN_POINT('',(0.00847621699685953,-0.00203208451138981,-0.07437));
#9275=CARTESIAN_POINT('',(0.0868164699147223,0.00276372653467141,-0.07437));
#9276=CARTESIAN_POINT('',(0.00348580563305217,0.00260176650265986,-0.07437));
#9277=CARTESIAN_POINT('',(0.00273377200768875,0.00330006800997912,-0.07437));
#9278=CARTESIAN_POINT('',(0.01419740217926,0.00331423754280987,-0.0715));
#9279=CARTESIAN_POINT('',(0.00847621699685953,-0.00203208451138981,-0.0715));
#9280=CARTESIAN_POINT('',(0.0134557114634892,0.00262114383849859,-0.0685));
#9281=CARTESIAN_POINT('',(0.00273377200768875,0.00330006800997912,-0.0715));
#9282=CARTESIAN_POINT('',(0.00348580563305217,0.00260176650265986,-0.0685));
#9283=CARTESIAN_POINT('',(-0.00185102658341431,0.00755728691475248,-0.07163));
#9284=CARTESIAN_POINT('',(0.00273377200768875,0.00330006800997912,-0.07163));
#9285=CARTESIAN_POINT('',(0.086826502361968,-0.00239810557274357,-0.07163));
#9286=CARTESIAN_POINT('',(0.00013,0.0075611372036183,-0.07163));
#9287=CARTESIAN_POINT('',(0.091,0.00887,-1.38777878078145E-17));
#9288=CARTESIAN_POINT('',(0.07425,0.00887,-0.06313));
#9289=CARTESIAN_POINT('',(0.14837,0.00887,-0.06313));
#9290=CARTESIAN_POINT('',(0.14837,0.00887,-0.068));
#9291=CARTESIAN_POINT('',(0.14837,0.009,-0.068));
#9292=CARTESIAN_POINT('',(0.14837,0.,0.));
#9293=CARTESIAN_POINT('',(0.14837,0.,-0.06313));
#9294=CARTESIAN_POINT('',(0.14837,0.009,-0.06313));
#9295=CARTESIAN_POINT('',(0.07425,0.009,-0.06313));
#9296=CARTESIAN_POINT('',(0.182,0.,-0.06313));
#9297=CARTESIAN_POINT('',(0.086826502361968,-0.00239810557274357,-0.07487));
#9298=CARTESIAN_POINT('',(0.143996285978005,-0.00927026621962423,-0.07487));
#9299=CARTESIAN_POINT('',(0.143996285978005,-0.0129971973894401,-0.07487));
#9300=CARTESIAN_POINT('',(0.143996285978005,-0.0054001559479653,-0.07487));
#9301=CARTESIAN_POINT('',(0.145265715439237,-0.0129971973894401,-0.07487));
#9302=CARTESIAN_POINT('',(0.146535144900469,-0.0129971973894401,-0.07487));
#9303=CARTESIAN_POINT('',(0.146535144900469,-0.00239833057880987,-0.07487));
#9304=CARTESIAN_POINT('',(0.146535144900469,0.00820053623182041,-0.07487));
#9305=CARTESIAN_POINT('',(0.145265715439237,0.00820053623182041,-0.07487));
#9306=CARTESIAN_POINT('',(0.143996285978005,0.00820053623182041,-0.07487));
#9307=CARTESIAN_POINT('',(0.143996285978005,0.00403986780900186,-0.07487));
#9308=CARTESIAN_POINT('',(0.143996285978005,-0.000509817919397218,-0.07487));
#9309=CARTESIAN_POINT('',(0.140132390167218,-0.00547874548610968,-0.07487));
#9310=CARTESIAN_POINT('',(0.13394122398802,-0.00434323091491089,-0.07487));
#9311=CARTESIAN_POINT('',(0.13394122398802,-0.00872933312653057,-0.07487));
#9312=CARTESIAN_POINT('',(0.13394122398802,-0.0129971973894401,-0.07487));
#9313=CARTESIAN_POINT('',(0.135210648888187,-0.0129971973894401,-0.07487));
#9314=CARTESIAN_POINT('',(0.136480073788354,-0.0129971973894401,-0.07487));
#9315=CARTESIAN_POINT('',(0.136480073788354,-0.00927026621962521,-0.07487));
#9316=CARTESIAN_POINT('',(0.136480073788354,-0.00540015594796625,-0.07487));
#9317=CARTESIAN_POINT('',(0.14023817988318,-0.00616326038860376,-0.07487));
#9318=CARTESIAN_POINT('',(0.145265715439237,0.00820053623182041,-0.072));
#9319=CARTESIAN_POINT('',(0.143996285978005,0.00820053623182041,-0.072));
#9320=CARTESIAN_POINT('',(0.146535144900469,0.00820053623182041,-0.072));
#9321=CARTESIAN_POINT('',(0.140132390167218,-0.00547874548610968,-0.072));
#9322=CARTESIAN_POINT('',(0.13394122398802,-0.00434323091491089,-0.07287));
#9323=CARTESIAN_POINT('',(0.143996285978005,-0.000509817919397218,-0.07287));
#9324=CARTESIAN_POINT('',(0.143996285978005,0.00403986780900186,-0.072));
#9325=CARTESIAN_POINT('',(0.146535144900469,-0.00239833057880987,-0.072));
#9326=CARTESIAN_POINT('',(0.146535144900469,-0.0129971973894401,-0.072));
#9327=CARTESIAN_POINT('',(0.14023817988318,-0.00616326038860376,-0.072));
#9328=CARTESIAN_POINT('',(0.143996285978005,-0.0054001559479653,-0.07287));
#9329=CARTESIAN_POINT('',(0.136480073788354,-0.00540015594796625,-0.07287));
#9330=CARTESIAN_POINT('',(0.136480073788354,-0.00927026621962521,-0.072));
#9331=CARTESIAN_POINT('',(0.136480073788354,-0.0129971973894401,-0.072));
#9332=CARTESIAN_POINT('',(0.135210648888187,-0.0129971973894401,-0.072));
#9333=CARTESIAN_POINT('',(0.13394122398802,-0.0129971973894401,-0.072));
#9334=CARTESIAN_POINT('',(0.13394122398802,-0.00872933312653057,-0.072));
#9335=CARTESIAN_POINT('',(0.145265715439237,-0.0129971973894401,-0.072));
#9336=CARTESIAN_POINT('',(0.143996285978005,-0.0129971973894401,-0.072));
#9337=CARTESIAN_POINT('',(0.143996285978005,-0.00927026621962423,-0.072));
#9338=CARTESIAN_POINT('',(0.005,-6.05769746471196E-5,0.068));
#9339=CARTESIAN_POINT('',(0.005,-0.000470009698595669,0.068));
#9340=CARTESIAN_POINT('',(0.182,-0.00699174753204383,-1.24088345308607E-5));
#9341=CARTESIAN_POINT('',(0.182,0.,0.));
#9342=CARTESIAN_POINT('',(0.165555005140557,0.0034738420211025,-0.0715));
#9343=CARTESIAN_POINT('',(0.161458355773031,0.00790054261693129,-0.0715));
#9344=CARTESIAN_POINT('',(0.168852668404371,0.00264026465938384,-0.0715));
#9345=CARTESIAN_POINT('',(0.164042740810356,0.00790054261693129,-0.0715));
#9346=CARTESIAN_POINT('',(0.173927190373253,-0.00290938147067747,-0.0715));
#9347=CARTESIAN_POINT('',(0.173927190373253,0.00272798992631982,-0.0715));
#9348=CARTESIAN_POINT('',(0.173927190373253,0.00790054261693129,-0.0715));
#9349=CARTESIAN_POINT('',(0.176152323187653,-0.00266114460434134,-0.0715));
#9350=CARTESIAN_POINT('',(0.176152323187653,0.00790054261693129,-0.0715));
#9351=CARTESIAN_POINT('',(0.162630473056572,0.00790054261693129,-0.0715));
#9352=CARTESIAN_POINT('',(0.175039756780453,0.00790054261693129,-0.0715));
#9353=CARTESIAN_POINT('',(0.126503159801853,-0.0034306046326273,-0.0685));
#9354=CARTESIAN_POINT('',(0.12067938272691,-0.00736402679860721,-0.0685));
#9355=CARTESIAN_POINT('',(0.114831673253205,-0.00237334448951754,-0.0685));
#9356=CARTESIAN_POINT('',(0.0984202815442526,-0.00235705739936122,-0.0685));
#9357=CARTESIAN_POINT('',(0.0868300335937989,-0.00739045381000766,-0.0685));
#9358=CARTESIAN_POINT('',(0.0867497604990684,-0.00239815985447556,-0.0685));
#9359=CARTESIAN_POINT('',(0.0704083347491711,-0.0034737968950501,-0.0685));
#9360=CARTESIAN_POINT('',(0.0587370378171068,-0.00241797406079742,-0.0685));
#9361=CARTESIAN_POINT('',(0.0645838622096776,-0.00740618916835465,-0.0685));
#9362=CARTESIAN_POINT('',(0.0868291541907451,-0.00739687250763115,-0.0685));
#9363=CARTESIAN_POINT('',(0.042325646768335,-0.00239528372207706,-0.0685));
#9364=CARTESIAN_POINT('',(0.0306551152325732,-0.00242790430166567,-0.0685));
#9365=CARTESIAN_POINT('',(0.0143135029357388,-0.00350706978677915,-0.0685));
#9366=CARTESIAN_POINT('',(0.00848833511382432,-0.00743843204444391,-0.0685));
#9367=CARTESIAN_POINT('',(0.00264238948479575,-0.00244276495694922,-0.0685));
#9368=CARTESIAN_POINT('',(0.0868164699147223,0.00276372653467141,-0.0685));
#9369=CARTESIAN_POINT('',(0.036487250926054,0.00262632443952462,-0.0685));
#9370=CARTESIAN_POINT('',(0.0868157116051184,0.00269087657834353,-0.0685));
#9371=CARTESIAN_POINT('',(0.092580997811352,0.00266351826748304,-0.0685));
#9372=CARTESIAN_POINT('',(0.0868150018467357,0.00260810721350674,-0.0685));
#9373=CARTESIAN_POINT('',(0.00814422324895858,-0.004,-0.0125977130010724));
#9374=CARTESIAN_POINT('',(0.00814422324895858,-0.004,-0.0125977130010724));
#9375=CARTESIAN_POINT('',(0.00814422324895859,-0.004,0.0128973341211677));
#9376=CARTESIAN_POINT('',(0.00814422324895859,-0.004,0.0128973341211677));
#9377=CARTESIAN_POINT('',(0.091,-0.004,-1.38777878078145E-17));
#9378=CARTESIAN_POINT('',(0.,0.,0.));
#9379=CARTESIAN_POINT('',(0.00814422324895859,0.003,0.0128973341211677));
#9380=CARTESIAN_POINT('',(0.00814422324895859,0.,0.0128973341211677));
#9381=CARTESIAN_POINT('',(0.0162884464979172,0.,0.0190456154420972));
#9382=CARTESIAN_POINT('',(5.20417042793042E-18,0.,0.00674905280023814));
#9383=CARTESIAN_POINT('',(5.20417042793042E-18,0.003,0.00674905280023814));
#9384=CARTESIAN_POINT('',(5.20417042793042E-18,0.003,0.00674905280023814));
#9385=CARTESIAN_POINT('',(0.00814422324895859,0.003,0.0128973341211677));
#9386=CARTESIAN_POINT('',(0.0162884464979172,0.003,0.0190456154420972));
#9387=CARTESIAN_POINT('',(0.0162884464979172,0.003,0.0190456154420972));
#9388=CARTESIAN_POINT('',(0.,0.003,0.0348745264001191));
#9389=CARTESIAN_POINT('',(0.,0.,0.0348745264001191));
#9390=CARTESIAN_POINT('',(0.,0.,0.063));
#9391=CARTESIAN_POINT('',(0.,0.003,0.063));
#9392=CARTESIAN_POINT('',(0.,0.003,0.063));
#9393=CARTESIAN_POINT('',(0.,0.003,0.0348745264001191));
#9394=CARTESIAN_POINT('',(0.086,0.003,0.063));
#9395=CARTESIAN_POINT('',(0.086,0.,0.063));
#9396=CARTESIAN_POINT('',(0.172,0.,0.063));
#9397=CARTESIAN_POINT('',(0.172,0.003,0.063));
#9398=CARTESIAN_POINT('',(0.172,0.003,0.063));
#9399=CARTESIAN_POINT('',(0.086,0.003,0.063));
#9400=CARTESIAN_POINT('',(0.172,0.003,1.38777878078145E-17));
#9401=CARTESIAN_POINT('',(0.172,0.,1.38777878078145E-17));
#9402=CARTESIAN_POINT('',(0.172,0.,-0.063));
#9403=CARTESIAN_POINT('',(0.172,0.003,-0.063));
#9404=CARTESIAN_POINT('',(0.172,0.003,-0.063));
#9405=CARTESIAN_POINT('',(0.172,0.003,1.38777878078145E-17));
#9406=CARTESIAN_POINT('',(0.16625,0.003,-0.063));
#9407=CARTESIAN_POINT('',(0.16625,0.,-0.063));
#9408=CARTESIAN_POINT('',(0.,0.,-0.063));
#9409=CARTESIAN_POINT('',(0.,0.003,-0.063));
#9410=CARTESIAN_POINT('',(0.,0.003,-0.063));
#9411=CARTESIAN_POINT('',(0.16625,0.003,-0.063));
#9412=CARTESIAN_POINT('',(0.,0.003,-0.0347247158400715));
#9413=CARTESIAN_POINT('',(0.,0.,-0.0347247158400715));
#9414=CARTESIAN_POINT('',(0.,0.,-0.00644943168014288));
#9415=CARTESIAN_POINT('',(0.,0.003,-0.00644943168014288));
#9416=CARTESIAN_POINT('',(0.,0.003,-0.00644943168014288));
#9417=CARTESIAN_POINT('',(0.,0.003,-0.0347247158400715));
#9418=CARTESIAN_POINT('',(0.00814422324895858,0.003,-0.0125977130010724));
#9419=CARTESIAN_POINT('',(0.00814422324895858,0.,-0.0125977130010724));
#9420=CARTESIAN_POINT('',(0.0162884464979172,0.,-0.018745994322002));
#9421=CARTESIAN_POINT('',(0.0162884464979172,0.003,-0.018745994322002));
#9422=CARTESIAN_POINT('',(0.0162884464979172,0.003,-0.018745994322002));
#9423=CARTESIAN_POINT('',(0.00814422324895858,0.003,-0.0125977130010724));
#9424=CARTESIAN_POINT('',(0.0288851713129049,0.003,-0.00834855832979452));
#9425=CARTESIAN_POINT('',(0.0288851713129049,0.,-0.00834855832979452));
#9426=CARTESIAN_POINT('',(0.045171066236496,0.,-0.00959506457298994));
#9427=CARTESIAN_POINT('',(0.045171066236496,0.003,-0.00959506457298994));
#9428=CARTESIAN_POINT('',(0.045171066236496,0.003,-0.00959506457298994));
#9429=CARTESIAN_POINT('',(0.0288851713129049,0.003,-0.00834855832979452));
#9430=CARTESIAN_POINT('',(0.0455439977747836,0.003,-0.00472262700647116));
#9431=CARTESIAN_POINT('',(0.0455439977747836,0.,-0.00472262700647116));
#9432=CARTESIAN_POINT('',(0.0459169293130712,0.,0.000149810560047626));
#9433=CARTESIAN_POINT('',(0.0459169293130712,0.003,0.000149810560047626));
#9434=CARTESIAN_POINT('',(0.0459169293130712,0.003,0.000149810560047626));
#9435=CARTESIAN_POINT('',(0.0455439977747836,0.003,-0.00472262700647116));
#9436=CARTESIAN_POINT('',(0.0455439977747836,0.003,0.00502224812656641));
#9437=CARTESIAN_POINT('',(0.0455439977747836,0.,0.00502224812656641));
#9438=CARTESIAN_POINT('',(0.045171066236496,0.,0.00989468569308519));
#9439=CARTESIAN_POINT('',(0.045171066236496,0.003,0.00989468569308519));
#9440=CARTESIAN_POINT('',(0.045171066236496,0.003,0.00989468569308519));
#9441=CARTESIAN_POINT('',(0.0455439977747836,0.003,0.00502224812656641));
#9442=CARTESIAN_POINT('',(0.0288851713129049,0.003,0.00864817944988978));
#9443=CARTESIAN_POINT('',(0.0288851713129049,0.,0.00864817944988978));
#9444=CARTESIAN_POINT('',(0.0288851713129049,0.003,0.00864817944988978));
#9445=CARTESIAN_POINT('',(0.091,0.003,-1.38777878078145E-17));
#9446=CARTESIAN_POINT('',(0.091,0.,-1.38777878078145E-17));
#9447=CARTESIAN_POINT('',(0.,0.,0.));
#9448=CARTESIAN_POINT('',(0.1545,0.003,-0.063));
#9449=CARTESIAN_POINT('',(0.1545,0.,-0.063));
#9450=CARTESIAN_POINT('',(0.1605,0.,-0.063));
#9451=CARTESIAN_POINT('',(0.1485,0.,-0.063));
#9452=CARTESIAN_POINT('',(0.1605,0.003,-0.063));
#9453=CARTESIAN_POINT('',(0.1605,0.003,-0.063));
#9454=CARTESIAN_POINT('',(0.1545,0.003,-0.063));
#9455=CARTESIAN_POINT('',(0.1485,0.003,-0.063));
#9456=CARTESIAN_POINT('',(0.1485,0.003,-0.063));
#9457=CARTESIAN_POINT('',(0.1605,0.003,-0.068));
#9458=CARTESIAN_POINT('',(0.1605,0.,-0.068));
#9459=CARTESIAN_POINT('',(0.1605,0.,-0.073));
#9460=CARTESIAN_POINT('',(0.1605,0.003,-0.073));
#9461=CARTESIAN_POINT('',(0.1605,0.003,-0.073));
#9462=CARTESIAN_POINT('',(0.1605,0.003,-0.068));
#9463=CARTESIAN_POINT('',(0.1545,0.003,-0.073));
#9464=CARTESIAN_POINT('',(0.1545,0.,-0.073));
#9465=CARTESIAN_POINT('',(0.1485,0.,-0.073));
#9466=CARTESIAN_POINT('',(0.1485,0.003,-0.073));
#9467=CARTESIAN_POINT('',(0.1485,0.003,-0.073));
#9468=CARTESIAN_POINT('',(0.1545,0.003,-0.073));
#9469=CARTESIAN_POINT('',(0.1485,0.003,-0.068));
#9470=CARTESIAN_POINT('',(0.1485,0.,-0.068));
#9471=CARTESIAN_POINT('',(0.1485,0.003,-0.068));
#9472=CARTESIAN_POINT('',(0.091,0.003,-1.38777878078145E-17));
#9473=CARTESIAN_POINT('',(0.091,0.,-1.38777878078145E-17));
#9474=CARTESIAN_POINT('',(0.,0.,0.));
#9475=CARTESIAN_POINT('',(0.177,0.008,0.068));
#9476=CARTESIAN_POINT('',(0.177,0.008,0.068));
#9477=CARTESIAN_POINT('',(0.1787,0.008,0.068));
#9478=CARTESIAN_POINT('',(0.177,0.0031,0.068));
#9479=CARTESIAN_POINT('',(0.1787,0.0031,0.068));
#9480=CARTESIAN_POINT('',(0.177,0.008,0.068));
#9481=CARTESIAN_POINT('',(0.177,0.008,0.068));
#9482=CARTESIAN_POINT('',(0.18,0.008,0.068));
#9483=CARTESIAN_POINT('',(0.177,0.0031,0.068));
#9484=CARTESIAN_POINT('',(0.18,0.0031,0.068));
#9485=CARTESIAN_POINT('',(0.091,0.008,-1.38777878078145E-17));
#9486=CARTESIAN_POINT('',(0.091,0.0031,-1.38777878078145E-17));
#9487=CARTESIAN_POINT('',(0.,0.,0.));
#9488=CARTESIAN_POINT('',(0.177,0.008,-0.068));
#9489=CARTESIAN_POINT('',(0.177,0.008,-0.068));
#9490=CARTESIAN_POINT('',(0.18,0.008,-0.068));
#9491=CARTESIAN_POINT('',(0.177,0.0031,-0.068));
#9492=CARTESIAN_POINT('',(0.18,0.0031,-0.068));
#9493=CARTESIAN_POINT('',(0.177,0.008,-0.068));
#9494=CARTESIAN_POINT('',(0.177,0.008,-0.068));
#9495=CARTESIAN_POINT('',(0.1787,0.008,-0.068));
#9496=CARTESIAN_POINT('',(0.177,0.0031,-0.068));
#9497=CARTESIAN_POINT('',(0.1787,0.0031,-0.068));
#9498=CARTESIAN_POINT('',(0.091,0.008,-1.38777878078145E-17));
#9499=CARTESIAN_POINT('',(0.091,0.0031,-1.38777878078145E-17));
#9500=MECHANICAL_DESIGN_GEOMETRIC_PRESENTATION_REPRESENTATION('',(#5389,
#21,#22,#23,#24,#25,#26,#27,#28,#29,#30,#31,#32,#33,#34,#35,#36,#37,#38,
#39,#40,#41,#42,#43,#44,#45,#46,#47,#48,#49,#50,#51,#52,#53,#54,#55,#56,
#57,#58,#59,#60,#61,#62,#63,#64,#65,#66,#67,#68,#69,#70,#71,#72,#73,#74,
#75,#76,#77,#78,#79,#80,#81,#82,#83,#84,#85,#86,#87,#88,#89,#90,#91,#92,
#93,#94,#95,#96,#97,#98,#99,#100,#101,#102,#103,#104,#105,#106,#107,#108,
#109,#110,#111,#112,#113,#114,#115,#116,#117,#118,#119,#120,#121,#122,#123,
#124,#125,#126,#127,#128,#129,#130,#131,#132,#133,#134,#135),#9505);
#9501=MECHANICAL_DESIGN_GEOMETRIC_PRESENTATION_REPRESENTATION('',(#5390),
#9506);
#9502=MECHANICAL_DESIGN_GEOMETRIC_PRESENTATION_REPRESENTATION('',(#5391),
#9507);
#9503=MECHANICAL_DESIGN_GEOMETRIC_PRESENTATION_REPRESENTATION('',(#5392),
#9508);
#9504=MECHANICAL_DESIGN_GEOMETRIC_PRESENTATION_REPRESENTATION('',(#5393),
#9509);
#9505=(
GEOMETRIC_REPRESENTATION_CONTEXT(3)
GLOBAL_UNCERTAINTY_ASSIGNED_CONTEXT((#9510))
GLOBAL_UNIT_ASSIGNED_CONTEXT((#9525,#9520,#9515))
REPRESENTATION_CONTEXT('Part 5','TOP_LEVEL_ASSEMBLY_PART')
);
#9506=(
GEOMETRIC_REPRESENTATION_CONTEXT(3)
GLOBAL_UNCERTAINTY_ASSIGNED_CONTEXT((#9511))
GLOBAL_UNIT_ASSIGNED_CONTEXT((#9526,#9521,#9516))
REPRESENTATION_CONTEXT('Part 3','TOP_LEVEL_ASSEMBLY_PART')
);
#9507=(
GEOMETRIC_REPRESENTATION_CONTEXT(3)
GLOBAL_UNCERTAINTY_ASSIGNED_CONTEXT((#9512))
GLOBAL_UNIT_ASSIGNED_CONTEXT((#9527,#9522,#9517))
REPRESENTATION_CONTEXT('Part 4','TOP_LEVEL_ASSEMBLY_PART')
);
#9508=(
GEOMETRIC_REPRESENTATION_CONTEXT(3)
GLOBAL_UNCERTAINTY_ASSIGNED_CONTEXT((#9513))
GLOBAL_UNIT_ASSIGNED_CONTEXT((#9528,#9523,#9518))
REPRESENTATION_CONTEXT('Part 1','TOP_LEVEL_ASSEMBLY_PART')
);
#9509=(
GEOMETRIC_REPRESENTATION_CONTEXT(3)
GLOBAL_UNCERTAINTY_ASSIGNED_CONTEXT((#9514))
GLOBAL_UNIT_ASSIGNED_CONTEXT((#9529,#9524,#9519))
REPRESENTATION_CONTEXT('Part 2','TOP_LEVEL_ASSEMBLY_PART')
);
#9510=UNCERTAINTY_MEASURE_WITH_UNIT(LENGTH_MEASURE(1.E-8),#9525,
'DISTANCE_ACCURACY_VALUE','Maximum Tolerance applied to model');
#9511=UNCERTAINTY_MEASURE_WITH_UNIT(LENGTH_MEASURE(1.E-8),#9526,
'DISTANCE_ACCURACY_VALUE','Maximum Tolerance applied to model');
#9512=UNCERTAINTY_MEASURE_WITH_UNIT(LENGTH_MEASURE(1.E-8),#9527,
'DISTANCE_ACCURACY_VALUE','Maximum Tolerance applied to model');
#9513=UNCERTAINTY_MEASURE_WITH_UNIT(LENGTH_MEASURE(1.E-8),#9528,
'DISTANCE_ACCURACY_VALUE','Maximum Tolerance applied to model');
#9514=UNCERTAINTY_MEASURE_WITH_UNIT(LENGTH_MEASURE(1.E-8),#9529,
'DISTANCE_ACCURACY_VALUE','Maximum Tolerance applied to model');
#9515=(
NAMED_UNIT(*)
SI_UNIT($,.STERADIAN.)
SOLID_ANGLE_UNIT()
);
#9516=(
NAMED_UNIT(*)
SI_UNIT($,.STERADIAN.)
SOLID_ANGLE_UNIT()
);
#9517=(
NAMED_UNIT(*)
SI_UNIT($,.STERADIAN.)
SOLID_ANGLE_UNIT()
);
#9518=(
NAMED_UNIT(*)
SI_UNIT($,.STERADIAN.)
SOLID_ANGLE_UNIT()
);
#9519=(
NAMED_UNIT(*)
SI_UNIT($,.STERADIAN.)
SOLID_ANGLE_UNIT()
);
#9520=(
NAMED_UNIT(*)
PLANE_ANGLE_UNIT()
SI_UNIT($,.RADIAN.)
);
#9521=(
NAMED_UNIT(*)
PLANE_ANGLE_UNIT()
SI_UNIT($,.RADIAN.)
);
#9522=(
NAMED_UNIT(*)
PLANE_ANGLE_UNIT()
SI_UNIT($,.RADIAN.)
);
#9523=(
NAMED_UNIT(*)
PLANE_ANGLE_UNIT()
SI_UNIT($,.RADIAN.)
);
#9524=(
NAMED_UNIT(*)
PLANE_ANGLE_UNIT()
SI_UNIT($,.RADIAN.)
);
#9525=(
LENGTH_UNIT()
NAMED_UNIT(*)
SI_UNIT($,.METRE.)
);
#9526=(
LENGTH_UNIT()
NAMED_UNIT(*)
SI_UNIT($,.METRE.)
);
#9527=(
LENGTH_UNIT()
NAMED_UNIT(*)
SI_UNIT($,.METRE.)
);
#9528=(
LENGTH_UNIT()
NAMED_UNIT(*)
SI_UNIT($,.METRE.)
);
#9529=(
LENGTH_UNIT()
NAMED_UNIT(*)
SI_UNIT($,.METRE.)
);
#9530=PRODUCT_DEFINITION_SHAPE('','',#9535);
#9531=PRODUCT_DEFINITION_SHAPE('','',#9536);
#9532=PRODUCT_DEFINITION_SHAPE('','',#9537);
#9533=PRODUCT_DEFINITION_SHAPE('','',#9538);
#9534=PRODUCT_DEFINITION_SHAPE('','',#9539);
#9535=PRODUCT_DEFINITION('','',#9545,#9540);
#9536=PRODUCT_DEFINITION('','',#9546,#9541);
#9537=PRODUCT_DEFINITION('','',#9547,#9542);
#9538=PRODUCT_DEFINITION('','',#9548,#9543);
#9539=PRODUCT_DEFINITION('','',#9549,#9544);
#9540=PRODUCT_DEFINITION_CONTEXT('',#9575,'design');
#9541=PRODUCT_DEFINITION_CONTEXT('',#9576,'design');
#9542=PRODUCT_DEFINITION_CONTEXT('',#9577,'design');
#9543=PRODUCT_DEFINITION_CONTEXT('',#9578,'design');
#9544=PRODUCT_DEFINITION_CONTEXT('',#9579,'design');
#9545=PRODUCT_DEFINITION_FORMATION_WITH_SPECIFIED_SOURCE('','',#9555,
 .NOT_KNOWN.);
#9546=PRODUCT_DEFINITION_FORMATION_WITH_SPECIFIED_SOURCE('','',#9556,
 .NOT_KNOWN.);
#9547=PRODUCT_DEFINITION_FORMATION_WITH_SPECIFIED_SOURCE('','',#9557,
 .NOT_KNOWN.);
#9548=PRODUCT_DEFINITION_FORMATION_WITH_SPECIFIED_SOURCE('','',#9558,
 .NOT_KNOWN.);
#9549=PRODUCT_DEFINITION_FORMATION_WITH_SPECIFIED_SOURCE('','',#9559,
 .NOT_KNOWN.);
#9550=PRODUCT_RELATED_PRODUCT_CATEGORY('','',(#9555));
#9551=PRODUCT_RELATED_PRODUCT_CATEGORY('','',(#9556));
#9552=PRODUCT_RELATED_PRODUCT_CATEGORY('','',(#9557));
#9553=PRODUCT_RELATED_PRODUCT_CATEGORY('','',(#9558));
#9554=PRODUCT_RELATED_PRODUCT_CATEGORY('','',(#9559));
#9555=PRODUCT('Part 5','Part 5','Part 5',(#9565));
#9556=PRODUCT('Part 3','Part 3','Part 3',(#9566));
#9557=PRODUCT('Part 4','Part 4','Part 4',(#9567));
#9558=PRODUCT('Part 1','Part 1','Part 1',(#9568));
#9559=PRODUCT('Part 2','Part 2','Part 2',(#9569));
#9560=PRODUCT_CATEGORY('','');
#9561=PRODUCT_CATEGORY('','');
#9562=PRODUCT_CATEGORY('','');
#9563=PRODUCT_CATEGORY('','');
#9564=PRODUCT_CATEGORY('','');
#9565=PRODUCT_CONTEXT('',#9575,'mechanical');
#9566=PRODUCT_CONTEXT('',#9576,'mechanical');
#9567=PRODUCT_CONTEXT('',#9577,'mechanical');
#9568=PRODUCT_CONTEXT('',#9578,'mechanical');
#9569=PRODUCT_CONTEXT('',#9579,'mechanical');
#9570=APPLICATION_PROTOCOL_DEFINITION('international standard',
'ap242_managed_model_based_3d_engineering',2011,#9575);
#9571=APPLICATION_PROTOCOL_DEFINITION('international standard',
'ap242_managed_model_based_3d_engineering',2011,#9576);
#9572=APPLICATION_PROTOCOL_DEFINITION('international standard',
'ap242_managed_model_based_3d_engineering',2011,#9577);
#9573=APPLICATION_PROTOCOL_DEFINITION('international standard',
'ap242_managed_model_based_3d_engineering',2011,#9578);
#9574=APPLICATION_PROTOCOL_DEFINITION('international standard',
'ap242_managed_model_based_3d_engineering',2011,#9579);
#9575=APPLICATION_CONTEXT('managed model based 3d engineering');
#9576=APPLICATION_CONTEXT('managed model based 3d engineering');
#9577=APPLICATION_CONTEXT('managed model based 3d engineering');
#9578=APPLICATION_CONTEXT('managed model based 3d engineering');
#9579=APPLICATION_CONTEXT('managed model based 3d engineering');
ENDSEC;
END-ISO-10303-21;
